UDI,Product ID,Type,Air temperature [K],Process temperature [K],Rotational speed [rpm],Torque [Nm],Tool wear [min],Machine failure,TWF,HDF,PWF,OSF,RNF,Temperature difference,Average Temperature,Power,Downtime_Hours,Maintenance_Cost
1,M14860,2,298.1,308.6,1551,42.8,0,0,0,0,0,0,0,10.5,303.35,66382.79999999999,0.23,0.0
2,L47181,1,298.2,308.7,1408,46.3,3,0,0,0,0,0,0,10.5,303.45,65190.399999999994,0.07,291.35
3,L47182,1,298.1,308.5,1498,49.4,5,0,0,0,0,0,0,10.399999999999977,303.3,74001.2,0.25,469.27
4,L47183,1,298.2,308.6,1433,39.5,7,0,0,0,0,0,0,10.400000000000034,303.4,56603.5,0.05,420.45
5,L47184,1,298.2,308.7,1408,40.0,9,0,0,0,0,0,0,10.5,303.45,56320.0,0.11,306.73
6,M14865,2,298.1,308.6,1425,41.9,11,0,0,0,0,0,0,10.5,303.35,59707.5,0.12,240.59
7,L47186,1,298.1,308.6,1558,42.4,14,0,0,0,0,0,0,10.5,303.35,66059.2,0.09,353.67
8,L47187,1,298.1,308.6,1527,40.2,16,0,0,0,0,0,0,10.5,303.35,61385.4,0.0,0.0
9,M14868,2,298.3,308.7,1667,28.6,18,0,0,0,0,0,0,10.399999999999977,303.5,47676.200000000004,0.07,100.69
10,M14869,2,298.5,309.0,1741,28.0,21,0,0,0,0,0,0,10.5,303.75,48748.0,0.1,195.36
11,H29424,0,298.4,308.9,1782,23.9,24,0,0,0,0,0,0,10.5,303.65,42589.799999999996,0.09,415.33
12,H29425,0,298.6,309.1,1423,44.3,29,0,0,0,0,0,0,10.5,303.85,63038.899999999994,0.24,256.62
13,M14872,2,298.6,309.1,1339,51.1,34,0,0,0,0,0,0,10.5,303.85,68422.90000000001,0.01,35.69
14,M14873,2,298.6,309.2,1742,30.0,37,0,0,0,0,0,0,10.599999999999966,303.9,52260.0,0.12,340.48
15,L47194,1,298.6,309.2,2035,19.6,40,0,0,0,0,0,0,10.599999999999966,303.9,39886.0,0.01,317.63
16,L47195,1,298.6,309.2,1542,48.4,42,0,0,0,0,0,0,10.599999999999966,303.9,74632.8,0.28,384.54
17,M14876,2,298.6,309.2,1311,46.6,44,0,0,0,0,0,0,10.599999999999966,303.9,61092.6,0.24,560.56
18,M14877,2,298.7,309.2,1410,45.6,47,0,0,0,0,0,0,10.5,303.95,64296.0,0.29,730.26
19,H29432,0,298.8,309.2,1306,54.5,50,0,0,0,0,0,0,10.399999999999977,304.0,71177.0,0.27,700.07
20,M14879,2,298.9,309.3,1632,32.5,55,0,0,0,0,0,0,10.400000000000034,304.1,53040.0,0.09,417.99
21,H29434,0,298.9,309.3,1375,42.7,58,0,0,0,0,0,0,10.400000000000034,304.1,58712.50000000001,0.21,486.41
22,L47201,1,298.8,309.3,1450,44.8,63,0,0,0,0,0,0,10.5,304.05,64959.99999999999,0.09,665.34
23,M14882,2,298.9,309.3,1581,30.7,65,0,0,0,0,0,0,10.400000000000034,304.1,48536.7,0.27,597.31
24,L47203,1,299.0,309.4,1758,25.7,68,0,0,0,0,0,0,10.399999999999977,304.2,45180.6,0.12,601.05
25,M14884,2,299.0,309.4,1561,37.3,70,0,0,0,0,0,0,10.399999999999977,304.2,58225.299999999996,0.11,753.74
26,L47205,1,299.0,309.5,1861,23.3,73,0,0,0,0,0,0,10.5,304.25,43361.3,0.27,760.29
27,L47206,1,299.1,309.5,1512,39.0,75,0,0,0,0,0,0,10.399999999999977,304.3,58968.0,0.25,475.44
28,H29441,0,299.1,309.4,1811,24.6,77,0,0,0,0,0,0,10.299999999999955,304.25,44550.600000000006,0.29,489.15
29,L47208,1,299.1,309.4,1439,44.2,82,0,0,0,0,0,0,10.299999999999955,304.25,63603.8,0.02,385.36
30,L47209,1,299.0,309.4,1693,30.1,84,0,0,0,0,0,0,10.399999999999977,304.2,50959.3,0.07,596.42
31,M14890,2,299.1,309.5,1339,48.2,86,0,0,0,0,0,0,10.399999999999977,304.3,64539.8,0.09,586.72
32,L47211,1,299.0,309.4,1798,25.5,89,0,0,0,0,0,0,10.399999999999977,304.2,45849.0,0.13,906.06
33,L47212,1,299.0,309.4,1419,48.3,91,0,0,0,0,0,0,10.399999999999977,304.2,68537.7,0.14,660.26
34,L47213,1,298.9,309.3,1665,32.5,93,0,0,0,0,0,0,10.400000000000034,304.1,54112.5,0.09,505.88
35,M14894,2,298.8,309.1,1559,34.7,95,0,0,0,0,0,0,10.300000000000011,303.95000000000005,54097.3,0.24,545.0
36,M14895,2,298.8,309.2,1452,48.6,98,0,0,0,0,0,0,10.399999999999977,304.0,70567.2,0.07,737.07
37,M14896,2,298.9,309.2,1581,36.7,101,0,0,0,0,0,0,10.300000000000011,304.04999999999995,58022.700000000004,0.21,714.09
38,L47217,1,298.8,309.1,1439,39.2,104,0,0,0,0,0,0,10.300000000000011,303.95000000000005,56408.8,0.26,554.08
39,H29452,0,298.9,309.2,1379,50.7,106,0,0,0,0,0,0,10.300000000000011,304.04999999999995,69915.3,0.18,713.34
40,L47219,1,298.8,309.1,1350,52.5,111,0,0,0,0,0,0,10.300000000000011,303.95000000000005,70875.0,0.11,515.64
41,L47220,1,298.8,309.1,1362,45.4,113,0,0,0,0,0,0,10.300000000000011,303.95000000000005,61834.799999999996,0.06,561.15
42,L47221,1,298.8,309.1,1368,50.8,115,0,0,0,0,0,0,10.300000000000011,303.95000000000005,69494.4,0.04,615.93
43,M14902,2,298.8,309.1,1368,49.1,117,0,0,0,0,0,0,10.300000000000011,303.95000000000005,67168.8,0.22,669.22
44,H29457,0,298.8,309.2,1372,48.5,120,0,0,0,0,0,0,10.399999999999977,304.0,66542.0,0.14,666.86
45,M14904,2,298.8,309.1,1472,47.5,125,0,0,0,0,0,0,10.300000000000011,303.95000000000005,69920.0,0.01,523.38
46,L47225,1,298.8,309.1,1489,49.1,128,0,0,0,0,0,0,10.300000000000011,303.95000000000005,73109.90000000001,0.3,832.41
47,M14906,2,298.7,309.0,1843,25.8,130,0,0,0,0,0,0,10.300000000000011,303.85,47549.4,0.2,698.8
48,L47227,1,298.8,309.1,1418,46.3,133,0,0,0,0,0,0,10.300000000000011,303.95000000000005,65653.4,0.25,842.59
49,H29462,0,298.8,309.2,1425,53.9,135,0,0,0,0,0,0,10.399999999999977,304.0,76807.5,0.13,670.8
50,M14909,2,298.9,309.2,1412,44.1,140,0,0,0,0,0,0,10.300000000000011,304.04999999999995,62269.200000000004,0.29,1077.99
51,L47230,1,298.9,309.1,2861,4.6,143,1,0,0,1,0,0,10.200000000000045,304.0,13160.599999999999,6.23,6975.12
52,L47231,1,298.9,309.1,1383,54.9,145,0,0,0,0,0,0,10.200000000000045,304.0,75926.7,0.06,964.21
53,H29466,0,298.8,309.0,1497,43.8,147,0,0,0,0,0,0,10.199999999999989,303.9,65568.59999999999,0.27,1288.01
54,L47233,1,298.7,309.0,1565,35.1,152,0,0,0,0,0,0,10.300000000000011,303.85,54931.5,0.27,1131.6
55,L47234,1,298.7,309.0,1691,30.1,154,0,0,0,0,0,0,10.300000000000011,303.85,50899.100000000006,0.15,987.44
56,L47235,1,298.8,309.1,1512,40.7,156,0,0,0,0,0,0,10.300000000000011,303.95000000000005,61538.4,0.04,931.05
57,L47236,1,298.8,309.1,1477,42.4,158,0,0,0,0,0,0,10.300000000000011,303.95000000000005,62624.799999999996,0.09,949.99
58,L47237,1,298.8,309.1,1513,40.3,160,0,0,0,0,0,0,10.300000000000011,303.95000000000005,60973.899999999994,0.23,1037.53
59,M14918,2,298.8,309.0,1661,29.5,162,0,0,0,0,0,0,10.199999999999989,303.9,48999.5,0.25,1055.6
60,L47239,1,298.8,309.1,1378,54.4,165,0,0,0,0,0,0,10.300000000000011,303.95000000000005,74963.2,0.1,771.75
61,L47240,1,298.8,309.1,1393,52.6,167,0,0,0,0,0,0,10.300000000000011,303.95000000000005,73271.8,0.02,980.84
62,M14921,2,298.8,309.0,1592,38.2,169,0,0,0,0,0,0,10.199999999999989,303.9,60814.4,0.2,1040.31
63,L47242,1,298.8,309.0,1829,22.9,172,0,0,0,0,0,0,10.199999999999989,303.9,41884.1,0.22,1297.43
64,M14923,2,298.9,309.0,1812,25.9,174,0,0,0,0,0,0,10.100000000000023,303.95,46930.799999999996,0.13,1137.27
65,L47244,1,299.0,309.1,1523,38.6,177,0,0,0,0,0,0,10.100000000000023,304.05,58787.8,0.17,961.11
66,L47245,1,299.0,309.1,1394,45.1,179,0,0,0,0,0,0,10.100000000000023,304.05,62869.4,0.3,1382.0
67,M14926,2,298.9,308.9,1679,28.7,181,0,0,0,0,0,0,10.0,303.9,48187.299999999996,0.07,590.89
68,H29481,0,298.8,308.9,1466,44.1,184,0,0,0,0,0,0,10.099999999999966,303.85,64650.6,0.17,1379.53
69,L47248,1,298.8,308.9,1527,32.4,189,0,0,0,0,0,0,10.099999999999966,303.85,49474.799999999996,0.18,924.23
70,L47249,1,298.9,309.0,1410,65.7,191,1,0,0,1,1,0,10.100000000000023,303.95,92637.0,5.85,6879.27
71,M14930,2,298.9,309.0,1924,22.6,193,0,0,0,0,0,0,10.100000000000023,303.95,43482.4,0.26,1289.11
72,L47251,1,298.9,309.1,1452,45.5,196,0,0,0,0,0,0,10.200000000000045,304.0,66066.0,0.18,1328.56
73,L47252,1,298.9,309.1,1369,44.4,198,0,0,0,0,0,0,10.200000000000045,304.0,60783.6,0.15,1090.7
74,L47253,1,299.0,309.1,1592,35.0,200,0,0,0,0,0,0,10.100000000000023,304.05,55720.0,0.04,718.17
75,L47254,1,298.9,309.0,1601,32.3,202,0,0,0,0,0,0,10.100000000000023,303.95,51712.299999999996,0.21,1170.91
76,L47255,1,298.8,308.9,1379,46.7,204,0,0,0,0,0,0,10.099999999999966,303.85,64399.3,0.04,1027.13
77,L47256,1,298.8,308.9,1461,47.9,206,0,0,0,0,0,0,10.099999999999966,303.85,69981.9,0.01,732.62
78,L47257,1,298.8,308.9,1455,41.3,208,1,1,0,0,0,0,10.099999999999966,303.85,60091.49999999999,2.13,3176.81
79,L47258,1,298.8,308.9,1398,51.5,0,0,0,0,0,0,0,10.099999999999966,303.85,71997.0,0.17,8.62
80,L47259,1,298.8,308.9,1402,37.9,2,0,0,0,0,0,0,10.099999999999966,303.85,53135.799999999996,0.3,407.36
81,H29494,0,298.8,308.8,1445,49.9,4,0,0,0,0,0,0,10.0,303.8,72105.5,0.21,193.09
82,L47261,1,298.9,308.9,1450,47.5,9,0,0,0,0,0,0,10.0,303.9,68875.0,0.25,589.16
83,L47262,1,298.9,308.9,1453,40.8,11,0,0,0,0,0,0,10.0,303.9,59282.399999999994,0.1,116.57
84,L47263,1,299.0,309.0,1469,40.1,13,0,0,0,0,0,0,10.0,304.0,58906.9,0.15,279.56
85,L47264,1,298.9,308.9,1422,47.6,15,0,0,0,0,0,0,10.0,303.9,67687.2,0.29,333.04
86,M14945,2,299.0,309.0,1804,26.8,17,0,0,0,0,0,0,10.0,304.0,48347.200000000004,0.13,0.0
87,H29500,0,299.0,309.0,1436,43.9,20,0,0,0,0,0,0,10.0,304.0,63040.4,0.24,309.29
88,L47267,1,299.0,309.0,1544,31.8,25,0,0,0,0,0,0,10.0,304.0,49099.200000000004,0.16,398.01
89,M14948,2,299.0,309.0,1419,45.2,27,0,0,0,0,0,0,10.0,304.0,64138.8,0.07,295.3
90,M14949,2,298.9,308.9,1487,39.5,30,0,0,0,0,0,0,10.0,303.9,58736.5,0.17,276.01
91,L47270,1,298.9,308.9,1753,25.8,33,0,0,0,0,0,0,10.0,303.9,45227.4,0.07,16.49
92,L47271,1,298.9,308.9,1830,24.9,35,0,0,0,0,0,0,10.0,303.9,45567.0,0.0,271.67
93,M14952,2,298.9,308.9,1727,27.1,37,0,0,0,0,0,0,10.0,303.9,46801.700000000004,0.07,317.92
94,L47273,1,299.1,309.0,1450,43.0,40,0,0,0,0,0,0,9.899999999999977,304.05,62350.0,0.06,386.51
95,L47274,1,299.0,308.9,1622,31.9,42,0,0,0,0,0,0,9.899999999999977,303.95,51741.799999999996,0.11,278.88
96,M14955,2,299.0,309.0,1351,52.2,44,0,0,0,0,0,0,10.0,304.0,70522.2,0.27,237.34
97,M14956,2,299.0,309.0,1575,35.3,47,0,0,0,0,0,0,10.0,304.0,55597.49999999999,0.12,435.06
98,M14957,2,298.9,308.9,1750,29.9,50,0,0,0,0,0,0,10.0,303.9,52325.0,0.25,498.63
99,L47278,1,298.9,308.8,1529,32.7,53,0,0,0,0,0,0,9.900000000000034,303.85,49998.3,0.17,643.75
100,L47279,1,298.8,308.8,1523,44.4,55,0,0,0,0,0,0,10.0,303.8,67621.2,0.0,279.31
101,L47280,1,298.8,308.9,1852,25.0,57,0,0,0,0,0,0,10.099999999999966,303.85,46300.0,0.06,338.18
102,L47281,1,298.8,308.8,1991,20.7,59,0,0,0,0,0,0,10.0,303.8,41213.7,0.28,637.59
103,L47282,1,298.8,308.8,1555,40.6,61,0,0,0,0,0,0,10.0,303.8,63133.0,0.18,395.46
104,M14963,2,298.8,308.8,1441,40.5,63,0,0,0,0,0,0,10.0,303.8,58360.5,0.28,498.23
105,L47284,1,298.8,308.7,1450,43.4,66,0,0,0,0,0,0,9.899999999999977,303.75,62930.0,0.09,405.32
106,L47285,1,298.8,308.7,1591,31.1,68,0,0,0,0,0,0,9.899999999999977,303.75,49480.100000000006,0.21,411.94
107,L47286,1,298.8,308.7,1445,48.5,70,0,0,0,0,0,0,9.899999999999977,303.75,70082.5,0.23,545.64
108,M14967,2,298.8,308.8,1497,46.8,72,0,0,0,0,0,0,10.0,303.8,70059.59999999999,0.29,940.93
109,H29522,0,298.9,308.8,1621,32.7,75,0,0,0,0,0,0,9.900000000000034,303.85,53006.700000000004,0.01,541.4
110,L47289,1,298.9,308.7,1572,34.1,80,0,0,0,0,0,0,9.800000000000011,303.79999999999995,53605.200000000004,0.29,736.21
111,L47290,1,298.8,308.6,1872,22.5,82,0,0,0,0,0,0,9.800000000000011,303.70000000000005,42120.0,0.12,762.75
112,H29525,0,298.7,308.6,1499,43.5,84,0,0,0,0,0,0,9.900000000000034,303.65,65206.5,0.25,546.27
113,M14972,2,298.8,308.7,1498,39.5,89,0,0,0,0,0,0,9.899999999999977,303.75,59171.0,0.16,978.57
114,M14973,2,298.8,308.6,1486,41.9,92,0,0,0,0,0,0,9.800000000000011,303.70000000000005,62263.4,0.17,560.92
115,L47294,1,298.8,308.6,1680,29.4,95,0,0,0,0,0,0,9.800000000000011,303.70000000000005,49392.0,0.11,885.57
116,L47295,1,298.8,308.6,1431,45.7,97,0,0,0,0,0,0,9.800000000000011,303.70000000000005,65396.700000000004,0.25,1034.91
117,L47296,1,298.9,308.7,1564,34.1,99,0,0,0,0,0,0,9.800000000000011,303.79999999999995,53332.4,0.08,312.02
118,L47297,1,298.8,308.6,1599,33.0,101,0,0,0,0,0,0,9.800000000000011,303.70000000000005,52767.0,0.15,875.06
119,M14978,2,298.8,308.6,1707,28.1,103,0,0,0,0,0,0,9.800000000000011,303.70000000000005,47966.700000000004,0.17,642.41
120,L47299,1,298.7,308.5,1467,40.7,106,0,0,0,0,0,0,9.800000000000011,303.6,59706.9,0.22,664.8
121,L47300,1,298.9,308.7,1433,44.7,108,0,0,0,0,0,0,9.800000000000011,303.79999999999995,64055.100000000006,0.14,758.7
122,L47301,1,298.9,308.7,1558,41.2,110,0,0,0,0,0,0,9.800000000000011,303.79999999999995,64189.600000000006,0.2,598.81
123,L47302,1,299.0,308.8,1310,50.7,112,0,0,0,0,0,0,9.800000000000011,303.9,66417.0,0.15,785.3
124,L47303,1,298.9,308.7,1546,43.4,114,0,0,0,0,0,0,9.800000000000011,303.79999999999995,67096.4,0.2,628.88
125,L47304,1,298.9,308.7,1727,29.4,116,0,0,0,0,0,0,9.800000000000011,303.79999999999995,50773.799999999996,0.2,806.56
126,L47305,1,298.9,308.6,1560,32.2,118,0,0,0,0,0,0,9.700000000000045,303.75,50232.00000000001,0.21,1000.3
127,L47306,1,299.0,308.6,1329,60.5,120,0,0,0,0,0,0,9.600000000000023,303.8,80404.5,0.25,907.98
128,L47307,1,298.9,308.6,1413,46.5,122,0,0,0,0,0,0,9.700000000000045,303.75,65704.5,0.16,716.03
129,L47308,1,299.0,308.6,1587,38.6,124,0,0,0,0,0,0,9.600000000000023,303.8,61258.200000000004,0.06,761.21
130,L47309,1,298.9,308.5,1559,34.3,126,0,0,0,0,0,0,9.600000000000023,303.7,53473.7,0.2,619.03
131,L47310,1,298.8,308.4,1473,41.1,128,0,0,0,0,0,0,9.599999999999966,303.6,60540.3,0.02,534.17
132,L47311,1,298.8,308.4,1737,27.7,130,0,0,0,0,0,0,9.599999999999966,303.6,48114.9,0.07,655.46
133,M14992,2,298.7,308.4,1441,43.2,132,0,0,0,0,0,0,9.699999999999989,303.54999999999995,62251.200000000004,0.24,1018.03
134,M14993,2,298.7,308.4,1430,49.6,135,0,0,0,0,0,0,9.699999999999989,303.54999999999995,70928.0,0.13,865.87
135,L47314,1,298.8,308.4,1369,53.0,138,0,0,0,0,0,0,9.599999999999966,303.6,72557.0,0.15,920.27
136,M14995,2,298.8,308.5,1711,28.5,140,0,0,0,0,0,0,9.699999999999989,303.65,48763.5,0.3,995.89
137,H29550,0,298.7,308.5,1420,45.7,143,0,0,0,0,0,0,9.800000000000011,303.6,64894.00000000001,0.07,666.79
138,L47317,1,298.7,308.6,1297,55.3,148,0,0,0,0,0,0,9.900000000000034,303.65,71724.09999999999,0.01,973.22
139,H29552,0,298.8,308.6,1449,49.4,150,0,0,0,0,0,0,9.800000000000011,303.70000000000005,71580.59999999999,0.03,675.33
140,L47319,1,298.8,308.6,1268,55.8,155,0,0,0,0,0,0,9.800000000000011,303.70000000000005,70754.4,0.07,907.86
141,L47320,1,298.8,308.6,1511,36.1,157,0,0,0,0,0,0,9.800000000000011,303.70000000000005,54547.1,0.22,988.18
142,L47321,1,298.7,308.5,1544,35.2,159,0,0,0,0,0,0,9.800000000000011,303.6,54348.8,0.23,1109.45
143,M15002,2,298.6,308.4,1778,28.2,161,0,0,0,0,0,0,9.799999999999955,303.5,50139.6,0.17,884.18
144,H29557,0,298.6,308.4,1407,50.5,164,0,0,0,0,0,0,9.799999999999955,303.5,71053.5,0.08,1057.9
145,M15004,2,298.6,308.4,1391,42.4,169,0,0,0,0,0,0,9.799999999999955,303.5,58978.4,0.16,1211.74
146,L47325,1,298.5,308.4,1513,33.6,172,0,0,0,0,0,0,9.899999999999977,303.45,50836.8,0.0,1008.7
147,H29560,0,298.5,308.4,1612,36.1,174,0,0,0,0,0,0,9.899999999999977,303.45,58193.200000000004,0.2,1093.64
148,L47327,1,298.4,308.4,1515,40.1,179,0,0,0,0,0,0,10.0,303.4,60751.5,0.18,1009.73
149,M15008,2,298.3,308.3,1379,48.0,181,0,0,0,0,0,0,10.0,303.3,66192.0,0.01,1338.32
150,L47329,1,298.4,308.3,1473,39.9,184,0,0,0,0,0,0,9.900000000000034,303.35,58772.7,0.25,1021.26
151,L47330,1,298.4,308.3,1422,42.7,186,0,0,0,0,0,0,9.900000000000034,303.35,60719.4,0.23,1292.18
152,M15011,2,298.4,308.2,1463,37.6,188,0,0,0,0,0,0,9.800000000000011,303.29999999999995,55008.8,0.09,1079.92
153,M15012,2,298.4,308.2,1584,41.0,191,0,0,0,0,0,0,9.800000000000011,303.29999999999995,64944.0,0.19,1135.62
154,L47333,1,298.4,308.2,1850,27.0,194,0,0,0,0,0,0,9.800000000000011,303.29999999999995,49950.0,0.18,1177.77
155,L47334,1,298.4,308.2,1528,36.2,196,0,0,0,0,0,0,9.800000000000011,303.29999999999995,55313.600000000006,0.04,943.47
156,H29569,0,298.4,308.2,1987,19.8,198,0,0,0,0,0,0,9.800000000000011,303.29999999999995,39342.6,0.06,1114.06
157,M15016,2,298.4,308.1,1495,46.0,203,0,0,0,0,0,0,9.700000000000045,303.25,68770.0,0.2,1262.52
158,H29571,0,298.4,308.2,1478,43.5,206,0,0,0,0,0,0,9.800000000000011,303.29999999999995,64293.0,0.28,1711.65
159,M15018,2,298.4,308.2,1499,40.0,211,0,0,0,0,0,0,9.800000000000011,303.29999999999995,59960.0,0.17,1385.62
160,L47339,1,298.4,308.2,1471,47.0,214,0,0,0,0,0,0,9.800000000000011,303.29999999999995,69137.0,0.17,1317.38
161,L47340,1,298.4,308.2,1282,60.7,216,1,0,0,0,1,0,9.800000000000011,303.29999999999995,77817.40000000001,7.23,8396.33
162,L47341,1,298.3,308.1,1412,52.3,218,1,0,0,0,1,0,9.800000000000011,303.20000000000005,73847.59999999999,7.42,8785.93
163,L47342,1,298.3,308.1,1586,35.5,0,0,0,0,0,0,0,9.800000000000011,303.20000000000005,56303.0,0.02,0.0
164,M15023,2,298.4,308.2,1468,43.8,2,0,0,0,0,0,0,9.800000000000011,303.29999999999995,64298.399999999994,0.12,102.59
165,M15024,2,298.5,308.3,1440,43.6,5,0,0,0,0,0,0,9.800000000000011,303.4,62784.0,0.27,8.93
166,L47345,1,298.5,308.4,1733,26.0,8,0,0,0,0,0,0,9.899999999999977,303.45,45058.0,0.24,363.82
167,H29580,0,298.4,308.2,1612,32.6,10,0,0,0,0,0,0,9.800000000000011,303.29999999999995,52551.200000000004,0.28,457.23
168,H29581,0,298.4,308.3,1458,42.9,15,0,0,0,0,0,0,9.900000000000034,303.35,62548.2,0.05,0.0
169,L47348,1,298.4,308.3,1433,62.3,20,1,0,0,1,0,0,9.900000000000034,303.35,89275.9,5.87,6185.26
170,L47349,1,298.4,308.3,1318,59.1,22,0,0,0,0,0,0,9.900000000000034,303.35,77893.8,0.18,182.17
171,M15030,2,298.4,308.2,1610,35.0,24,0,0,0,0,0,0,9.800000000000011,303.29999999999995,56350.0,0.06,128.63
172,L47351,1,298.2,308.1,1462,50.8,27,0,0,0,0,0,0,9.900000000000034,303.15,74269.59999999999,0.06,212.93
173,M15032,2,298.1,308.0,1924,20.8,29,0,0,0,0,0,0,9.899999999999977,303.05,40019.200000000004,0.23,614.13
174,M15033,2,298.2,308.0,1591,33.7,32,0,0,0,0,0,0,9.800000000000011,303.1,53616.700000000004,0.2,231.27
175,L47354,1,298.2,308.1,1306,58.3,35,0,0,0,0,0,0,9.900000000000034,303.15,76139.8,0.19,408.69
176,L47355,1,298.2,308.1,1382,43.5,37,0,0,0,0,0,0,9.900000000000034,303.15,60117.0,0.08,381.23
177,L47356,1,298.2,308.1,1618,34.7,39,0,0,0,0,0,0,9.900000000000034,303.15,56144.600000000006,0.15,430.27
178,L47357,1,298.2,308.2,1988,21.4,41,0,0,0,0,0,0,10.0,303.2,42543.2,0.01,305.81
179,L47358,1,298.2,308.2,1436,50.2,43,0,0,0,0,0,0,10.0,303.2,72087.2,0.04,369.23
180,L47359,1,298.2,308.3,1304,49.8,45,0,0,0,0,0,0,10.100000000000023,303.25,64939.2,0.16,301.79
181,L47360,1,298.2,308.3,1475,49.9,47,0,0,0,0,0,0,10.100000000000023,303.25,73602.5,0.09,578.17
182,H29595,0,298.2,308.3,1824,24.2,49,0,0,0,0,0,0,10.100000000000023,303.25,44140.799999999996,0.29,518.33
183,M15042,2,298.1,308.2,1342,48.1,54,0,0,0,0,0,0,10.099999999999966,303.15,64550.200000000004,0.14,373.42
184,L47363,1,298.1,308.2,1485,40.7,57,0,0,0,0,0,0,10.099999999999966,303.15,60439.50000000001,0.03,517.14
185,L47364,1,298.2,308.2,1667,30.6,59,0,0,0,0,0,0,10.0,303.2,51010.200000000004,0.01,210.41
186,L47365,1,298.2,308.2,1446,38.2,61,0,0,0,0,0,0,10.0,303.2,55237.200000000004,0.22,573.04
187,L47366,1,298.1,308.3,1301,56.0,63,0,0,0,0,0,0,10.199999999999989,303.20000000000005,72856.0,0.05,256.57
188,L47367,1,298.2,308.4,1379,43.1,65,0,0,0,0,0,0,10.199999999999989,303.29999999999995,59434.9,0.06,762.89
189,L47368,1,298.3,308.5,1606,33.6,67,0,0,0,0,0,0,10.199999999999989,303.4,53961.600000000006,0.13,811.3
190,M15049,2,298.3,308.4,1539,43.4,69,0,0,0,0,0,0,10.099999999999966,303.35,66792.59999999999,0.08,408.46
191,L47370,1,298.2,308.4,1477,49.9,72,0,0,0,0,0,0,10.199999999999989,303.29999999999995,73702.3,0.18,617.98
192,L47371,1,298.2,308.4,1666,34.6,74,0,0,0,0,0,0,10.199999999999989,303.29999999999995,57643.600000000006,0.15,520.78
193,H29606,0,298.2,308.4,1398,51.8,76,0,0,0,0,0,0,10.199999999999989,303.29999999999995,72416.4,0.03,357.71
194,H29607,0,298.2,308.4,1678,34.6,81,0,0,0,0,0,0,10.199999999999989,303.29999999999995,58058.8,0.24,662.94
195,M15054,2,298.2,308.5,2678,10.7,86,1,0,0,1,0,0,10.300000000000011,303.35,28654.6,5.11,5533.91
196,L47375,1,298.3,308.5,1453,42.9,89,0,0,0,0,0,0,10.199999999999989,303.4,62333.7,0.18,396.9
197,H29610,0,298.3,308.6,1432,49.5,91,0,0,0,0,0,0,10.300000000000011,303.45000000000005,70884.0,0.0,494.45
198,M15057,2,298.4,308.6,1527,40.9,96,0,0,0,0,0,0,10.200000000000045,303.5,62454.299999999996,0.19,663.66
199,L47378,1,298.4,308.7,1588,35.0,99,0,0,0,0,0,0,10.300000000000011,303.54999999999995,55580.0,0.08,621.83
200,L47379,1,298.4,308.6,1433,47.1,101,0,0,0,0,0,0,10.200000000000045,303.5,67494.3,0.15,643.37
201,L47380,1,298.4,308.6,1609,35.0,103,0,0,0,0,0,0,10.200000000000045,303.5,56315.0,0.09,550.95
202,L47381,1,298.3,308.5,1575,41.2,105,0,0,0,0,0,0,10.199999999999989,303.4,64890.00000000001,0.3,956.24
203,M15062,2,298.4,308.5,1636,35.7,107,0,0,0,0,0,0,10.100000000000023,303.45,58405.200000000004,0.07,684.97
204,L47383,1,298.4,308.5,1490,37.9,110,0,0,0,0,0,0,10.100000000000023,303.45,56471.0,0.27,1029.41
205,L47384,1,298.4,308.5,1741,32.8,112,0,0,0,0,0,0,10.100000000000023,303.45,57104.799999999996,0.28,914.21
206,M15065,2,298.5,308.6,1344,53.0,114,0,0,0,0,0,0,10.100000000000023,303.55,71232.0,0.13,670.36
207,L47386,1,298.5,308.7,1609,35.3,117,0,0,0,0,0,0,10.199999999999989,303.6,56797.7,0.09,767.52
208,M15067,2,298.4,308.7,1421,60.7,119,1,0,0,1,0,0,10.300000000000011,303.54999999999995,86254.7,5.02,5317.91
209,L47388,1,298.4,308.6,1591,36.7,122,0,0,0,0,0,0,10.200000000000045,303.5,58389.700000000004,0.3,1225.55
210,L47389,1,298.4,308.6,1477,44.0,124,0,0,0,0,0,0,10.200000000000045,303.5,64988.0,0.19,851.16
211,L47390,1,298.4,308.7,1523,36.1,126,0,0,0,0,0,0,10.300000000000011,303.54999999999995,54980.3,0.16,1117.67
212,L47391,1,298.5,308.7,1575,33.9,128,0,0,0,0,0,0,10.199999999999989,303.6,53392.5,0.01,519.6
213,H29626,0,298.4,308.7,1344,52.9,130,0,0,0,0,0,0,10.300000000000011,303.54999999999995,71097.59999999999,0.25,732.35
214,L47393,1,298.4,308.7,1386,44.9,135,0,0,0,0,0,0,10.300000000000011,303.54999999999995,62231.4,0.03,759.87
215,M15074,2,298.3,308.6,1589,37.1,137,0,0,0,0,0,0,10.300000000000011,303.45000000000005,58951.9,0.01,749.38
216,L47395,1,298.3,308.6,1548,40.3,140,0,0,0,0,0,0,10.300000000000011,303.45000000000005,62384.399999999994,0.08,830.74
217,L47396,1,298.3,308.6,1499,38.3,142,0,0,0,0,0,0,10.300000000000011,303.45000000000005,57411.7,0.14,877.87
218,L47397,1,298.3,308.5,1664,31.6,144,0,0,0,0,0,0,10.199999999999989,303.4,52582.4,0.27,895.78
219,L47398,1,298.3,308.6,1447,38.1,146,0,0,0,0,0,0,10.300000000000011,303.45000000000005,55130.700000000004,0.24,747.2
220,M15079,2,298.3,308.5,1434,46.2,148,0,0,0,0,0,0,10.199999999999989,303.4,66250.8,0.06,842.47
221,L47400,1,298.3,308.5,1416,52.7,151,0,0,0,0,0,0,10.199999999999989,303.4,74623.2,0.11,672.61
222,H29635,0,298.4,308.5,1827,24.3,153,0,0,0,0,0,0,10.100000000000023,303.45,44396.1,0.23,788.45
223,L47402,1,298.4,308.6,1304,45.0,158,0,0,0,0,0,0,10.200000000000045,303.5,58680.0,0.16,892.91
224,L47403,1,298.4,308.6,1569,34.4,160,0,0,0,0,0,0,10.200000000000045,303.5,53973.6,0.05,914.6
225,L47404,1,298.3,308.6,1584,29.3,162,0,0,0,0,0,0,10.300000000000011,303.45000000000005,46411.200000000004,0.12,1228.16
226,L47405,1,298.3,308.5,1362,53.8,164,0,0,0,0,0,0,10.199999999999989,303.4,73275.59999999999,0.19,1156.89
227,L47406,1,298.3,308.4,1329,49.2,166,0,0,0,0,0,0,10.099999999999966,303.35,65386.8,0.29,1334.98
228,L47407,1,298.3,308.5,1539,36.1,168,0,0,0,0,0,0,10.199999999999989,303.4,55557.9,0.2,1138.05
229,M15088,2,298.3,308.5,1629,37.1,170,0,0,0,0,0,0,10.199999999999989,303.4,60435.9,0.0,905.03
230,L47409,1,298.3,308.5,1538,32.2,173,0,0,0,0,0,0,10.199999999999989,303.4,49523.600000000006,0.21,1450.87
231,L47410,1,298.3,308.6,1570,34.8,175,0,0,0,0,0,0,10.300000000000011,303.45000000000005,54635.99999999999,0.08,756.57
232,L47411,1,298.3,308.4,1408,43.1,177,0,0,0,0,0,0,10.099999999999966,303.35,60684.8,0.26,1083.02
233,L47412,1,298.2,308.4,1424,47.6,179,0,0,0,0,0,0,10.199999999999989,303.29999999999995,67782.40000000001,0.12,964.72
234,L47413,1,298.2,308.4,1512,34.9,181,0,0,0,0,0,0,10.199999999999989,303.29999999999995,52768.799999999996,0.06,1099.03
235,L47414,1,298.2,308.4,1478,42.9,183,0,0,0,0,0,0,10.199999999999989,303.29999999999995,63406.2,0.14,908.18
236,M15095,2,298.1,308.3,1680,33.7,185,0,0,0,0,0,0,10.199999999999989,303.20000000000005,56616.00000000001,0.08,1119.51
237,L47416,1,298.1,308.3,1495,38.7,188,0,0,0,0,0,0,10.199999999999989,303.20000000000005,57856.50000000001,0.07,1096.95
238,M15097,2,298.0,308.1,1552,36.6,190,0,0,0,0,0,0,10.100000000000023,303.05,56803.200000000004,0.17,1242.0
239,L47418,1,297.9,308.1,1393,50.3,193,0,0,0,0,0,0,10.200000000000045,303.0,70067.9,0.23,1314.28
240,L47419,1,298.0,308.2,1611,30.6,195,0,0,0,0,0,0,10.199999999999989,303.1,49296.600000000006,0.25,1455.75
241,M15100,2,298.0,308.1,1339,51.6,197,0,0,0,0,0,0,10.100000000000023,303.05,69092.40000000001,0.12,1097.62
242,L47421,1,298.0,308.1,1777,24.3,200,0,0,0,0,0,0,10.100000000000023,303.05,43181.1,0.02,1099.52
243,L47422,1,298.0,308.2,1348,58.8,202,1,0,0,0,1,0,10.199999999999989,303.1,79262.4,6.59,7489.52
244,L47423,1,298.0,308.2,1442,44.1,204,0,0,0,0,0,0,10.199999999999989,303.1,63592.200000000004,0.13,1005.28
245,M15104,2,298.0,308.2,1395,49.1,206,0,0,0,0,0,0,10.199999999999989,303.1,68494.5,0.06,1354.72
246,M15105,2,297.9,308.1,1627,31.4,209,0,0,0,0,0,0,10.200000000000045,303.0,51087.799999999996,0.27,1193.18
247,L47426,1,297.9,308.1,1585,33.5,212,0,0,0,0,0,0,10.200000000000045,303.0,53097.5,0.29,1446.2
248,L47427,1,298.0,308.2,1469,45.5,214,0,0,0,0,0,0,10.199999999999989,303.1,66839.5,0.02,1169.66
249,L47428,1,298.0,308.3,1362,56.8,216,1,0,0,0,1,0,10.300000000000011,303.15,77361.59999999999,10.32,11576.25
250,L47429,1,298.0,308.3,1405,56.2,218,1,0,0,0,1,0,10.300000000000011,303.15,78961.0,7.06,7901.27
251,L47430,1,298.0,308.3,1662,32.7,0,0,0,0,0,0,0,10.300000000000011,303.15,54347.4,0.08,213.68
252,M15111,2,298.0,308.2,1466,42.6,2,0,0,0,0,0,0,10.199999999999989,303.1,62451.6,0.19,191.3
253,L47432,1,298.0,308.2,1620,35.8,5,0,0,0,0,0,0,10.199999999999989,303.1,57995.99999999999,0.04,0.0
254,L47433,1,298.0,308.2,1357,48.2,7,0,0,0,0,0,0,10.199999999999989,303.1,65407.4,0.02,17.38
255,L47434,1,298.0,308.2,1514,37.9,9,0,0,0,0,0,0,10.199999999999989,303.1,57380.6,0.3,500.52
256,L47435,1,298.0,308.2,1489,40.4,11,0,0,0,0,0,0,10.199999999999989,303.1,60155.6,0.19,354.69
257,L47436,1,298.1,308.3,1331,63.0,13,0,0,0,0,0,0,10.199999999999989,303.20000000000005,83853.0,0.08,125.81
258,L47437,1,298.0,308.0,1615,29.5,15,0,0,0,0,0,0,10.0,303.0,47642.5,0.14,44.13
259,L47438,1,298.1,308.2,1482,37.9,17,0,0,0,0,0,0,10.099999999999966,303.15,56167.799999999996,0.29,214.72
260,M15119,2,298.1,308.2,1420,63.9,19,1,0,0,1,0,0,10.099999999999966,303.15,90738.0,4.9,5107.95
261,M15120,2,298.2,308.3,1522,49.1,22,0,0,0,0,0,0,10.100000000000023,303.25,74730.2,0.27,188.34
262,L47441,1,298.1,308.2,1654,32.1,25,0,0,0,0,0,0,10.099999999999966,303.15,53093.4,0.26,367.28
263,M15122,2,298.1,308.2,1736,26.8,27,0,0,0,0,0,0,10.099999999999966,303.15,46524.8,0.1,637.16
264,M15123,2,298.0,308.1,1587,32.3,30,0,0,0,0,0,0,10.100000000000023,303.05,51260.1,0.21,428.93
265,L47444,1,298.1,308.2,1390,47.5,33,0,0,0,0,0,0,10.099999999999966,303.15,66025.0,0.2,476.34
266,L47445,1,298.0,308.1,1454,37.1,35,0,0,0,0,0,0,10.100000000000023,303.05,53943.4,0.23,245.84
267,H29680,0,298.0,308.1,1440,43.7,37,0,0,0,0,0,0,10.100000000000023,303.05,62928.00000000001,0.11,110.9
268,L47447,1,297.9,308.0,1954,21.1,42,0,0,0,0,0,0,10.100000000000023,302.95,41229.4,0.02,349.37
269,H29682,0,297.9,308.0,1800,24.8,44,0,0,0,0,0,0,10.100000000000023,302.95,44640.0,0.05,227.65
270,L47449,1,298.0,308.0,1524,37.0,49,0,0,0,0,0,0,10.0,303.0,56388.0,0.18,601.04
271,H29684,0,298.0,308.0,1520,39.6,51,0,0,0,0,0,0,10.0,303.0,60192.0,0.23,506.47
272,M15131,2,298.1,308.1,1452,40.8,56,0,0,0,0,0,0,10.0,303.1,59241.6,0.23,1043.45
273,L47452,1,298.1,308.1,1484,40.4,59,0,0,0,0,0,0,10.0,303.1,59953.6,0.18,404.15
274,L47453,1,298.1,308.0,1426,46.0,61,0,0,0,0,0,0,9.899999999999977,303.05,65596.0,0.03,393.37
275,L47454,1,298.1,308.0,1652,28.5,63,0,0,0,0,0,0,9.899999999999977,303.05,47082.0,0.01,205.88
276,L47455,1,298.0,308.0,1401,54.7,65,0,0,0,0,0,0,10.0,303.0,76634.7,0.23,724.81
277,M15136,2,298.0,307.9,1750,26.6,67,0,0,0,0,0,0,9.899999999999977,302.95,46550.0,0.16,576.08
278,H29691,0,298.0,308.0,1479,50.7,70,0,0,0,0,0,0,10.0,303.0,74985.3,0.23,450.82
279,M15138,2,298.0,308.0,1620,29.4,75,0,0,0,0,0,0,10.0,303.0,47628.0,0.05,392.41
280,L47459,1,298.0,308.1,1819,23.4,78,0,0,0,0,0,0,10.100000000000023,303.05,42564.6,0.12,730.78
281,M15140,2,298.1,308.1,1456,43.7,80,0,0,0,0,0,0,10.0,303.1,63627.200000000004,0.28,882.76
282,L47461,1,298.1,308.0,1626,36.5,83,0,0,0,0,0,0,9.899999999999977,303.05,59349.0,0.05,267.84
283,M15142,2,298.1,308.1,1390,49.8,85,0,0,0,0,0,0,10.0,303.1,69222.0,0.02,390.1
284,L47463,1,298.2,308.2,1469,43.0,88,0,0,0,0,0,0,10.0,303.2,63167.0,0.2,928.21
285,L47464,1,298.2,308.3,2051,19.2,90,0,0,0,0,0,0,10.100000000000023,303.25,39379.2,0.18,619.92
286,L47465,1,298.2,308.3,1568,36.0,92,0,0,0,0,0,0,10.100000000000023,303.25,56448.0,0.29,792.51
287,L47466,1,298.2,308.3,1589,33.2,94,0,0,0,0,0,0,10.100000000000023,303.25,52754.8,0.27,909.04
288,L47467,1,298.2,308.3,1805,31.6,96,0,0,0,0,0,0,10.100000000000023,303.25,57038.0,0.22,515.18
289,H29702,0,298.2,308.4,1385,42.2,98,0,0,0,0,0,0,10.199999999999989,303.29999999999995,58447.00000000001,0.01,374.05
290,L47469,1,298.1,308.4,1436,46.7,103,0,0,0,0,0,0,10.299999999999955,303.25,67061.2,0.14,621.45
291,L47470,1,298.1,308.4,1438,45.6,105,0,0,0,0,0,0,10.299999999999955,303.25,65572.8,0.27,990.69
292,L47471,1,298.0,308.3,1473,42.6,107,0,0,0,0,0,0,10.300000000000011,303.15,62749.8,0.13,832.96
293,L47472,1,298.1,308.4,1335,40.2,109,0,0,0,0,0,0,10.299999999999955,303.25,53667.00000000001,0.29,957.96
294,H29707,0,298.1,308.5,1392,44.8,111,0,0,0,0,0,0,10.399999999999977,303.3,62361.6,0.2,749.13
295,M15154,2,298.1,308.5,1372,51.1,116,0,0,0,0,0,0,10.399999999999977,303.3,70109.2,0.03,794.44
296,M15155,2,298.1,308.6,1716,30.7,119,0,0,0,0,0,0,10.5,303.35,52681.2,0.15,737.1
297,L47476,1,298.0,308.5,1395,46.2,122,0,0,0,0,0,0,10.5,303.25,64449.00000000001,0.21,921.7
298,L47477,1,298.0,308.5,1713,25.3,124,0,0,0,0,0,0,10.5,303.25,43338.9,0.02,791.81
299,H29712,0,297.9,308.5,2129,18.7,126,0,0,0,0,0,0,10.600000000000023,303.2,39812.299999999996,0.1,999.52
300,M15159,2,297.8,308.3,1567,35.6,131,0,0,0,0,0,0,10.5,303.05,55785.200000000004,0.22,881.55
301,L47480,1,297.8,308.4,1622,38.3,134,0,0,0,0,0,0,10.599999999999966,303.1,62122.6,0.05,680.61
302,L47481,1,297.7,308.4,1740,27.1,136,0,0,0,0,0,0,10.699999999999989,303.04999999999995,47154.0,0.1,989.26
303,H29716,0,297.8,308.4,1512,35.1,138,0,0,0,0,0,0,10.599999999999966,303.1,53071.200000000004,0.21,1120.78
304,M15163,2,297.8,308.4,1479,43.5,143,0,0,0,0,0,0,10.599999999999966,303.1,64336.5,0.23,878.49
305,L47484,1,297.8,308.4,1737,27.5,146,0,0,0,0,0,0,10.599999999999966,303.1,47767.5,0.16,739.24
306,L47485,1,297.8,308.4,2129,19.2,148,0,0,0,0,0,0,10.599999999999966,303.1,40876.799999999996,0.29,1227.86
307,L47486,1,297.8,308.4,1374,47.1,150,0,0,0,0,0,0,10.599999999999966,303.1,64715.4,0.28,798.74
308,M15167,2,297.8,308.4,1579,36.6,152,0,0,0,0,0,0,10.599999999999966,303.1,57791.4,0.14,661.08
309,L47488,1,297.9,308.5,1305,47.2,155,0,0,0,0,0,0,10.600000000000023,303.2,61596.00000000001,0.05,799.76
310,M15169,2,297.9,308.5,1449,40.8,157,0,0,0,0,0,0,10.600000000000023,303.2,59119.2,0.23,1030.37
311,H29724,0,298.0,308.6,1526,41.8,160,0,0,0,0,0,0,10.600000000000023,303.3,63786.799999999996,0.07,711.01
312,M15171,2,298.0,308.6,1453,44.1,165,0,0,0,0,0,0,10.600000000000023,303.3,64077.3,0.25,1108.28
313,L47492,1,297.9,308.6,1468,36.0,168,0,0,0,0,0,0,10.700000000000045,303.25,52848.0,0.18,1059.97
314,L47493,1,298.0,308.6,1313,50.8,170,0,0,0,0,0,0,10.600000000000023,303.3,66700.4,0.12,897.94
315,M15174,2,297.9,308.5,1300,53.0,172,0,0,0,0,0,0,10.600000000000023,303.2,68900.0,0.17,1335.02
316,L47495,1,297.9,308.4,1646,40.6,175,0,0,0,0,0,0,10.5,303.15,66827.6,0.16,1099.46
317,L47496,1,297.8,308.4,1714,33.2,177,0,0,0,0,0,0,10.599999999999966,303.1,56904.8,0.28,1334.27
318,L47497,1,297.8,308.4,1685,28.4,179,0,0,0,0,0,0,10.599999999999966,303.1,47854.0,0.06,736.57
319,L47498,1,297.8,308.4,1512,39.9,181,0,0,0,0,0,0,10.599999999999966,303.1,60328.799999999996,0.28,965.27
320,L47499,1,297.8,308.4,1612,32.1,183,0,0,0,0,0,0,10.599999999999966,303.1,51745.200000000004,0.01,994.01
321,H29734,0,297.8,308.4,1550,38.2,185,0,0,0,0,0,0,10.599999999999966,303.1,59210.00000000001,0.23,1433.23
322,L47501,1,297.8,308.4,1518,32.5,190,0,0,0,0,0,0,10.599999999999966,303.1,49335.0,0.28,1078.51
323,L47502,1,297.8,308.5,1448,40.0,192,0,0,0,0,0,0,10.699999999999989,303.15,57920.0,0.12,1101.51
324,L47503,1,297.8,308.5,1561,46.3,194,0,0,0,0,0,0,10.699999999999989,303.15,72274.29999999999,0.02,804.74
325,M15184,2,297.8,308.5,1488,41.9,196,0,0,0,0,0,0,10.699999999999989,303.15,62347.2,0.24,1112.21
326,L47505,1,297.8,308.5,1699,27.8,199,0,0,0,0,0,0,10.699999999999989,303.15,47232.200000000004,0.25,1273.97
327,L47506,1,297.7,308.5,1501,41.4,201,0,0,0,0,0,0,10.800000000000011,303.1,62141.4,0.1,1031.11
328,L47507,1,297.7,308.5,1373,56.7,203,1,0,0,0,1,0,10.800000000000011,303.1,77849.1,7.95,8769.17
329,H29742,0,297.6,308.4,1703,31.4,205,0,0,0,0,0,0,10.799999999999955,303.0,53474.2,0.24,1065.81
330,H29743,0,297.7,308.5,1720,29.9,210,0,0,0,0,0,0,10.800000000000011,303.1,51428.0,0.06,827.1
331,M15190,2,297.6,308.4,1398,41.9,215,0,0,0,0,0,0,10.799999999999955,303.0,58576.2,0.19,1336.49
332,M15191,2,297.6,308.4,1391,51.9,218,0,0,0,0,0,0,10.799999999999955,303.0,72192.9,0.13,1309.64
333,M15192,2,297.6,308.3,1538,40.2,0,0,0,0,0,0,0,10.699999999999989,302.95000000000005,61827.600000000006,0.05,138.88
334,L47513,1,297.5,308.2,1647,31.3,3,0,0,0,0,0,0,10.699999999999989,302.85,51551.1,0.25,128.62
335,M15194,2,297.5,308.1,1469,44.8,5,0,0,0,0,0,0,10.600000000000023,302.8,65811.2,0.1,275.89
336,L47515,1,297.4,308.1,1749,25.9,8,0,0,0,0,0,0,10.700000000000045,302.75,45299.1,0.28,426.02
337,M15196,2,297.6,308.2,1995,20.5,10,0,0,0,0,0,0,10.599999999999966,302.9,40897.5,0.17,221.09
338,L47517,1,297.6,308.3,1742,27.7,13,0,0,0,0,0,0,10.699999999999989,302.95000000000005,48253.4,0.15,191.48
339,L47518,1,297.5,308.2,1563,38.2,15,0,0,0,0,0,0,10.699999999999989,302.85,59706.600000000006,0.13,107.63
340,M15199,2,297.5,308.2,1713,32.2,17,0,0,0,0,0,0,10.699999999999989,302.85,55158.600000000006,0.12,233.82
341,L47520,1,297.4,308.1,1474,39.4,20,0,0,0,0,0,0,10.700000000000045,302.75,58075.6,0.25,592.59
342,M15201,2,297.4,308.2,1530,32.6,22,0,0,0,0,0,0,10.800000000000011,302.79999999999995,49878.0,0.2,480.68
343,L47522,1,297.4,308.2,1471,46.5,25,0,0,0,0,0,0,10.800000000000011,302.79999999999995,68401.5,0.23,316.57
344,L47523,1,297.5,308.3,1388,48.6,27,0,0,0,0,0,0,10.800000000000011,302.9,67456.8,0.13,345.79
345,M15204,2,297.5,308.2,2448,13.8,29,0,0,0,0,0,0,10.699999999999989,302.85,33782.4,0.08,59.79
346,L47525,1,297.5,308.3,1585,32.9,32,0,0,0,0,0,0,10.800000000000011,302.9,52146.5,0.03,299.51
347,M15206,2,297.5,308.3,1459,45.2,34,0,0,0,0,0,0,10.800000000000011,302.9,65946.8,0.23,275.37
348,L47527,1,297.5,308.3,1544,40.8,37,0,0,0,0,0,0,10.800000000000011,302.9,62995.2,0.12,408.54
349,L47528,1,297.6,308.3,1617,31.7,39,0,0,0,0,0,0,10.699999999999989,302.95000000000005,51258.9,0.15,790.36
350,L47529,1,297.6,308.3,1595,34.3,41,0,0,0,0,0,0,10.699999999999989,302.95000000000005,54708.49999999999,0.14,259.5
351,H29764,0,297.6,308.3,1400,44.3,43,0,0,0,0,0,0,10.699999999999989,302.95000000000005,62019.99999999999,0.13,783.42
352,M15211,2,297.6,308.4,1611,31.0,48,0,0,0,0,0,0,10.799999999999955,303.0,49941.0,0.21,523.6
353,M15212,2,297.6,308.4,1507,46.0,51,0,0,0,0,0,0,10.799999999999955,303.0,69322.0,0.18,322.56
354,H29767,0,297.5,308.3,1674,30.0,54,0,0,0,0,0,0,10.800000000000011,302.9,50220.0,0.29,440.68
355,L47534,1,297.6,308.3,1658,34.3,59,0,0,0,0,0,0,10.699999999999989,302.95000000000005,56869.399999999994,0.04,689.74
356,L47535,1,297.6,308.3,1623,36.9,61,0,0,0,0,0,0,10.699999999999989,302.95000000000005,59888.7,0.17,548.95
357,M15216,2,297.6,308.4,1398,48.9,63,0,0,0,0,0,0,10.799999999999955,303.0,68362.2,0.02,250.08
358,L47537,1,297.6,308.4,1517,34.2,66,0,0,0,0,0,0,10.799999999999955,303.0,51881.4,0.24,539.48
359,M15218,2,297.6,308.3,1467,36.7,68,0,0,0,0,0,0,10.699999999999989,302.95000000000005,53838.9,0.18,584.62
360,M15219,2,297.6,308.3,1567,34.6,71,0,0,0,0,0,0,10.699999999999989,302.95000000000005,54218.200000000004,0.13,483.69
361,M15220,2,297.5,308.3,1521,38.2,74,0,0,0,0,0,0,10.800000000000011,302.9,58102.200000000004,0.24,661.88
362,L47541,1,297.5,308.3,1596,36.8,77,0,0,0,0,0,0,10.800000000000011,302.9,58732.799999999996,0.14,791.04
363,H29776,0,297.6,308.3,1640,30.9,79,0,0,0,0,0,0,10.699999999999989,302.95000000000005,50676.0,0.07,295.8
364,L47543,1,297.6,308.3,1438,47.8,84,0,0,0,0,0,0,10.699999999999989,302.95000000000005,68736.4,0.14,656.69
365,L47544,1,297.6,308.4,1407,55.2,86,0,0,0,0,0,0,10.799999999999955,303.0,77666.40000000001,0.02,439.07
366,L47545,1,297.6,308.4,1353,57.5,88,0,0,0,0,0,0,10.799999999999955,303.0,77797.5,0.27,635.14
367,M15226,2,297.6,308.5,1552,40.9,90,0,0,0,0,0,0,10.899999999999977,303.05,63476.799999999996,0.22,830.83
368,M15227,2,297.6,308.4,1569,38.3,93,0,0,0,0,0,0,10.799999999999955,303.0,60092.7,0.23,475.79
369,L47548,1,297.5,308.4,1489,39.5,96,0,0,0,0,0,0,10.899999999999977,302.95,58815.5,0.26,385.03
370,H29783,0,297.5,308.4,1587,36.1,98,0,0,0,0,0,0,10.899999999999977,302.95,57290.700000000004,0.24,763.68
371,M15230,2,297.5,308.3,1622,37.2,103,0,0,0,0,0,0,10.800000000000011,302.9,60338.4,0.13,624.27
372,L47551,1,297.5,308.4,1604,38.1,106,0,0,0,0,0,0,10.899999999999977,302.95,61112.4,0.04,367.07
373,M15232,2,297.4,308.3,1405,51.7,108,0,0,0,0,0,0,10.900000000000034,302.85,72638.5,0.11,393.42
374,L47553,1,297.4,308.3,1412,42.0,111,0,0,0,0,0,0,10.900000000000034,302.85,59304.0,0.28,1124.6
375,L47554,1,297.4,308.3,1431,43.0,113,0,0,0,0,0,0,10.900000000000034,302.85,61533.0,0.28,914.45
376,L47555,1,297.4,308.2,1533,37.4,115,0,0,0,0,0,0,10.800000000000011,302.79999999999995,57334.2,0.23,807.95
377,M15236,2,297.4,308.2,1401,51.9,117,0,0,0,0,0,0,10.800000000000011,302.79999999999995,72711.9,0.06,974.29
378,M15237,2,297.4,308.2,1424,53.9,120,0,0,0,0,0,0,10.800000000000011,302.79999999999995,76753.59999999999,0.06,813.31
379,L47558,1,297.3,308.2,1754,29.4,123,0,0,0,0,0,0,10.899999999999977,302.75,51567.6,0.26,1140.39
380,L47559,1,297.3,308.2,1754,26.8,125,0,0,0,0,0,0,10.899999999999977,302.75,47007.200000000004,0.04,488.01
381,L47560,1,297.5,308.3,2564,12.8,127,1,0,0,1,0,0,10.800000000000011,302.9,32819.200000000004,6.09,6542.39
382,L47561,1,297.5,308.5,1546,40.4,129,0,0,0,0,0,0,11.0,303.0,62458.399999999994,0.11,847.56
383,L47562,1,297.5,308.5,1335,48.0,131,0,0,0,0,0,0,11.0,303.0,64080.0,0.09,807.17
384,M15243,2,297.5,308.6,1842,27.0,133,0,0,0,0,0,0,11.100000000000023,303.05,49734.0,0.2,1052.45
385,L47564,1,297.5,308.5,1712,26.8,136,0,0,0,0,0,0,11.0,303.0,45881.6,0.29,725.38
386,M15245,2,297.6,308.6,1414,45.4,138,0,0,0,0,0,0,11.0,303.1,64195.6,0.23,1025.54
387,L47566,1,297.6,308.7,1319,50.9,141,0,0,0,0,0,0,11.099999999999966,303.15,67137.09999999999,0.15,1003.39
388,L47567,1,297.7,308.7,1249,60.4,143,0,0,0,0,0,0,11.0,303.2,75439.59999999999,0.13,985.43
389,L47568,1,297.6,308.7,1455,48.2,145,0,0,0,0,0,0,11.099999999999966,303.15,70131.0,0.27,934.0
390,M15249,2,297.6,308.7,1408,54.8,147,0,0,0,0,0,0,11.099999999999966,303.15,77158.4,0.17,982.79
391,L47570,1,297.6,308.7,1460,46.7,150,0,0,0,0,0,0,11.099999999999966,303.15,68182.0,0.15,783.65
392,L47571,1,297.6,308.6,1491,38.1,152,0,0,0,0,0,0,11.0,303.1,56807.1,0.2,916.06
393,M15252,2,297.6,308.5,1490,43.4,154,0,0,0,0,0,0,10.899999999999977,303.05,64666.0,0.07,683.56
394,M15253,2,297.5,308.4,1350,52.2,157,0,0,0,0,0,0,10.899999999999977,302.95,70470.0,0.02,691.2
395,L47574,1,297.5,308.4,1528,39.9,160,0,0,0,0,0,0,10.899999999999977,302.95,60967.2,0.26,1023.86
396,L47575,1,297.4,308.3,1571,37.7,162,0,0,0,0,0,0,10.900000000000034,302.85,59226.700000000004,0.18,916.36
397,L47576,1,297.4,308.3,1490,42.6,164,0,0,0,0,0,0,10.900000000000034,302.85,63474.0,0.05,756.18
398,M15257,2,297.4,308.3,1774,28.9,166,0,0,0,0,0,0,10.900000000000034,302.85,51268.6,0.09,725.06
399,H29812,0,297.4,308.3,1502,43.6,169,0,0,0,0,0,0,10.900000000000034,302.85,65487.200000000004,0.3,1439.16
400,L47579,1,297.4,308.4,1392,49.7,174,0,0,0,0,0,0,11.0,302.9,69182.40000000001,0.19,984.92
401,L47580,1,297.4,308.5,2100,16.9,176,0,0,0,0,0,0,11.100000000000023,302.95,35490.0,0.19,1119.49
402,L47581,1,297.5,308.5,1722,30.4,178,0,0,0,0,0,0,11.0,303.0,52348.799999999996,0.02,646.15
403,L47582,1,297.4,308.6,1678,32.3,180,0,0,0,0,0,0,11.200000000000045,303.0,54199.399999999994,0.29,1393.65
404,L47583,1,297.3,308.6,1273,59.8,182,0,0,0,0,0,0,11.300000000000011,302.95000000000005,76125.4,0.27,1205.07
405,L47584,1,297.3,308.6,1297,45.9,184,0,0,0,0,0,0,11.300000000000011,302.95000000000005,59532.299999999996,0.16,1013.42
406,L47585,1,297.3,308.5,1350,57.6,186,0,0,0,0,0,0,11.199999999999989,302.9,77760.0,0.09,954.73
407,L47586,1,297.4,308.6,1439,51.9,188,0,0,0,0,0,0,11.200000000000045,303.0,74684.09999999999,0.21,1280.41
408,M15267,2,297.4,308.5,1600,42.1,190,0,0,0,0,0,0,11.100000000000023,302.95,67360.0,0.25,757.04
409,M15268,2,297.4,308.6,1434,44.4,193,0,0,0,0,0,0,11.200000000000045,303.0,63669.6,0.24,1081.37
410,L47589,1,297.4,308.6,1459,41.3,196,0,0,0,0,0,0,11.200000000000045,303.0,60256.7,0.29,1252.14
411,M15270,2,297.5,308.6,1472,44.9,198,0,0,0,0,0,0,11.100000000000023,303.05,66092.8,0.19,1160.41
412,L47591,1,297.5,308.7,1429,44.3,201,0,0,0,0,0,0,11.199999999999989,303.1,63304.7,0.1,1480.8
413,L47592,1,297.5,308.6,1388,48.2,203,0,0,0,0,0,0,11.100000000000023,303.05,66901.6,0.15,1114.36
414,L47593,1,297.4,308.4,1573,34.5,205,0,0,0,0,0,0,11.0,302.9,54268.5,0.24,1413.53
415,L47594,1,297.4,308.4,1588,32.5,207,0,0,0,0,0,0,11.0,302.9,51610.0,0.08,1386.75
416,L47595,1,297.5,308.4,1511,42.8,209,0,0,0,0,0,0,10.899999999999977,302.95,64670.799999999996,0.07,1215.59
417,L47596,1,297.4,308.5,1495,37.8,211,0,0,0,0,0,0,11.100000000000023,302.95,56510.99999999999,0.22,1173.93
418,L47597,1,297.4,308.4,1394,50.1,213,0,0,0,0,0,0,11.0,302.9,69839.40000000001,0.13,1002.33
419,L47598,1,297.4,308.4,2151,17.7,0,0,0,0,0,0,0,11.0,302.9,38072.7,0.24,351.81
420,M15279,2,297.3,308.3,1501,38.2,2,0,0,0,0,0,0,11.0,302.8,57338.200000000004,0.04,296.75
421,M15280,2,297.3,308.3,1301,39.6,5,0,0,0,0,0,0,11.0,302.8,51519.6,0.1,206.89
422,M15281,2,297.3,308.3,1657,31.1,8,0,0,0,0,0,0,11.0,302.8,51532.700000000004,0.08,305.02
423,L47602,1,297.3,308.3,1333,55.2,11,0,0,0,0,0,0,11.0,302.8,73581.6,0.21,653.79
424,L47603,1,297.3,308.3,1484,43.9,13,0,0,0,0,0,0,11.0,302.8,65147.6,0.23,420.61
425,L47604,1,297.3,308.4,1430,45.7,15,0,0,0,0,0,0,11.099999999999966,302.85,65351.00000000001,0.14,49.91
426,M15285,2,297.3,308.4,1665,28.9,17,0,0,0,0,0,0,11.099999999999966,302.85,48118.5,0.14,232.66
427,L47606,1,297.4,308.5,1501,44.9,20,0,0,0,0,0,0,11.100000000000023,302.95,67394.9,0.04,345.53
428,M15287,2,297.5,308.5,1496,42.2,22,0,0,0,0,0,0,11.0,303.0,63131.200000000004,0.21,282.68
429,M15288,2,297.6,308.6,1595,36.9,25,0,0,0,0,0,0,11.0,303.1,58855.5,0.3,650.86
430,L47609,1,297.5,308.6,1208,62.3,28,0,0,0,0,0,0,11.100000000000023,303.05,75258.4,0.23,359.96
431,L47610,1,297.5,308.6,1596,37.1,30,0,0,0,0,0,0,11.100000000000023,303.05,59211.600000000006,0.07,270.15
432,L47611,1,297.5,308.5,1446,41.9,32,0,0,0,0,0,0,11.0,303.0,60587.4,0.19,297.39
433,M15292,2,297.6,308.5,1466,39.7,34,0,0,0,0,0,0,10.899999999999977,303.05,58200.200000000004,0.09,283.93
434,M15293,2,297.6,308.5,1848,23.7,37,0,0,0,0,0,0,10.899999999999977,303.05,43797.6,0.01,226.87
435,M15294,2,297.5,308.5,1484,44.7,40,0,0,0,0,0,0,11.0,303.0,66334.8,0.05,8.72
436,L47615,1,297.4,308.3,1493,41.2,43,0,0,0,0,0,0,10.900000000000034,302.85,61511.600000000006,0.03,178.76
437,L47616,1,297.3,308.3,1504,36.3,45,0,0,0,0,0,0,11.0,302.8,54595.2,0.06,100.02
438,L47617,1,297.3,308.3,1538,38.5,47,0,0,0,0,0,0,11.0,302.8,59213.0,0.24,413.93
439,L47618,1,297.4,308.4,1341,52.2,49,0,0,0,0,0,0,11.0,302.9,70000.2,0.09,215.73
440,M15299,2,297.4,308.3,1535,34.6,51,0,0,0,0,0,0,10.900000000000034,302.85,53111.0,0.23,636.77
441,L47620,1,297.4,308.5,1389,39.2,54,0,0,0,0,0,0,11.100000000000023,302.95,54448.8,0.28,703.51
442,H29855,0,297.5,308.5,1393,46.6,56,0,0,0,0,0,0,11.0,303.0,64913.8,0.17,534.04
443,L47622,1,297.4,308.5,1399,61.5,61,1,0,0,1,0,0,11.100000000000023,302.95,86038.5,6.29,6404.85
444,H29857,0,297.4,308.5,1469,45.1,63,0,0,0,0,0,0,11.100000000000023,302.95,66251.90000000001,0.23,530.28
445,L47624,1,297.4,308.4,1582,37.2,68,0,0,0,0,0,0,11.0,302.9,58850.4,0.03,167.92
446,L47625,1,297.5,308.6,1793,26.7,70,0,0,0,0,0,0,11.100000000000023,303.05,47873.1,0.13,457.91
447,L47626,1,297.5,308.6,1452,39.0,72,0,0,0,0,0,0,11.100000000000023,303.05,56628.0,0.15,607.11
448,M15307,2,297.6,308.7,1376,59.9,74,0,0,0,0,0,0,11.099999999999966,303.15,82422.4,0.25,768.82
449,L47628,1,297.5,308.6,1552,44.9,77,0,0,0,0,0,0,11.100000000000023,303.05,69684.8,0.24,695.93
450,L47629,1,297.6,308.7,1622,37.9,79,0,0,0,0,0,0,11.099999999999966,303.15,61473.799999999996,0.25,833.77
451,M15310,2,297.6,308.7,1419,41.7,81,0,0,0,0,0,0,11.099999999999966,303.15,59172.3,0.21,653.96
452,H29865,0,297.5,308.6,1440,46.1,84,0,0,0,0,0,0,11.100000000000023,303.05,66384.0,0.16,544.97
453,M15312,2,297.4,308.6,1643,31.0,89,0,0,0,0,0,0,11.200000000000045,303.0,50933.0,0.25,826.05
454,L47633,1,297.4,308.7,1510,36.2,92,0,0,0,0,0,0,11.300000000000011,303.04999999999995,54662.00000000001,0.26,855.97
455,L47634,1,297.4,308.7,1468,46.6,94,0,0,0,0,0,0,11.300000000000011,303.04999999999995,68408.8,0.14,531.37
456,L47635,1,297.4,308.7,1429,57.4,96,0,0,0,0,0,0,11.300000000000011,303.04999999999995,82024.59999999999,0.3,836.85
457,H29870,0,297.3,308.7,1478,47.6,98,0,0,0,0,0,0,11.399999999999977,303.0,70352.8,0.26,705.85
458,L47637,1,297.4,308.6,1276,53.6,103,0,0,0,0,0,0,11.200000000000045,303.0,68393.6,0.15,363.71
459,L47638,1,297.3,308.6,1486,42.6,105,0,0,0,0,0,0,11.300000000000011,302.95000000000005,63303.6,0.02,611.02
460,L47639,1,297.4,308.6,1476,42.3,107,0,0,0,0,0,0,11.200000000000045,303.0,62434.799999999996,0.07,410.82
461,H29874,0,297.3,308.6,1431,42.0,109,0,0,0,0,0,0,11.300000000000011,302.95000000000005,60102.0,0.23,824.23
462,L47641,1,297.4,308.7,1402,40.2,114,0,0,0,0,0,0,11.300000000000011,303.04999999999995,56360.4,0.03,369.7
463,L47642,1,297.4,308.7,1433,43.4,116,0,0,0,0,0,0,11.300000000000011,303.04999999999995,62192.2,0.14,612.05
464,L47643,1,297.4,308.7,2874,4.2,118,1,0,0,1,0,0,11.300000000000011,303.04999999999995,12070.800000000001,4.34,4864.96
465,L47644,1,297.3,308.6,1511,35.7,120,0,0,0,0,0,0,11.300000000000011,302.95000000000005,53942.700000000004,0.26,1040.26
466,M15325,2,297.3,308.6,1456,42.9,122,0,0,0,0,0,0,11.300000000000011,302.95000000000005,62462.4,0.25,779.97
467,L47646,1,297.2,308.5,1550,41.5,125,0,0,0,0,0,0,11.300000000000011,302.85,64325.0,0.23,693.75
468,L47647,1,297.2,308.5,2182,16.5,127,0,0,0,0,0,0,11.300000000000011,302.85,36003.0,0.12,809.65
469,L47648,1,297.3,308.7,1619,31.6,129,0,0,0,0,0,0,11.399999999999977,303.0,51160.4,0.04,652.45
470,M15329,2,297.3,308.8,1586,32.7,131,0,0,0,0,0,0,11.5,303.05,51862.200000000004,0.2,973.58
471,H29884,0,297.3,308.8,1499,44.2,134,0,0,0,0,0,0,11.5,303.05,66255.8,0.05,568.22
472,H29885,0,297.3,308.8,1419,42.4,139,0,0,0,0,0,0,11.5,303.05,60165.6,0.17,896.63
473,M15332,2,297.4,309.0,1497,41.8,144,0,0,0,0,0,0,11.600000000000023,303.2,62574.6,0.29,1380.44
474,M15333,2,297.4,309.0,1520,37.0,147,0,0,0,0,0,0,11.600000000000023,303.2,56240.0,0.17,869.11
475,L47654,1,297.4,309.1,1478,49.8,150,0,0,0,0,0,0,11.700000000000045,303.25,73604.4,0.19,968.01
476,L47655,1,297.4,309.1,1380,41.1,152,0,0,0,0,0,0,11.700000000000045,303.25,56718.0,0.2,710.84
477,L47656,1,297.4,309.0,1570,37.9,154,0,0,0,0,0,0,11.600000000000023,303.2,59503.0,0.25,892.05
478,H29891,0,297.4,309.0,1468,41.4,156,0,0,0,0,0,0,11.600000000000023,303.2,60775.2,0.13,978.96
479,L47658,1,297.4,309.0,1833,22.6,161,0,0,0,0,0,0,11.600000000000023,303.2,41425.8,0.15,905.52
480,M15339,2,297.4,308.9,1323,57.3,163,0,0,0,0,0,0,11.5,303.15,75807.9,0.05,957.16
481,L47660,1,297.4,309.0,1583,32.0,166,0,0,0,0,0,0,11.600000000000023,303.2,50656.0,0.18,1073.74
482,M15341,2,297.3,309.0,1556,39.5,168,0,0,0,0,0,0,11.699999999999989,303.15,61462.0,0.09,732.3
483,L47662,1,297.3,309.0,1548,37.4,171,0,0,0,0,0,0,11.699999999999989,303.15,57895.2,0.15,1157.3
484,L47663,1,297.4,309.0,1324,56.9,173,0,0,0,0,0,0,11.600000000000023,303.2,75335.59999999999,0.23,908.6
485,L47664,1,297.4,309.0,1568,33.7,175,0,0,0,0,0,0,11.600000000000023,303.2,52841.600000000006,0.01,770.26
486,M15345,2,297.4,309.0,1685,30.7,177,0,0,0,0,0,0,11.600000000000023,303.2,51729.5,0.17,1089.42
487,M15346,2,297.4,309.1,1582,35.9,180,0,0,0,0,0,0,11.700000000000045,303.25,56793.799999999996,0.05,1185.05
488,M15347,2,297.4,309.1,1463,35.0,183,0,0,0,0,0,0,11.700000000000045,303.25,51205.0,0.08,844.42
489,L47668,1,297.4,309.2,1584,42.8,186,0,0,0,0,0,0,11.800000000000011,303.29999999999995,67795.2,0.01,962.15
490,M15349,2,297.5,309.2,1347,55.8,188,0,0,0,0,0,0,11.699999999999989,303.35,75162.59999999999,0.05,1013.4
491,L47670,1,297.4,309.2,1459,37.9,191,0,0,0,0,0,0,11.800000000000011,303.29999999999995,55296.1,0.3,1353.6
492,L47671,1,297.4,309.2,1420,45.6,193,0,0,0,0,0,0,11.800000000000011,303.29999999999995,64752.0,0.3,1442.6
493,L47672,1,297.5,309.3,1404,43.5,195,0,0,0,0,0,0,11.800000000000011,303.4,61074.0,0.22,1134.39
494,L47673,1,297.5,309.3,1470,38.8,197,0,0,0,0,0,0,11.800000000000011,303.4,57035.99999999999,0.18,1316.78
495,L47674,1,297.6,309.4,1326,49.8,199,0,0,0,0,0,0,11.799999999999955,303.5,66034.8,0.23,1424.55
496,H29909,0,297.5,309.3,1459,49.7,201,0,0,0,0,0,0,11.800000000000011,303.4,72512.3,0.27,1542.59
497,M15356,2,297.5,309.2,1530,40.0,206,0,0,0,0,0,0,11.699999999999989,303.35,61200.0,0.16,1265.29
498,L47677,1,297.4,309.0,1505,39.2,209,0,0,0,0,0,0,11.600000000000023,303.2,58996.00000000001,0.01,1078.62
499,L47678,1,297.5,309.1,1611,30.2,211,0,0,0,0,0,0,11.600000000000023,303.3,48652.2,0.21,1193.81
500,L47679,1,297.5,309.1,1515,35.1,213,0,0,0,0,0,0,11.600000000000023,303.3,53176.5,0.3,1146.15
501,M15360,2,297.5,309.2,1804,27.4,215,0,0,0,0,0,0,11.699999999999989,303.35,49429.6,0.08,1113.31
502,M15361,2,297.6,309.3,1464,46.2,218,0,0,0,0,0,0,11.699999999999989,303.45000000000005,67636.8,0.14,1246.85
503,L47682,1,297.6,309.2,1390,43.3,221,0,0,0,0,0,0,11.599999999999966,303.4,60186.99999999999,0.11,1198.58
504,M15363,2,297.6,309.2,1442,48.1,0,0,0,0,0,0,0,11.599999999999966,303.4,69360.2,0.12,209.66
505,M15364,2,297.6,309.3,1529,41.9,3,0,0,0,0,0,0,11.699999999999989,303.45000000000005,64065.1,0.22,16.87
506,L47685,1,297.6,309.3,1610,35.0,6,0,0,0,0,0,0,11.699999999999989,303.45000000000005,56350.0,0.11,112.7
507,L47686,1,297.6,309.3,1543,34.3,8,0,0,0,0,0,0,11.699999999999989,303.45000000000005,52924.899999999994,0.28,619.22
508,H29921,0,297.8,309.4,1445,48.2,10,0,0,0,0,0,0,11.599999999999966,303.6,69649.0,0.24,439.34
509,L47688,1,297.7,309.3,1893,24.6,15,0,0,0,0,0,0,11.600000000000023,303.5,46567.8,0.01,177.43
510,M15369,2,297.6,309.3,1415,41.3,17,0,0,0,0,0,0,11.699999999999989,303.45000000000005,58439.49999999999,0.25,393.6
511,L47690,1,297.5,309.3,1564,37.5,20,0,0,0,0,0,0,11.800000000000011,303.4,58650.0,0.23,275.19
512,L47691,1,297.5,309.3,1479,39.4,22,0,0,0,0,0,0,11.800000000000011,303.4,58272.6,0.15,0.0
513,L47692,1,297.5,309.2,1426,44.8,24,0,0,0,0,0,0,11.699999999999989,303.35,63884.799999999996,0.15,338.57
514,L47693,1,297.4,309.2,1428,38.8,26,0,0,0,0,0,0,11.800000000000011,303.29999999999995,55406.399999999994,0.25,12.74
515,L47694,1,297.4,309.2,1620,33.2,28,0,0,0,0,0,0,11.800000000000011,303.29999999999995,53784.00000000001,0.13,221.17
516,L47695,1,297.5,309.2,1715,28.0,30,0,0,0,0,0,0,11.699999999999989,303.35,48020.0,0.05,199.45
517,L47696,1,297.5,309.3,1732,29.9,32,0,0,0,0,0,0,11.800000000000011,303.4,51786.799999999996,0.09,182.92
518,M15377,2,297.5,309.4,1391,58.2,34,0,0,0,0,0,0,11.899999999999977,303.45,80956.2,0.08,575.71
519,L47698,1,297.6,309.5,1924,20.6,37,0,0,0,0,0,0,11.899999999999977,303.55,39634.4,0.2,658.65
520,M15379,2,297.7,309.5,2027,19.8,39,0,0,0,0,0,0,11.800000000000011,303.6,40134.6,0.05,399.92
521,L47700,1,297.6,309.5,1617,36.2,42,0,0,0,0,0,0,11.899999999999977,303.55,58535.4,0.19,261.2
522,L47701,1,297.5,309.4,1497,35.8,44,0,0,0,0,0,0,11.899999999999977,303.45,53592.6,0.14,648.21
523,M15382,2,297.5,309.5,1448,43.7,46,0,0,0,0,0,0,12.0,303.5,63277.600000000006,0.25,572.85
524,L47703,1,297.4,309.4,1401,45.9,49,0,0,0,0,0,0,12.0,303.4,64305.9,0.15,253.7
525,L47704,1,297.4,309.4,1620,35.4,51,0,0,0,0,0,0,12.0,303.4,57348.0,0.28,539.91
526,L47705,1,297.4,309.4,1466,45.5,53,0,0,0,0,0,0,12.0,303.4,66703.0,0.27,678.79
527,L47706,1,297.6,309.5,1373,50.6,55,0,0,0,0,0,0,11.899999999999977,303.55,69473.8,0.06,245.17
528,M15387,2,297.6,309.6,1592,35.8,57,0,0,0,0,0,0,12.0,303.6,56993.6,0.21,516.08
529,M15388,2,297.5,309.5,1553,42.4,60,0,0,0,0,0,0,12.0,303.5,65847.2,0.06,407.47
530,L47709,1,297.6,309.5,1569,36.2,63,0,0,0,0,0,0,11.899999999999977,303.55,56797.8,0.25,399.87
531,M15390,2,297.6,309.5,1709,32.2,65,0,0,0,0,0,0,11.899999999999977,303.55,55029.8,0.19,474.49
532,L47711,1,297.6,309.5,1549,34.9,68,0,0,0,0,0,0,11.899999999999977,303.55,54060.1,0.09,276.18
533,L47712,1,297.5,309.4,1443,45.4,70,0,0,0,0,0,0,11.899999999999977,303.45,65512.2,0.07,550.3
534,L47713,1,297.5,309.3,1675,29.8,72,0,0,0,0,0,0,11.800000000000011,303.4,49915.0,0.13,353.79
535,L47714,1,297.5,309.3,1623,33.4,74,0,0,0,0,0,0,11.800000000000011,303.4,54208.2,0.24,653.77
536,H29949,0,297.4,309.3,1365,52.4,76,0,0,0,0,0,0,11.900000000000034,303.35,71526.0,0.24,411.48
537,L47716,1,297.4,309.3,1759,24.8,81,0,0,0,0,0,0,11.900000000000034,303.35,43623.200000000004,0.01,244.98
538,H29951,0,297.4,309.3,1516,43.0,83,0,0,0,0,0,0,11.900000000000034,303.35,65188.0,0.09,327.72
539,M15398,2,297.4,309.3,1499,36.8,88,0,0,0,0,0,0,11.900000000000034,303.35,55163.2,0.13,526.56
540,M15399,2,297.4,309.3,1775,25.8,91,0,0,0,0,0,0,11.900000000000034,303.35,45795.0,0.18,662.06
541,L47720,1,297.4,309.4,1473,45.5,94,0,0,0,0,0,0,12.0,303.4,67021.5,0.04,564.71
542,L47721,1,297.4,309.4,1296,52.3,96,0,0,0,0,0,0,12.0,303.4,67780.8,0.1,314.16
543,L47722,1,297.5,309.4,1803,24.7,98,0,0,0,0,0,0,11.899999999999977,303.45,44534.1,0.27,734.7
544,H29957,0,297.5,309.3,1563,36.1,100,0,0,0,0,0,0,11.800000000000011,303.4,56424.3,0.14,527.41
545,M15404,2,297.5,309.4,1831,26.6,105,0,0,0,0,0,0,11.899999999999977,303.45,48704.600000000006,0.22,825.13
546,L47725,1,297.6,309.4,1958,22.1,108,0,0,0,0,0,0,11.799999999999955,303.5,43271.8,0.15,649.85
547,L47726,1,297.5,309.4,1809,24.3,110,0,0,0,0,0,0,11.899999999999977,303.45,43958.700000000004,0.14,677.88
548,M15407,2,297.5,309.4,1482,39.3,112,0,0,0,0,0,0,11.899999999999977,303.45,58242.6,0.19,638.26
549,L47728,1,297.4,309.3,1332,53.2,115,0,0,0,0,0,0,11.900000000000034,303.35,70862.40000000001,0.08,913.7
550,L47729,1,297.4,309.2,1437,40.4,117,0,0,0,0,0,0,11.800000000000011,303.29999999999995,58054.799999999996,0.07,462.46
551,L47730,1,297.4,309.2,1698,29.4,119,0,0,0,0,0,0,11.800000000000011,303.29999999999995,49921.2,0.3,835.04
552,L47731,1,297.4,309.2,1274,54.3,121,0,0,0,0,0,0,11.800000000000011,303.29999999999995,69178.2,0.26,881.14
553,M15412,2,297.4,309.3,1622,35.0,123,0,0,0,0,0,0,11.900000000000034,303.35,56770.0,0.22,797.3
554,M15413,2,297.4,309.3,1564,36.0,126,0,0,0,0,0,0,11.900000000000034,303.35,56304.0,0.04,555.41
555,H29968,0,297.5,309.4,1368,45.3,129,0,0,0,0,0,0,11.899999999999977,303.45,61970.399999999994,0.01,383.25
556,M15415,2,297.4,309.4,1539,42.2,134,0,0,0,0,0,0,12.0,303.4,64945.8,0.05,616.27
557,L47736,1,297.5,309.4,1357,50.1,137,0,0,0,0,0,0,11.899999999999977,303.45,67985.7,0.28,821.09
558,M15417,2,297.5,309.4,1433,48.3,139,0,0,0,0,0,0,11.899999999999977,303.45,69213.9,0.24,1186.88
559,L47738,1,297.5,309.4,1650,34.6,142,0,0,0,0,0,0,11.899999999999977,303.45,57090.0,0.16,1209.7
560,L47739,1,297.5,309.4,1503,40.6,144,0,0,0,0,0,0,11.899999999999977,303.45,61021.8,0.29,1002.38
561,L47740,1,297.5,309.4,1318,58.2,146,0,0,0,0,0,0,11.899999999999977,303.45,76707.6,0.04,559.29
562,M15421,2,297.5,309.4,1678,34.4,148,0,0,0,0,0,0,11.899999999999977,303.45,57723.2,0.17,1020.71
563,L47742,1,297.6,309.5,1574,30.9,151,0,0,0,0,0,0,11.899999999999977,303.55,48636.6,0.05,657.84
564,L47743,1,297.7,309.6,1529,35.2,153,0,0,0,0,0,0,11.900000000000034,303.65,53820.8,0.09,772.62
565,H29978,0,297.6,309.6,1669,32.1,155,0,0,0,0,0,0,12.0,303.6,53574.9,0.28,960.67
566,H29979,0,297.7,309.7,1570,35.8,160,0,0,0,0,0,0,12.0,303.7,56205.99999999999,0.26,984.92
567,M15426,2,297.6,309.7,1541,33.7,165,0,0,0,0,0,0,12.099999999999966,303.65,51931.700000000004,0.03,801.79
568,M15427,2,297.7,309.7,1680,30.2,168,0,0,0,0,0,0,12.0,303.7,50736.0,0.07,712.97
569,L47748,1,297.8,309.7,1935,22.1,171,0,0,0,0,0,0,11.899999999999977,303.75,42763.5,0.18,929.7
570,M15429,2,297.7,309.6,1596,35.2,173,0,0,0,0,0,0,11.900000000000034,303.65,56179.200000000004,0.02,1037.99
571,L47750,1,297.7,309.7,1498,41.0,176,0,0,0,0,0,0,12.0,303.7,61418.0,0.17,1044.97
572,M15431,2,297.8,309.8,1676,29.0,178,0,0,0,0,0,0,12.0,303.8,48604.0,0.18,1088.8
573,L47752,1,297.8,309.9,1351,49.0,181,0,0,0,0,0,0,12.099999999999966,303.85,66199.0,0.09,660.16
574,L47753,1,297.9,309.9,1472,45.0,183,0,0,0,0,0,0,12.0,303.9,66240.0,0.09,1147.17
575,M15434,2,297.9,310.0,1439,41.7,185,0,0,0,0,0,0,12.100000000000023,303.95,60006.3,0.07,892.17
576,M15435,2,297.9,309.9,1410,55.4,188,0,0,0,0,0,0,12.0,303.9,78114.0,0.28,1388.6
577,H29990,0,297.7,309.7,1440,51.1,191,0,0,0,0,0,0,12.0,303.7,73584.0,0.12,1098.14
578,L47757,1,297.7,309.7,1591,37.7,196,0,0,0,0,0,0,12.0,303.7,59980.700000000004,0.18,1075.69
579,L47758,1,297.8,309.8,1533,36.8,198,0,0,0,0,0,0,12.0,303.8,56414.399999999994,0.09,828.33
580,M15439,2,297.8,309.7,1700,31.3,200,0,0,0,0,0,0,11.899999999999977,303.75,53210.0,0.21,1536.23
581,M15440,2,297.8,309.8,1798,25.5,203,0,0,0,0,0,0,12.0,303.8,45849.0,0.03,1165.49
582,L47761,1,297.8,309.7,1394,42.9,206,0,0,0,0,0,0,11.899999999999977,303.75,59802.6,0.02,1179.46
583,L47762,1,297.8,309.7,1341,49.2,208,0,0,0,0,0,0,11.899999999999977,303.75,65977.2,0.22,1532.82
584,H29997,0,297.7,309.6,1697,32.2,210,0,0,0,0,0,0,11.900000000000034,303.65,54643.4,0.22,1303.61
585,H29998,0,297.6,309.6,1419,48.2,215,0,0,0,0,0,0,12.0,303.6,68395.8,0.08,1357.86
586,L47765,1,297.6,309.5,2001,20.5,220,0,0,0,0,0,0,11.899999999999977,303.55,41020.5,0.11,1138.21
587,L47766,1,297.6,309.6,1501,49.8,222,1,0,0,0,1,0,12.0,303.6,74749.8,7.06,8280.64
588,H30001,0,297.6,309.5,1623,33.1,224,0,0,0,0,0,0,11.899999999999977,303.55,53721.3,0.03,1055.49
589,L47768,1,297.6,309.4,1628,33.4,229,0,0,0,0,0,0,11.799999999999955,303.5,54375.2,0.05,1119.42
590,L47769,1,297.6,309.4,1491,40.2,231,0,0,0,0,0,0,11.799999999999955,303.5,59938.200000000004,0.13,1299.55
591,L47770,1,297.5,309.4,1517,36.7,233,0,0,0,0,0,0,11.899999999999977,303.45,55673.9,0.08,1054.89
592,H30005,0,297.5,309.3,1525,41.7,235,0,0,0,0,0,0,11.800000000000011,303.4,63592.50000000001,0.19,1414.41
593,H30006,0,297.5,309.5,1668,27.9,240,0,0,0,0,0,0,12.0,303.5,46537.2,0.21,1363.21
594,L47773,1,297.5,309.6,1312,50.7,0,0,0,0,0,0,0,12.100000000000023,303.55,66518.40000000001,0.16,0.0
595,H30008,0,297.6,309.6,1278,50.4,2,0,0,0,0,0,0,12.0,303.6,64411.2,0.18,121.35
596,M15455,2,297.6,309.6,1330,53.1,7,0,0,0,0,0,0,12.0,303.6,70623.0,0.13,113.24
597,M15456,2,297.6,309.6,1530,37.3,10,0,0,0,0,0,0,12.0,303.6,57068.99999999999,0.23,407.93
598,H30011,0,297.6,309.6,1428,46.6,13,0,0,0,0,0,0,12.0,303.6,66544.8,0.01,117.78
599,L47778,1,297.7,309.6,1480,47.9,18,0,0,0,0,0,0,11.900000000000034,303.65,70892.0,0.09,397.12
600,H30013,0,297.7,309.7,1616,31.1,20,0,0,0,0,0,0,12.0,303.7,50257.600000000006,0.21,388.02
601,L47780,1,297.8,309.7,1547,37.3,25,0,0,0,0,0,0,11.899999999999977,303.75,57703.1,0.1,141.91
602,L47781,1,297.9,309.7,2194,16.8,27,0,0,0,0,0,0,11.800000000000011,303.79999999999995,36859.200000000004,0.02,146.25
603,L47782,1,297.9,309.8,2000,21.3,29,0,0,0,0,0,0,11.900000000000034,303.85,42600.0,0.1,192.79
604,L47783,1,297.9,309.8,1336,71.6,31,1,0,0,1,0,0,11.900000000000034,303.85,95657.59999999999,5.5,5728.2
605,L47784,1,297.9,309.9,1542,33.8,33,0,0,0,0,0,0,12.0,303.9,52119.6,0.04,213.97
606,M15465,2,297.9,309.8,1693,29.9,35,0,0,0,0,0,0,11.900000000000034,303.85,50620.7,0.22,300.72
607,L47786,1,297.9,309.8,1461,50.5,38,0,0,0,0,0,0,11.900000000000034,303.85,73780.5,0.23,421.29
608,M15467,2,298.0,309.9,1565,33.9,40,0,0,0,0,0,0,11.899999999999977,303.95,53053.5,0.19,459.18
609,L47788,1,298.0,309.9,1403,47.7,43,0,0,0,0,0,0,11.899999999999977,303.95,66923.1,0.07,134.04
610,L47789,1,298.1,309.9,1629,32.5,45,0,0,0,0,0,0,11.799999999999955,304.0,52942.5,0.24,512.55
611,L47790,1,298.1,310.0,1534,33.7,47,0,0,0,0,0,0,11.899999999999977,304.05,51695.8,0.06,58.2
612,L47791,1,298.1,310.0,1553,40.9,49,0,0,0,0,0,0,11.899999999999977,304.05,63517.7,0.27,680.84
613,L47792,1,298.1,309.9,1563,32.8,51,0,0,0,0,0,0,11.799999999999955,304.0,51266.399999999994,0.21,544.08
614,L47793,1,298.1,309.9,1634,30.0,53,0,0,0,0,0,0,11.799999999999955,304.0,49020.0,0.02,529.39
615,M15474,2,298.0,309.9,1445,45.2,55,0,0,0,0,0,0,11.899999999999977,303.95,65314.00000000001,0.24,347.51
616,L47795,1,298.1,309.9,1642,30.4,58,0,0,0,0,0,0,11.799999999999955,304.0,49916.799999999996,0.15,610.02
617,H30030,0,298.1,309.9,1686,29.1,60,0,0,0,0,0,0,11.799999999999955,304.0,49062.600000000006,0.14,580.37
618,M15477,2,298.1,310.0,1393,43.1,65,0,0,0,0,0,0,11.899999999999977,304.05,60038.3,0.13,427.67
619,H30032,0,298.2,310.0,1433,44.2,68,0,0,0,0,0,0,11.800000000000011,304.1,63338.600000000006,0.18,463.5
620,L47799,1,298.3,310.0,1507,44.7,73,0,0,0,0,0,0,11.699999999999989,304.15,67362.90000000001,0.22,422.23
621,M15480,2,298.3,310.1,1389,49.6,75,0,0,0,0,0,0,11.800000000000011,304.20000000000005,68894.40000000001,0.27,443.13
622,L47801,1,298.3,310.1,1408,45.3,78,0,0,0,0,0,0,11.800000000000011,304.20000000000005,63782.399999999994,0.08,357.31
623,M15482,2,298.4,310.2,1725,32.0,80,0,0,0,0,0,0,11.800000000000011,304.29999999999995,55200.0,0.19,401.63
624,L47803,1,298.4,310.1,1926,23.7,83,0,0,0,0,0,0,11.700000000000045,304.25,45646.2,0.21,864.36
625,H30038,0,298.3,310.1,1509,37.6,85,0,0,0,0,0,0,11.800000000000011,304.20000000000005,56738.4,0.2,399.69
626,L47805,1,298.3,310.1,1545,36.3,90,0,0,0,0,0,0,11.800000000000011,304.20000000000005,56083.49999999999,0.15,622.33
627,L47806,1,298.4,310.1,1533,35.2,92,0,0,0,0,0,0,11.700000000000045,304.25,53961.600000000006,0.12,645.36
628,L47807,1,298.4,310.1,1455,42.2,94,0,0,0,0,0,0,11.700000000000045,304.25,61401.00000000001,0.23,753.62
629,M15488,2,298.4,310.1,1335,57.8,96,0,0,0,0,0,0,11.700000000000045,304.25,77163.0,0.09,636.79
630,L47809,1,298.3,310.1,1523,45.9,99,0,0,0,0,0,0,11.800000000000011,304.20000000000005,69905.7,0.06,696.96
631,L47810,1,298.3,310.0,1460,47.6,101,0,0,0,0,0,0,11.699999999999989,304.15,69496.0,0.16,598.11
632,L47811,1,298.4,310.0,1554,37.3,103,0,0,0,0,0,0,11.600000000000023,304.2,57964.2,0.08,608.13
633,H30046,0,298.3,310.0,1419,47.1,105,0,0,0,0,0,0,11.699999999999989,304.15,66834.90000000001,0.01,490.97
634,L47813,1,298.3,310.0,1442,43.9,110,0,0,0,0,0,0,11.699999999999989,304.15,63303.799999999996,0.02,765.38
635,L47814,1,298.3,309.9,1507,41.6,112,0,0,0,0,0,0,11.599999999999966,304.1,62691.200000000004,0.21,1084.98
636,L47815,1,298.3,310.0,1858,23.9,114,0,0,0,0,0,0,11.699999999999989,304.15,44406.2,0.29,680.91
637,L47816,1,298.3,309.9,1463,43.9,116,0,0,0,0,0,0,11.599999999999966,304.1,64225.7,0.14,415.33
638,L47817,1,298.2,309.7,1585,37.4,118,0,0,0,0,0,0,11.5,303.95,59279.0,0.04,715.37
639,L47818,1,298.0,309.6,1536,37.3,120,0,0,0,0,0,0,11.600000000000023,303.8,57292.799999999996,0.25,1010.56
640,L47819,1,298.0,309.6,1403,51.3,122,0,0,0,0,0,0,11.600000000000023,303.8,71973.9,0.08,983.55
641,M15500,2,297.9,309.6,1515,38.8,124,0,0,0,0,0,0,11.700000000000045,303.75,58781.99999999999,0.3,1030.68
642,L47821,1,297.9,309.5,1390,47.9,127,0,0,0,0,0,0,11.600000000000023,303.7,66581.0,0.17,1014.37
643,M15502,2,297.8,309.4,1226,58.7,129,0,0,0,0,0,0,11.599999999999966,303.6,71966.2,0.07,964.01
644,M15503,2,297.8,309.4,1495,36.5,132,0,0,0,0,0,0,11.599999999999966,303.6,54567.5,0.15,1029.72
645,H30058,0,297.7,309.4,1608,30.2,135,0,0,0,0,0,0,11.699999999999989,303.54999999999995,48561.6,0.1,907.17
646,L47825,1,297.7,309.4,1392,44.1,140,0,0,0,0,0,0,11.699999999999989,303.54999999999995,61387.200000000004,0.23,737.67
647,M15506,2,297.7,309.4,1461,43.7,142,0,0,0,0,0,0,11.699999999999989,303.54999999999995,63845.700000000004,0.03,738.75
648,L47827,1,297.7,309.3,1559,36.9,145,0,0,0,0,0,0,11.600000000000023,303.5,57527.1,0.26,1030.01
649,H30062,0,297.7,309.3,1400,48.9,147,0,0,0,0,0,0,11.600000000000023,303.5,68460.0,0.23,950.03
650,M15509,2,297.7,309.2,1732,28.8,152,0,0,0,0,0,0,11.5,303.45,49881.6,0.26,1014.28
651,L47830,1,297.6,309.2,1611,33.1,155,0,0,0,0,0,0,11.599999999999966,303.4,53324.100000000006,0.27,1280.08
652,L47831,1,297.6,309.1,1503,38.9,157,0,0,0,0,0,0,11.5,303.35,58466.7,0.07,741.48
653,L47832,1,297.7,309.2,1391,44.5,159,0,0,0,0,0,0,11.5,303.45,61899.5,0.16,1074.86
654,L47833,1,297.8,309.3,2015,20.1,161,0,0,0,0,0,0,11.5,303.55,40501.5,0.25,1102.47
655,L47834,1,297.8,309.2,1683,30.9,163,0,0,0,0,0,0,11.399999999999977,303.5,52004.7,0.11,796.37
656,L47835,1,297.7,309.1,1435,38.8,165,0,0,0,0,0,0,11.400000000000034,303.4,55677.99999999999,0.02,683.51
657,M15516,2,297.7,309.1,1732,28.1,167,0,0,0,0,0,0,11.400000000000034,303.4,48669.200000000004,0.09,669.8
658,L47837,1,297.7,309.2,1365,58.6,170,0,0,0,0,0,0,11.5,303.45,79989.0,0.07,992.84
659,L47838,1,297.7,309.1,1562,36.8,172,0,0,0,0,0,0,11.400000000000034,303.4,57481.6,0.26,1110.51
660,L47839,1,297.6,309.1,1449,49.1,174,0,0,0,0,0,0,11.5,303.35,71145.90000000001,0.14,886.13
661,M15520,2,297.7,309.2,1700,27.4,176,0,0,0,0,0,0,11.5,303.45,46580.0,0.21,808.58
662,M15521,2,297.6,309.0,1427,45.6,179,0,0,0,0,0,0,11.399999999999977,303.3,65071.200000000004,0.29,1249.91
663,M15522,2,297.6,308.9,1479,38.1,182,0,0,0,0,0,0,11.299999999999955,303.25,56349.9,0.09,973.94
664,L47843,1,297.5,308.9,1469,44.0,185,0,0,0,0,0,0,11.399999999999977,303.2,64636.0,0.23,1047.95
665,L47844,1,297.5,308.9,1390,47.4,187,0,0,0,0,0,0,11.399999999999977,303.2,65886.0,0.01,800.39
666,L47845,1,297.5,308.9,1729,28.1,189,0,0,0,0,0,0,11.399999999999977,303.2,48584.9,0.03,939.21
667,L47846,1,297.5,309.0,1470,43.5,191,0,0,0,0,0,0,11.5,303.25,63945.0,0.05,1075.5
668,L47847,1,297.5,308.9,1459,48.5,193,0,0,0,0,0,0,11.399999999999977,303.2,70761.5,0.09,1005.5
669,L47848,1,297.5,308.9,1738,24.0,195,0,0,0,0,0,0,11.399999999999977,303.2,41712.0,0.12,916.72
670,H30083,0,297.5,308.9,1471,37.7,197,0,0,0,0,0,0,11.399999999999977,303.2,55456.700000000004,0.14,1116.28
671,L47850,1,297.6,309.0,1822,25.4,202,0,0,0,0,0,0,11.399999999999977,303.3,46278.799999999996,0.07,1236.83
672,L47851,1,297.5,308.9,1554,34.8,204,0,0,0,0,0,0,11.399999999999977,303.2,54079.2,0.02,1046.04
673,M15532,2,297.6,308.9,1433,43.2,206,0,0,0,0,0,0,11.299999999999955,303.25,61905.600000000006,0.2,1240.26
674,L47853,1,297.6,308.9,1449,47.7,209,0,0,0,0,0,0,11.299999999999955,303.25,69117.3,0.01,1006.15
675,L47854,1,297.8,309.0,1456,41.2,0,0,0,0,0,0,0,11.199999999999989,303.4,59987.200000000004,0.24,106.55
676,M15535,2,297.8,309.1,1424,45.5,2,0,0,0,0,0,0,11.300000000000011,303.45000000000005,64792.0,0.28,151.57
677,H30090,0,297.9,309.2,1577,34.7,5,0,0,0,0,0,0,11.300000000000011,303.54999999999995,54721.9,0.21,0.0
678,L47857,1,297.9,309.2,1478,39.7,10,0,0,0,0,0,0,11.300000000000011,303.54999999999995,58676.600000000006,0.18,407.18
679,M15538,2,297.8,309.2,1295,61.2,12,0,0,0,0,0,0,11.399999999999977,303.5,79254.0,0.2,329.37
680,L47859,1,297.8,309.2,1372,47.3,15,0,0,0,0,0,0,11.399999999999977,303.5,64895.6,0.2,287.37
681,M15540,2,297.8,309.1,1432,42.6,17,0,0,0,0,0,0,11.300000000000011,303.45000000000005,61003.200000000004,0.28,409.34
682,M15541,2,297.7,309.0,1656,33.2,20,0,0,0,0,0,0,11.300000000000011,303.35,54979.200000000004,0.29,440.93
683,H30096,0,297.8,309.0,1410,48.8,23,0,0,0,0,0,0,11.199999999999989,303.4,68808.0,0.13,134.82
684,L47863,1,297.7,309.0,1874,24.4,28,0,0,0,0,0,0,11.300000000000011,303.35,45725.6,0.19,281.21
685,L47864,1,297.7,309.0,1538,43.2,30,0,0,0,0,0,0,11.300000000000011,303.35,66441.6,0.24,318.87
686,M15545,2,297.7,309.0,1636,29.7,32,0,0,0,0,0,0,11.300000000000011,303.35,48589.2,0.0,536.71
687,M15546,2,297.7,309.0,1504,40.4,35,0,0,0,0,0,0,11.300000000000011,303.35,60761.6,0.16,488.03
688,M15547,2,297.7,309.0,1531,42.4,38,0,0,0,0,0,0,11.300000000000011,303.35,64914.4,0.2,415.18
689,H30102,0,297.6,309.0,1735,26.4,41,0,0,0,0,0,0,11.399999999999977,303.3,45804.0,0.22,629.9
690,H30103,0,297.6,309.0,1354,55.6,46,0,0,0,0,0,0,11.399999999999977,303.3,75282.40000000001,0.11,525.95
691,H30104,0,297.6,309.0,1413,40.2,51,0,0,0,0,0,0,11.399999999999977,303.3,56802.600000000006,0.09,137.92
692,L47871,1,297.7,309.1,1563,39.3,56,0,0,0,0,0,0,11.400000000000034,303.4,61425.899999999994,0.05,296.57
693,L47872,1,297.7,309.1,1479,42.1,58,0,0,0,0,0,0,11.400000000000034,303.4,62265.9,0.17,457.55
694,L47873,1,297.7,309.1,1477,38.3,60,0,0,0,0,0,0,11.400000000000034,303.4,56569.1,0.28,671.73
695,L47874,1,297.6,309.1,1394,50.0,62,0,0,0,0,0,0,11.5,303.35,69700.0,0.27,546.4
696,L47875,1,297.6,309.0,1487,45.4,64,0,0,0,0,0,0,11.399999999999977,303.3,67509.8,0.11,415.22
697,M15556,2,297.6,309.0,1815,25.3,66,0,0,0,0,0,0,11.399999999999977,303.3,45919.5,0.08,340.8
698,M15557,2,297.6,308.8,1453,39.7,69,0,0,0,0,0,0,11.199999999999989,303.20000000000005,57684.100000000006,0.24,742.34
699,L47878,1,297.6,308.8,1539,40.2,72,0,0,0,0,0,0,11.199999999999989,303.20000000000005,61867.8,0.22,363.5
700,H30113,0,297.5,308.7,1416,39.2,74,0,0,0,0,0,0,11.199999999999989,303.1,55507.200000000004,0.15,455.9
701,M15560,2,297.6,308.8,1683,31.6,79,0,0,0,0,0,0,11.199999999999989,303.20000000000005,53182.8,0.12,238.45
702,L47881,1,297.7,308.8,1515,40.1,82,0,0,0,0,0,0,11.100000000000023,303.25,60751.5,0.04,295.55
703,M15562,2,297.7,308.9,1531,48.3,84,0,0,0,0,0,0,11.199999999999989,303.29999999999995,73947.3,0.24,707.58
704,H30117,0,297.7,308.9,1479,40.9,87,0,0,0,0,0,0,11.199999999999989,303.29999999999995,60491.1,0.19,675.42
705,L47884,1,297.7,308.9,1516,33.7,92,0,0,0,0,0,0,11.199999999999989,303.29999999999995,51089.200000000004,0.11,523.02
706,L47885,1,297.7,309.0,1507,38.2,94,0,0,0,0,0,0,11.300000000000011,303.35,57567.4,0.28,918.6
707,M15566,2,297.8,309.0,1434,43.3,96,0,0,0,0,0,0,11.199999999999989,303.4,62092.2,0.2,883.11
708,L47887,1,297.7,308.9,1838,27.3,99,0,0,0,0,0,0,11.199999999999989,303.29999999999995,50177.4,0.28,764.62
709,M15568,2,297.6,308.8,1416,45.9,101,0,0,0,0,0,0,11.199999999999989,303.20000000000005,64994.4,0.14,682.56
710,M15569,2,297.6,308.8,1357,49.7,104,0,0,0,0,0,0,11.199999999999989,303.20000000000005,67442.90000000001,0.14,592.12
711,M15570,2,297.5,308.7,1697,28.1,107,0,0,0,0,0,0,11.199999999999989,303.1,47685.700000000004,0.28,909.03
712,L47891,1,297.5,308.7,1443,46.2,110,0,0,0,0,0,0,11.199999999999989,303.1,66666.6,0.29,660.89
713,L47892,1,297.5,308.7,1453,37.6,112,0,0,0,0,0,0,11.199999999999989,303.1,54632.8,0.29,1119.38
714,L47893,1,297.4,308.6,1439,46.4,114,0,0,0,0,0,0,11.200000000000045,303.0,66769.59999999999,0.25,991.0
715,L47894,1,297.4,308.6,1609,36.2,116,0,0,0,0,0,0,11.200000000000045,303.0,58245.8,0.14,540.16
716,L47895,1,297.4,308.6,1324,59.1,118,0,0,0,0,0,0,11.200000000000045,303.0,78248.40000000001,0.06,531.65
717,H30130,0,297.4,308.6,1420,45.8,120,0,0,0,0,0,0,11.200000000000045,303.0,65035.99999999999,0.12,783.19
718,L47897,1,297.4,308.7,1545,36.9,125,0,0,0,0,0,0,11.300000000000011,303.04999999999995,57010.5,0.28,854.26
719,L47898,1,297.5,308.8,1477,39.0,127,0,0,0,0,0,0,11.300000000000011,303.15,57603.0,0.11,826.69
720,L47899,1,297.4,308.8,1447,58.1,129,0,0,0,0,0,0,11.400000000000034,303.1,84070.7,0.23,821.09
721,L47900,1,297.4,308.9,1809,23.8,131,0,0,0,0,0,0,11.5,303.15,43054.200000000004,0.28,1163.72
722,L47901,1,297.5,308.9,1696,30.9,133,0,0,0,0,0,0,11.399999999999977,303.2,52406.399999999994,0.29,956.25
723,L47902,1,297.5,308.9,1427,44.7,135,0,0,0,0,0,0,11.399999999999977,303.2,63786.9,0.28,1318.08
724,M15583,2,297.4,308.9,1500,46.3,137,0,0,0,0,0,0,11.5,303.15,69450.0,0.17,945.4
725,L47904,1,297.5,308.9,1390,44.6,140,0,0,0,0,0,0,11.399999999999977,303.2,61994.0,0.15,647.59
726,L47905,1,297.4,308.8,1640,34.2,142,0,0,0,0,0,0,11.400000000000034,303.1,56088.00000000001,0.3,1322.97
727,M15586,2,297.4,308.8,1628,37.4,144,0,0,0,0,0,0,11.400000000000034,303.1,60887.2,0.07,954.8
728,H30141,0,297.3,308.6,1499,37.6,147,0,0,0,0,0,0,11.300000000000011,302.95000000000005,56362.4,0.06,852.02
729,M15588,2,297.4,308.7,1425,50.3,152,0,0,0,0,0,0,11.300000000000011,303.04999999999995,71677.5,0.29,1147.0
730,L47909,1,297.3,308.6,1586,37.7,155,0,0,0,0,0,0,11.300000000000011,302.95000000000005,59792.200000000004,0.21,806.64
731,M15590,2,297.3,308.6,1471,50.7,157,0,0,0,0,0,0,11.300000000000011,302.95000000000005,74579.7,0.16,674.34
732,M15591,2,297.3,308.6,1431,53.0,160,0,0,0,0,0,0,11.300000000000011,302.95000000000005,75843.0,0.04,833.74
733,L47912,1,297.2,308.6,1924,22.1,163,0,0,0,0,0,0,11.400000000000034,302.9,42520.4,0.15,1171.82
734,M15593,2,297.1,308.4,1421,42.0,165,0,0,0,0,0,0,11.299999999999955,302.75,59682.0,0.28,1164.36
735,H30148,0,297.0,308.4,1305,54.6,168,0,0,0,0,0,0,11.399999999999977,302.7,71253.0,0.18,1276.38
736,L47915,1,296.9,308.4,1557,32.4,173,0,0,0,0,0,0,11.5,302.65,50446.799999999996,0.12,1183.18
737,L47916,1,296.9,308.3,1555,38.2,175,0,0,0,0,0,0,11.400000000000034,302.6,59401.00000000001,0.17,1048.09
738,H30151,0,296.9,308.3,1474,39.2,177,0,0,0,0,0,0,11.400000000000034,302.6,57780.8,0.27,1332.56
739,L47918,1,296.8,308.3,1506,45.9,182,0,0,0,0,0,0,11.5,302.55,69125.4,0.27,1408.39
740,L47919,1,296.9,308.4,1390,41.8,184,0,0,0,0,0,0,11.5,302.65,58101.99999999999,0.12,1027.97
741,M15600,2,296.9,308.4,1450,46.9,186,0,0,0,0,0,0,11.5,302.65,68005.0,0.18,1077.93
742,L47921,1,296.9,308.3,1513,38.8,189,0,0,0,0,0,0,11.400000000000034,302.6,58704.399999999994,0.08,1046.07
743,L47922,1,296.8,308.2,1643,34.7,191,0,0,0,0,0,0,11.399999999999977,302.5,57012.100000000006,0.14,733.21
744,L47923,1,296.8,308.2,1361,53.8,193,0,0,0,0,0,0,11.399999999999977,302.5,73221.8,0.07,1077.06
745,L47924,1,296.7,308.1,1450,40.9,195,0,0,0,0,0,0,11.400000000000034,302.4,59305.0,0.16,1243.07
746,L47925,1,296.7,308.0,1451,50.7,197,0,0,0,0,0,0,11.300000000000011,302.35,73565.7,0.17,1176.68
747,L47926,1,296.8,308.1,1289,62.0,199,1,0,0,0,1,0,11.300000000000011,302.45000000000005,79918.0,9.44,10486.7
748,L47927,1,296.8,308.1,1356,48.3,201,0,0,0,0,0,0,11.300000000000011,302.45000000000005,65494.799999999996,0.08,1078.48
749,H30162,0,296.7,308.1,1528,46.3,203,0,0,0,0,0,0,11.400000000000034,302.4,70746.4,0.05,765.45
750,L47929,1,296.6,308.0,1978,22.3,208,0,0,0,0,0,0,11.399999999999977,302.3,44109.4,0.04,1329.39
751,L47930,1,296.7,308.0,1535,36.8,210,0,0,0,0,0,0,11.300000000000011,302.35,56487.99999999999,0.21,1204.83
752,M15611,2,296.8,308.1,1843,24.2,212,0,0,0,0,0,0,11.300000000000011,302.45000000000005,44600.6,0.07,1037.33
753,L47932,1,296.9,308.1,1422,48.7,215,0,0,0,0,0,0,11.200000000000045,302.5,69251.40000000001,0.04,1318.7
754,L47933,1,296.8,308.0,1536,40.4,217,0,0,0,0,0,0,11.199999999999989,302.4,62054.399999999994,0.3,1531.81
755,M15614,2,296.9,308.1,1483,44.3,219,0,0,0,0,0,0,11.200000000000045,302.5,65696.9,0.08,1215.96
756,H30169,0,296.8,308.1,1492,43.7,222,0,0,0,0,0,0,11.300000000000011,302.45000000000005,65200.4,0.27,1495.41
757,L47936,1,296.8,308.0,1584,40.4,227,0,0,0,0,0,0,11.199999999999989,302.4,63993.6,0.18,1141.75
758,L47937,1,296.9,308.1,1555,33.7,229,0,0,0,0,0,0,11.200000000000045,302.5,52403.50000000001,0.21,1342.87
759,L47938,1,296.8,308.0,1497,41.7,231,0,0,0,0,0,0,11.199999999999989,302.4,62424.9,0.17,1519.22
760,M15619,2,296.7,307.8,1537,36.3,233,0,0,0,0,0,0,11.100000000000023,302.25,55793.1,0.05,1113.43
761,L47940,1,296.7,307.8,1505,39.4,236,0,0,0,0,0,0,11.100000000000023,302.25,59297.0,0.25,1280.25
762,L47941,1,296.7,307.8,1646,34.6,238,0,0,0,0,0,0,11.100000000000023,302.25,56951.600000000006,0.25,1451.79
763,M15622,2,296.7,307.8,1286,60.5,0,0,0,0,0,0,0,11.100000000000023,302.25,77803.0,0.1,115.31
764,L47943,1,296.7,307.8,1400,47.5,3,0,0,0,0,0,0,11.100000000000023,302.25,66500.0,0.23,342.14
765,L47944,1,296.8,307.9,1337,56.5,5,0,0,0,0,0,0,11.099999999999966,302.35,75540.5,0.16,0.0
766,L47945,1,296.9,308.0,1332,53.9,7,0,0,0,0,0,0,11.100000000000023,302.45,71794.8,0.27,0.0
767,L47946,1,296.8,308.0,1561,38.3,9,0,0,0,0,0,0,11.199999999999989,302.4,59786.299999999996,0.24,423.18
768,L47947,1,296.9,308.0,1546,31.1,11,0,0,0,0,0,0,11.100000000000023,302.45,48080.600000000006,0.01,0.0
769,L47948,1,296.9,308.0,1713,29.3,13,0,0,0,0,0,0,11.100000000000023,302.45,50190.9,0.26,233.5
770,L47949,1,296.9,308.0,1343,44.5,15,0,0,0,0,0,0,11.100000000000023,302.45,59763.5,0.29,37.51
771,L47950,1,296.8,308.0,1391,54.4,17,0,0,0,0,0,0,11.199999999999989,302.4,75670.4,0.22,458.44
772,H30185,0,296.8,308.0,1311,58.6,19,0,0,0,0,0,0,11.199999999999989,302.4,76824.6,0.04,187.55
773,H30186,0,296.8,308.0,1453,51.0,24,0,0,0,0,0,0,11.199999999999989,302.4,74103.0,0.24,406.53
774,L47953,1,296.8,308.0,1510,39.4,29,0,0,0,0,0,0,11.199999999999989,302.4,59494.0,0.19,380.52
775,L47954,1,296.8,307.9,1448,48.8,31,0,0,0,0,0,0,11.099999999999966,302.35,70662.4,0.1,0.0
776,L47955,1,296.7,307.8,1453,46.0,33,0,0,0,0,0,0,11.100000000000023,302.25,66838.0,0.27,287.23
777,L47956,1,296.7,307.8,1468,39.2,35,0,0,0,0,0,0,11.100000000000023,302.25,57545.600000000006,0.17,277.24
778,L47957,1,296.7,307.8,1382,47.5,37,0,0,0,0,0,0,11.100000000000023,302.25,65645.0,0.26,332.69
779,L47958,1,296.7,308.0,1580,32.2,39,0,0,0,0,0,0,11.300000000000011,302.35,50876.00000000001,0.2,354.27
780,L47959,1,296.8,308.0,1666,29.8,41,0,0,0,0,0,0,11.199999999999989,302.4,49646.8,0.09,331.93
781,M15640,2,296.9,308.0,1409,50.7,43,0,0,0,0,0,0,11.100000000000023,302.45,71436.3,0.29,655.97
782,L47961,1,296.8,308.0,1675,29.7,46,0,0,0,0,0,0,11.199999999999989,302.4,49747.5,0.17,177.97
783,L47962,1,296.8,307.9,1698,30.8,48,0,0,0,0,0,0,11.099999999999966,302.35,52298.4,0.16,398.67
784,H30197,0,296.7,307.9,1579,33.4,50,0,0,0,0,0,0,11.199999999999989,302.29999999999995,52738.6,0.12,476.73
785,L47964,1,296.7,307.9,1743,27.9,55,0,0,0,0,0,0,11.199999999999989,302.29999999999995,48629.7,0.04,176.39
786,M15645,2,296.9,308.0,1497,44.8,57,0,0,0,0,0,0,11.100000000000023,302.45,67065.59999999999,0.21,466.08
787,L47966,1,296.9,308.1,1741,28.8,60,0,0,0,0,0,0,11.200000000000045,302.5,50140.8,0.13,499.98
788,L47967,1,296.9,308.1,1435,45.3,62,0,0,0,0,0,0,11.200000000000045,302.5,65005.49999999999,0.28,591.68
789,M15648,2,296.9,308.1,1440,46.3,64,0,0,0,0,0,0,11.200000000000045,302.5,66672.0,0.29,711.13
790,M15649,2,296.9,308.0,1641,33.3,67,0,0,0,0,0,0,11.100000000000023,302.45,54645.299999999996,0.23,579.2
791,L47970,1,296.8,307.9,1420,45.4,70,0,0,0,0,0,0,11.099999999999966,302.35,64468.0,0.07,373.22
792,L47971,1,296.8,307.9,1611,35.4,72,0,0,0,0,0,0,11.099999999999966,302.35,57029.399999999994,0.21,394.09
793,L47972,1,296.8,307.8,1373,42.9,74,0,0,0,0,0,0,11.0,302.3,58901.7,0.01,417.08
794,M15653,2,296.8,307.9,1683,31.8,76,0,0,0,0,0,0,11.099999999999966,302.35,53519.4,0.25,645.0
795,H30208,0,296.9,307.9,1547,32.6,79,0,0,0,0,0,0,11.0,302.4,50432.200000000004,0.15,396.08
796,L47975,1,296.9,307.8,1605,37.0,84,0,0,0,0,0,0,10.900000000000034,302.35,59385.0,0.28,787.31
797,M15656,2,296.9,307.9,2010,18.9,86,0,0,0,0,0,0,11.0,302.4,37989.0,0.11,730.19
798,L47977,1,296.8,307.7,1565,40.1,89,0,0,0,0,0,0,10.899999999999977,302.25,62756.5,0.08,425.99
799,M15658,2,296.9,307.8,1828,24.6,91,0,0,0,0,0,0,10.900000000000034,302.35,44968.8,0.3,645.86
800,M15659,2,297.0,307.8,1579,34.1,94,0,0,0,0,0,0,10.800000000000011,302.4,53843.9,0.16,515.38
801,M15660,2,297.0,307.9,1882,24.2,97,0,0,0,0,0,0,10.899999999999977,302.45,45544.4,0.26,493.2
802,L47981,1,296.9,307.8,1285,52.1,100,0,0,0,0,0,0,10.900000000000034,302.35,66948.5,0.27,1070.67
803,L47982,1,296.9,307.8,1571,35.0,102,0,0,0,0,0,0,10.900000000000034,302.35,54985.0,0.16,602.67
804,H30217,0,296.9,307.8,1549,37.8,104,0,0,0,0,0,0,10.900000000000034,302.35,58552.2,0.14,531.23
805,M15664,2,296.9,307.8,1544,37.6,109,0,0,0,0,0,0,10.900000000000034,302.35,58054.4,0.17,545.98
806,M15665,2,297.0,307.9,1412,47.4,112,0,0,0,0,0,0,10.899999999999977,302.45,66928.8,0.25,751.8
807,M15666,2,297.0,307.9,1422,53.0,115,0,0,0,0,0,0,10.899999999999977,302.45,75366.0,0.29,760.72
808,L47987,1,297.0,307.7,1867,22.8,118,0,0,0,0,0,0,10.699999999999989,302.35,42567.6,0.1,905.71
809,L47988,1,296.9,307.7,1424,43.3,120,0,0,0,0,0,0,10.800000000000011,302.29999999999995,61659.2,0.22,632.69
810,L47989,1,296.9,307.6,1452,45.7,122,0,0,0,0,0,0,10.700000000000045,302.25,66356.40000000001,0.09,469.22
811,L47990,1,296.9,307.7,1550,39.7,124,0,0,0,0,0,0,10.800000000000011,302.29999999999995,61535.00000000001,0.18,882.77
812,L47991,1,296.8,307.6,1588,37.6,126,0,0,0,0,0,0,10.800000000000011,302.20000000000005,59708.8,0.24,853.92
813,L47992,1,296.8,307.6,1338,44.4,128,0,0,0,0,0,0,10.800000000000011,302.20000000000005,59407.2,0.27,876.56
814,L47993,1,296.8,307.6,1513,40.0,130,0,0,0,0,0,0,10.800000000000011,302.20000000000005,60520.0,0.13,863.95
815,M15674,2,296.8,307.5,1470,45.9,132,0,0,0,0,0,0,10.699999999999989,302.15,67473.0,0.11,790.51
816,M15675,2,296.8,307.5,1516,36.7,135,0,0,0,0,0,0,10.699999999999989,302.15,55637.200000000004,0.08,747.98
817,L47996,1,296.8,307.6,1434,48.3,138,0,0,0,0,0,0,10.800000000000011,302.20000000000005,69262.2,0.04,519.15
818,L47997,1,296.8,307.6,1368,52.0,140,0,0,0,0,0,0,10.800000000000011,302.20000000000005,71136.0,0.11,559.79
819,L47998,1,296.8,307.6,1304,48.7,142,0,0,0,0,0,0,10.800000000000011,302.20000000000005,63504.8,0.26,864.94
820,L47999,1,296.8,307.6,1398,46.7,144,0,0,0,0,0,0,10.800000000000011,302.20000000000005,65286.600000000006,0.13,687.35
821,L48000,1,296.7,307.6,1516,37.4,146,0,0,0,0,0,0,10.900000000000034,302.15,56698.4,0.1,870.38
822,L48001,1,296.7,307.6,1474,41.7,148,0,0,0,0,0,0,10.900000000000034,302.15,61465.8,0.22,690.19
823,M15682,2,296.7,307.6,1547,34.7,150,0,0,0,0,0,0,10.900000000000034,302.15,53680.9,0.06,742.93
824,M15683,2,296.6,307.5,1482,39.9,153,0,0,0,0,0,0,10.899999999999977,302.05,59131.799999999996,0.08,819.04
825,L48004,1,296.6,307.4,1436,42.8,156,0,0,0,0,0,0,10.799999999999955,302.0,61460.799999999996,0.28,1054.05
826,L48005,1,296.6,307.3,1474,40.0,158,0,0,0,0,0,0,10.699999999999989,301.95000000000005,58960.0,0.02,869.84
827,L48006,1,296.5,307.2,1481,38.2,160,0,0,0,0,0,0,10.699999999999989,301.85,56574.200000000004,0.12,871.02
828,L48007,1,296.5,307.3,1501,42.1,162,0,0,0,0,0,0,10.800000000000011,301.9,63192.1,0.17,879.88
829,L48008,1,296.5,307.3,1566,37.2,164,0,0,0,0,0,0,10.800000000000011,301.9,58255.200000000004,0.07,1076.67
830,L48009,1,296.5,307.3,1579,34.5,166,0,0,0,0,0,0,10.800000000000011,301.9,54475.5,0.08,862.0
831,L48010,1,296.6,307.4,1631,35.0,168,0,0,0,0,0,0,10.799999999999955,302.0,57085.0,0.07,1122.87
832,M15691,2,296.6,307.4,1544,42.3,170,0,0,0,0,0,0,10.799999999999955,302.0,65311.2,0.1,901.23
833,L48012,1,296.6,307.4,1521,38.6,173,0,0,0,0,0,0,10.799999999999955,302.0,58710.6,0.27,1132.56
834,L48013,1,296.6,307.4,1616,28.0,175,0,0,0,0,0,0,10.799999999999955,302.0,45248.0,0.13,984.19
835,H30248,0,296.6,307.4,1333,50.2,177,0,0,0,0,0,0,10.799999999999955,302.0,66916.6,0.13,1049.68
836,M15695,2,296.7,307.4,1533,32.5,182,0,0,0,0,0,0,10.699999999999989,302.04999999999995,49822.5,0.12,967.02
837,L48016,1,296.6,307.4,1368,45.1,185,0,0,0,0,0,0,10.799999999999955,302.0,61696.8,0.29,1229.42
838,L48017,1,296.6,307.4,1465,47.8,187,0,0,0,0,0,0,10.799999999999955,302.0,70027.0,0.04,1204.62
839,H30252,0,296.6,307.4,1406,41.5,189,0,0,0,0,0,0,10.799999999999955,302.0,58349.0,0.26,1362.33
840,M15699,2,296.5,307.4,1565,43.5,194,0,0,0,0,0,0,10.899999999999977,301.95,68077.5,0.1,1228.36
841,L48020,1,296.6,307.5,1582,37.9,197,0,0,0,0,0,0,10.899999999999977,302.05,59957.799999999996,0.29,1073.71
842,L48021,1,296.6,307.5,1439,45.5,199,0,0,0,0,0,0,10.899999999999977,302.05,65474.5,0.09,907.98
843,M15702,2,296.6,307.5,1566,35.0,201,0,0,0,0,0,0,10.899999999999977,302.05,54810.0,0.02,1057.66
844,L48023,1,296.6,307.5,1485,42.7,204,0,0,0,0,0,0,10.899999999999977,302.05,63409.50000000001,0.16,1295.61
845,L48024,1,296.5,307.5,1566,35.1,206,0,0,0,0,0,0,11.0,302.0,54966.600000000006,0.07,1022.13
846,L48025,1,296.3,307.3,1439,41.5,208,0,0,0,0,0,0,11.0,301.8,59718.5,0.23,1165.36
847,M15706,2,296.4,307.4,1416,50.0,210,0,0,0,0,0,0,11.0,301.9,70800.0,0.2,1459.08
848,L48027,1,296.4,307.4,2833,5.6,213,1,0,0,1,0,0,11.0,301.9,15864.8,6.68,7847.88
849,L48028,1,296.3,307.4,1465,47.1,215,0,0,0,0,0,0,11.099999999999966,301.85,69001.5,0.06,1293.7
850,H30263,0,296.4,307.4,1586,35.5,0,0,0,0,0,0,0,11.0,301.9,56303.0,0.21,143.78
851,L48030,1,296.3,307.3,1567,31.4,5,0,0,0,0,0,0,11.0,301.8,49203.799999999996,0.09,37.0
852,M15711,2,296.2,307.2,1389,48.6,7,0,0,0,0,0,0,11.0,301.7,67505.40000000001,0.3,477.33
853,M15712,2,296.3,307.3,1368,49.5,10,0,0,0,0,0,0,11.0,301.8,67716.0,0.22,230.59
854,L48033,1,296.3,307.3,1444,49.0,13,0,0,0,0,0,0,11.0,301.8,70756.0,0.18,153.37
855,M15714,2,296.3,307.3,1498,41.6,15,0,0,0,0,0,0,11.0,301.8,62316.8,0.26,198.02
856,L48035,1,296.1,307.2,1615,30.8,18,0,0,0,0,0,0,11.099999999999966,301.65,49742.0,0.18,193.31
857,L48036,1,296.1,307.1,1898,22.7,20,0,0,0,0,0,0,11.0,301.6,43084.6,0.17,401.26
858,M15717,2,296.1,307.1,1350,53.3,22,0,0,0,0,0,0,11.0,301.6,71955.0,0.07,0.0
859,M15718,2,296.2,307.0,1516,37.6,25,0,0,0,0,0,0,10.800000000000011,301.6,57001.6,0.2,419.36
860,H30273,0,296.2,307.0,1542,40.6,28,0,0,0,0,0,0,10.800000000000011,301.6,62605.200000000004,0.11,143.77
861,H30274,0,296.1,306.9,1541,32.6,33,0,0,0,0,0,0,10.799999999999955,301.5,50236.600000000006,0.01,143.45
862,M15721,2,296.1,306.9,1951,23.3,38,0,0,0,0,0,0,10.799999999999955,301.5,45458.3,0.24,408.06
863,H30276,0,296.1,306.8,1645,31.0,41,0,0,0,0,0,0,10.699999999999989,301.45000000000005,50995.0,0.02,191.89
864,L48043,1,296.0,306.7,1416,44.2,46,0,0,0,0,0,0,10.699999999999989,301.35,62587.200000000004,0.2,386.93
865,M15724,2,296.0,306.7,2044,22.3,48,0,0,0,0,0,0,10.699999999999989,301.35,45581.200000000004,0.05,223.35
866,L48045,1,295.9,306.6,1414,50.2,51,0,0,0,0,0,0,10.700000000000045,301.25,70982.8,0.13,299.29
867,L48046,1,295.9,306.6,1678,26.7,53,0,0,0,0,0,0,10.700000000000045,301.25,44802.6,0.26,722.97
868,H30281,0,295.9,306.5,1594,33.2,55,0,0,0,0,0,0,10.600000000000023,301.2,52920.8,0.03,308.76
869,M15728,2,295.8,306.5,1514,37.7,60,0,0,0,0,0,0,10.699999999999989,301.15,57077.8,0.2,481.11
870,L48049,1,295.8,306.5,1358,49.2,63,0,0,0,0,0,0,10.699999999999989,301.15,66813.6,0.18,398.3
871,L48050,1,295.8,306.4,1325,56.2,65,0,0,0,0,0,0,10.599999999999966,301.1,74465.0,0.26,523.81
872,L48051,1,295.8,306.4,1339,53.2,67,0,0,0,0,0,0,10.599999999999966,301.1,71234.8,0.05,288.82
873,M15732,2,295.8,306.4,1335,51.7,69,0,0,0,0,0,0,10.599999999999966,301.1,69019.5,0.24,699.8
874,L48053,1,295.9,306.4,1892,21.7,72,0,0,0,0,0,0,10.5,301.15,41056.4,0.14,386.96
875,L48054,1,295.9,306.4,1575,28.5,74,0,0,0,0,0,0,10.5,301.15,44887.5,0.13,163.06
876,M15735,2,295.8,306.3,1444,45.5,76,0,0,0,0,0,0,10.5,301.05,65702.0,0.11,498.75
877,L48056,1,295.7,306.3,1915,22.4,79,0,0,0,0,0,0,10.600000000000023,301.0,42896.0,0.12,473.09
878,M15737,2,295.6,306.2,1584,33.6,81,0,0,0,0,0,0,10.599999999999966,300.9,53222.4,0.16,477.13
879,M15738,2,295.7,306.3,1685,34.9,84,0,0,0,0,0,0,10.600000000000023,301.0,58806.5,0.03,586.73
880,L48059,1,295.8,306.3,1337,54.6,87,0,0,0,0,0,0,10.5,301.05,73000.2,0.13,154.97
881,M15740,2,295.8,306.3,1235,76.2,89,1,0,0,1,0,0,10.5,301.05,94107.0,6.18,6861.44
882,L48061,1,295.7,306.2,1464,46.2,92,0,0,0,0,0,0,10.5,300.95,67636.8,0.15,768.2
883,M15742,2,295.7,306.2,1739,25.9,94,0,0,0,0,0,0,10.5,300.95,45040.1,0.05,425.79
884,L48063,1,295.7,306.3,1490,34.3,97,0,0,0,0,0,0,10.600000000000023,301.0,51106.99999999999,0.11,527.38
885,L48064,1,295.8,306.4,1356,48.0,99,0,0,0,0,0,0,10.599999999999966,301.1,65088.0,0.13,700.66
886,L48065,1,295.7,306.2,1397,52.0,101,0,0,0,0,0,0,10.5,300.95,72644.0,0.2,784.68
887,L48066,1,295.7,306.2,1458,40.6,103,0,0,0,0,0,0,10.5,300.95,59194.8,0.27,689.92
888,H30301,0,295.7,306.2,2161,16.5,105,0,0,0,0,0,0,10.5,300.95,35656.5,0.17,452.48
889,M15748,2,295.6,306.1,1651,28.1,110,0,0,0,0,0,0,10.5,300.85,46393.100000000006,0.2,1067.05
890,L48069,1,295.6,306.1,1389,46.2,113,0,0,0,0,0,0,10.5,300.85,64171.8,0.02,728.42
891,L48070,1,295.6,306.0,1370,52.4,115,0,0,0,0,0,0,10.399999999999977,300.8,71788.0,0.29,888.53
892,L48071,1,295.7,306.1,1408,47.9,117,0,0,0,0,0,0,10.400000000000034,300.9,67443.2,0.09,701.37
893,L48072,1,295.7,306.1,1343,54.4,119,0,0,0,0,0,0,10.400000000000034,300.9,73059.2,0.11,798.2
894,M15753,2,295.7,306.2,1423,42.5,121,0,0,0,0,0,0,10.5,300.95,60477.5,0.07,786.16
895,L48074,1,295.6,306.2,1426,48.6,124,0,0,0,0,0,0,10.599999999999966,300.9,69303.6,0.03,337.04
896,M15755,2,295.6,306.2,1435,51.6,126,0,0,0,0,0,0,10.599999999999966,300.9,74046.0,0.24,817.37
897,L48076,1,295.5,306.1,1573,35.1,129,0,0,0,0,0,0,10.600000000000023,300.8,55212.3,0.07,646.78
898,L48077,1,295.6,306.2,1612,31.2,131,0,0,0,0,0,0,10.599999999999966,300.9,50294.4,0.08,710.78
899,L48078,1,295.6,306.2,1446,49.9,133,0,0,0,0,0,0,10.599999999999966,300.9,72155.4,0.05,830.62
900,H30313,0,295.6,306.2,1329,55.3,135,0,0,0,0,0,0,10.599999999999966,300.9,73493.7,0.29,696.49
901,L48080,1,295.6,306.2,1569,35.1,140,0,0,0,0,0,0,10.599999999999966,300.9,55071.9,0.23,727.63
902,H30315,0,295.6,306.1,1256,62.3,142,0,0,0,0,0,0,10.5,300.85,78248.8,0.28,887.74
903,L48082,1,295.6,306.1,1383,48.7,147,0,0,0,0,0,0,10.5,300.85,67352.1,0.26,1018.15
904,L48083,1,295.7,306.2,2270,14.6,149,1,0,0,1,0,0,10.5,300.95,33142.0,7.27,8139.82
905,H30318,0,295.7,306.2,1458,49.8,151,0,0,0,0,0,0,10.5,300.95,72608.4,0.14,1139.7
906,L48085,1,295.6,306.1,1474,41.2,156,0,0,0,0,0,0,10.5,300.85,60728.8,0.05,787.05
907,M15766,2,295.6,306.1,1462,49.2,158,0,0,0,0,0,0,10.5,300.85,71930.40000000001,0.1,1014.57
908,M15767,2,295.6,306.1,1669,29.0,161,0,0,0,0,0,0,10.5,300.85,48401.0,0.09,1001.52
909,M15768,2,295.5,306.1,1822,24.3,164,0,0,0,0,0,0,10.600000000000023,300.8,44274.6,0.22,1121.25
910,L48089,1,295.5,306.0,1456,39.2,167,0,0,0,0,0,0,10.5,300.75,57075.200000000004,0.01,841.36
911,L48090,1,295.5,306.0,1546,35.9,169,0,0,0,0,0,0,10.5,300.75,55501.399999999994,0.04,825.07
912,M15771,2,295.6,306.1,1490,42.7,171,0,0,0,0,0,0,10.5,300.85,63623.00000000001,0.2,895.19
913,L48092,1,295.6,306.0,1569,40.4,174,0,0,0,0,0,0,10.399999999999977,300.8,63387.6,0.04,740.26
914,L48093,1,295.5,306.0,1621,29.5,176,0,0,0,0,0,0,10.5,300.75,47819.5,0.01,942.06
915,M15774,2,295.4,305.9,1518,40.6,178,0,0,0,0,0,0,10.5,300.65,61630.8,0.03,911.84
916,M15775,2,295.4,305.8,1526,38.2,181,0,0,0,0,0,0,10.400000000000034,300.6,58293.200000000004,0.21,1052.67
917,M15776,2,295.3,305.8,1589,36.2,184,0,0,0,0,0,0,10.5,300.55,57521.8,0.04,1059.72
918,L48097,1,295.3,305.7,1475,51.0,187,0,0,0,0,0,0,10.399999999999977,300.5,75225.0,0.04,944.93
919,M15778,2,295.3,305.7,1473,38.5,189,0,0,0,0,0,0,10.399999999999977,300.5,56710.5,0.07,878.02
920,L48099,1,295.4,305.8,1407,50.7,192,0,0,0,0,0,0,10.400000000000034,300.6,71334.90000000001,0.23,1150.03
921,M15780,2,295.5,305.9,1518,44.1,194,0,0,0,0,0,0,10.399999999999977,300.7,66943.8,0.06,1153.09
922,H30335,0,295.5,305.9,1593,37.2,197,0,0,0,0,0,0,10.399999999999977,300.7,59259.600000000006,0.01,841.47
923,M15782,2,295.5,305.9,1380,52.4,202,0,0,0,0,0,0,10.399999999999977,300.7,72312.0,0.27,1311.39
924,M15783,2,295.5,306.0,1423,45.3,205,0,0,0,0,0,0,10.5,300.75,64461.899999999994,0.26,1276.69
925,L48104,1,295.5,306.0,1800,27.6,208,0,0,0,0,0,0,10.5,300.75,49680.0,0.06,985.88
926,H30339,0,295.6,306.1,1623,30.9,210,0,0,0,0,0,0,10.5,300.85,50150.7,0.08,1086.0
927,L48106,1,295.6,306.1,1372,55.6,215,1,0,0,0,1,0,10.5,300.85,76283.2,7.86,8699.25
928,H30341,0,295.6,306.0,1396,52.4,0,0,0,0,0,0,0,10.399999999999977,300.8,73150.4,0.22,236.45
929,L48108,1,295.6,306.0,1949,21.9,5,0,0,0,0,0,0,10.399999999999977,300.8,42683.1,0.08,0.0
930,L48109,1,295.6,306.0,1419,51.1,7,0,0,0,0,0,0,10.399999999999977,300.8,72510.90000000001,0.28,475.87
931,M15790,2,295.5,305.9,1453,47.3,9,0,0,0,0,0,0,10.399999999999977,300.7,68726.9,0.25,281.2
932,L48111,1,295.5,305.9,1542,36.2,12,0,0,0,0,0,0,10.399999999999977,300.7,55820.4,0.18,154.23
933,L48112,1,295.6,306.0,1363,50.0,14,0,0,0,0,0,0,10.399999999999977,300.8,68150.0,0.0,244.08
934,L48113,1,295.5,306.0,1597,37.2,16,0,0,0,0,0,0,10.5,300.75,59408.4,0.27,195.22
935,M15794,2,295.5,306.0,1326,50.8,18,0,0,0,0,0,0,10.5,300.75,67360.8,0.22,197.85
936,M15795,2,295.5,306.0,1641,36.6,21,0,0,0,0,0,0,10.5,300.75,60060.600000000006,0.24,70.61
937,M15796,2,295.6,306.1,1418,46.2,24,0,0,0,0,0,0,10.5,300.85,65511.600000000006,0.02,336.43
938,L48117,1,295.6,306.2,1263,61.8,27,0,0,0,0,0,0,10.599999999999966,300.9,78053.4,0.21,625.93
939,L48118,1,295.6,306.2,1823,25.8,29,0,0,0,0,0,0,10.599999999999966,300.9,47033.4,0.24,133.96
940,L48119,1,295.5,306.1,1488,40.7,31,0,0,0,0,0,0,10.600000000000023,300.8,60561.600000000006,0.29,322.63
941,L48120,1,295.6,306.2,1443,48.9,33,0,0,0,0,0,0,10.599999999999966,300.9,70562.7,0.17,345.47
942,L48121,1,295.6,306.2,1650,28.2,35,0,0,0,0,0,0,10.599999999999966,300.9,46530.0,0.15,247.65
943,M15802,2,295.7,306.3,1462,44.3,37,0,0,0,0,0,0,10.600000000000023,301.0,64766.6,0.13,310.3
944,M15803,2,295.6,306.2,1477,45.0,40,0,0,0,0,0,0,10.599999999999966,300.9,66465.0,0.21,392.36
945,M15804,2,295.7,306.3,1712,28.5,43,0,0,0,0,0,0,10.600000000000023,301.0,48792.0,0.28,556.13
946,M15805,2,295.7,306.3,1347,50.4,46,0,0,0,0,0,0,10.600000000000023,301.0,67888.8,0.18,265.86
947,L48126,1,295.6,306.2,1287,54.8,49,0,0,0,0,0,0,10.599999999999966,300.9,70527.59999999999,0.07,343.9
948,L48127,1,295.6,306.2,1428,44.5,51,0,0,0,0,0,0,10.599999999999966,300.9,63546.0,0.01,97.58
949,M15808,2,295.6,306.3,1426,45.5,53,0,0,0,0,0,0,10.699999999999989,300.95000000000005,64883.0,0.19,393.22
950,L48129,1,295.6,306.3,1636,32.7,56,0,0,0,0,0,0,10.699999999999989,300.95000000000005,53497.200000000004,0.26,279.49
951,L48130,1,295.6,306.2,1424,42.5,58,0,0,0,0,0,0,10.599999999999966,300.9,60520.0,0.02,249.32
952,H30365,0,295.6,306.3,1509,35.8,60,0,0,0,0,0,0,10.699999999999989,300.95000000000005,54022.2,0.12,334.09
953,L48132,1,295.5,306.2,1448,48.9,65,0,0,0,0,0,0,10.699999999999989,300.85,70807.2,0.28,746.54
954,L48133,1,295.5,306.1,1650,32.8,67,0,0,0,0,0,0,10.600000000000023,300.8,54119.99999999999,0.15,476.11
955,H30368,0,295.6,306.2,1414,42.5,69,0,0,0,0,0,0,10.599999999999966,300.9,60095.0,0.07,433.38
956,L48135,1,295.6,306.3,1911,20.9,74,0,0,0,0,0,0,10.699999999999989,300.95000000000005,39939.899999999994,0.11,476.63
957,H30370,0,295.6,306.2,1632,32.2,76,0,0,0,0,0,0,10.599999999999966,300.9,52550.4,0.12,180.63
958,M15817,2,295.7,306.4,1387,40.1,81,0,0,0,0,0,0,10.699999999999989,301.04999999999995,55618.700000000004,0.04,145.46
959,L48138,1,295.8,306.4,1399,47.6,84,0,0,0,0,0,0,10.599999999999966,301.1,66592.40000000001,0.2,572.2
960,L48139,1,295.8,306.5,1505,35.2,86,0,0,0,0,0,0,10.699999999999989,301.15,52976.00000000001,0.18,651.78
961,L48140,1,295.8,306.5,1534,37.9,88,0,0,0,0,0,0,10.699999999999989,301.15,58138.6,0.19,594.77
962,L48141,1,295.8,306.5,1493,40.5,90,0,0,0,0,0,0,10.699999999999989,301.15,60466.5,0.18,500.39
963,M15822,2,295.8,306.6,1480,43.2,92,0,0,0,0,0,0,10.800000000000011,301.20000000000005,63936.00000000001,0.01,433.95
964,L48143,1,295.8,306.6,1621,31.6,95,0,0,0,0,0,0,10.800000000000011,301.20000000000005,51223.600000000006,0.05,475.94
965,L48144,1,295.7,306.5,1737,26.2,97,0,0,0,0,0,0,10.800000000000011,301.1,45509.4,0.05,651.85
966,L48145,1,295.8,306.6,1508,46.5,99,0,0,0,0,0,0,10.800000000000011,301.20000000000005,70122.0,0.03,633.45
967,M15826,2,295.8,306.5,1641,32.2,101,0,0,0,0,0,0,10.699999999999989,301.15,52840.200000000004,0.22,641.99
968,M15827,2,295.9,306.6,1532,38.6,104,0,0,0,0,0,0,10.700000000000045,301.25,59135.200000000004,0.04,552.51
969,L48148,1,295.9,306.7,1547,40.9,107,0,0,0,0,0,0,10.800000000000011,301.29999999999995,63272.299999999996,0.2,776.43
970,L48149,1,295.9,306.6,1412,41.0,109,0,0,0,0,0,0,10.700000000000045,301.25,57892.0,0.05,658.7
971,L48150,1,295.8,306.5,1568,35.1,111,0,0,0,0,0,0,10.699999999999989,301.15,55036.8,0.04,842.89
972,L48151,1,295.9,306.6,1557,41.1,113,0,0,0,0,0,0,10.700000000000045,301.25,63992.700000000004,0.05,610.78
973,L48152,1,295.8,306.6,1644,35.2,115,0,0,0,0,0,0,10.800000000000011,301.20000000000005,57868.8,0.15,900.31
974,L48153,1,295.9,306.6,1679,30.4,117,0,0,0,0,0,0,10.700000000000045,301.25,51041.6,0.19,600.99
975,L48154,1,296.0,306.6,1511,35.2,119,0,0,0,0,0,0,10.600000000000023,301.3,53187.200000000004,0.24,739.35
976,M15835,2,296.0,306.6,1628,36.8,121,0,0,0,0,0,0,10.600000000000023,301.3,59910.399999999994,0.04,324.63
977,M15836,2,296.0,306.6,1392,51.3,124,0,0,0,0,0,0,10.600000000000023,301.3,71409.59999999999,0.18,822.7
978,L48157,1,296.0,306.7,1917,21.0,127,0,0,0,0,0,0,10.699999999999989,301.35,40257.0,0.23,962.13
979,M15838,2,296.2,306.8,1526,42.3,129,0,0,0,0,0,0,10.600000000000023,301.5,64549.799999999996,0.09,351.69
980,L48159,1,296.2,306.8,1389,53.3,132,0,0,0,0,0,0,10.600000000000023,301.5,74033.7,0.02,708.24
981,L48160,1,296.1,306.7,1409,42.8,134,0,0,0,0,0,0,10.599999999999966,301.4,60305.2,0.05,810.63
982,L48161,1,296.2,306.8,1655,31.1,136,0,0,0,0,0,0,10.600000000000023,301.5,51470.5,0.03,792.09
983,L48162,1,296.2,306.9,1516,39.1,138,0,0,0,0,0,0,10.699999999999989,301.54999999999995,59275.6,0.27,780.62
984,L48163,1,296.2,306.9,1526,34.9,140,0,0,0,0,0,0,10.699999999999989,301.54999999999995,53257.4,0.11,925.97
985,L48164,1,296.3,307.1,1419,48.6,142,0,0,0,0,0,0,10.800000000000011,301.70000000000005,68963.40000000001,0.16,871.4
986,L48165,1,296.4,307.2,1748,25.3,144,0,0,0,0,0,0,10.800000000000011,301.79999999999995,44224.4,0.23,1038.66
987,H30400,0,296.4,307.1,1638,32.5,146,0,0,0,0,0,0,10.700000000000045,301.75,53235.0,0.11,821.12
988,M15847,2,296.3,307.1,1534,33.8,151,0,0,0,0,0,0,10.800000000000011,301.70000000000005,51849.2,0.19,1002.16
989,H30402,0,296.3,307.1,1774,25.9,154,0,0,0,0,0,0,10.800000000000011,301.70000000000005,45946.6,0.02,956.39
990,M15849,2,296.2,307.0,2119,18.3,159,0,0,0,0,0,0,10.800000000000011,301.6,38777.700000000004,0.14,904.4
991,L48170,1,296.2,307.0,1414,48.3,162,0,0,0,0,0,0,10.800000000000011,301.6,68296.2,0.03,882.62
992,M15851,2,296.1,307.0,1523,42.0,164,0,0,0,0,0,0,10.899999999999977,301.55,63966.0,0.07,1077.47
993,L48172,1,296.1,307.1,1651,35.7,167,0,0,0,0,0,0,11.0,301.6,58940.700000000004,0.09,905.02
994,M15853,2,296.1,307.1,1485,36.0,169,0,0,0,0,0,0,11.0,301.6,53460.0,0.22,896.19
995,M15854,2,296.2,307.2,1168,63.4,172,0,0,0,0,0,0,11.0,301.7,74051.2,0.2,1161.41
996,L48175,1,296.3,307.3,1566,35.8,175,0,0,0,0,0,0,11.0,301.8,56062.799999999996,0.22,1310.23
997,M15856,2,296.3,307.2,1286,51.1,177,0,0,0,0,0,0,10.899999999999977,301.75,65714.6,0.02,1098.32
998,M15857,2,296.3,307.2,1446,45.9,180,0,0,0,0,0,0,10.899999999999977,301.75,66371.4,0.3,1307.25
999,M15858,2,296.4,307.2,2071,19.4,183,0,0,0,0,0,0,10.800000000000011,301.79999999999995,40177.399999999994,0.02,583.38
1000,L48179,1,296.3,307.1,1560,33.2,186,0,0,0,0,0,0,10.800000000000011,301.70000000000005,51792.00000000001,0.25,1084.63
1001,L48180,1,296.3,307.1,1654,29.6,188,0,0,0,0,0,0,10.800000000000011,301.70000000000005,48958.4,0.22,1072.31
1002,L48181,1,296.3,307.1,1662,32.9,190,0,0,0,0,0,0,10.800000000000011,301.70000000000005,54679.799999999996,0.18,1136.73
1003,L48182,1,296.3,307.2,1646,35.0,192,0,0,0,0,0,0,10.899999999999977,301.75,57610.0,0.13,1343.24
1004,L48183,1,296.2,307.1,1444,46.7,194,0,0,0,0,0,0,10.900000000000034,301.65,67434.8,0.23,1037.92
1005,H30418,0,296.3,307.2,1424,42.0,196,0,0,0,0,0,0,10.899999999999977,301.75,59808.0,0.22,1536.33
1006,L48185,1,296.2,307.2,1382,52.0,201,0,0,0,0,0,0,11.0,301.7,71864.0,0.04,987.65
1007,L48186,1,296.2,307.1,1413,53.4,203,0,0,0,0,0,0,10.900000000000034,301.65,75454.2,0.24,1139.96
1008,M15867,2,296.2,307.2,1633,31.1,0,0,0,0,0,0,0,11.0,301.7,50786.3,0.02,146.78
1009,L48188,1,296.2,307.1,1441,41.7,3,0,0,0,0,0,0,10.900000000000034,301.65,60089.700000000004,0.15,303.65
1010,M15869,2,296.2,307.2,1385,44.0,5,0,0,0,0,0,0,11.0,301.7,60940.0,0.19,312.49
1011,M15870,2,296.2,307.2,1552,34.8,8,0,0,0,0,0,0,11.0,301.7,54009.6,0.25,174.58
1012,M15871,2,296.2,307.3,1451,42.8,11,0,0,0,0,0,0,11.100000000000023,301.75,62102.799999999996,0.14,270.3
1013,M15872,2,296.1,307.1,1433,38.5,14,0,0,0,0,0,0,11.0,301.6,55170.5,0.07,0.0
1014,M15873,2,296.1,307.2,1619,29.7,17,0,0,0,0,0,0,11.099999999999966,301.65,48084.299999999996,0.15,115.41
1015,L48194,1,296.2,307.2,1445,41.8,20,0,0,0,0,0,0,11.0,301.7,60400.99999999999,0.08,165.77
1016,L48195,1,296.2,307.2,1356,43.6,22,0,0,0,0,0,0,11.0,301.7,59121.6,0.16,147.01
1017,M15876,2,296.3,307.2,1319,68.3,24,1,0,0,1,0,0,10.899999999999977,301.75,90087.7,6.04,6317.91
1018,L48197,1,296.3,307.2,1637,31.6,27,0,0,0,0,0,0,10.899999999999977,301.75,51729.200000000004,0.23,278.27
1019,L48198,1,296.3,307.2,1291,58.6,29,0,0,0,0,0,0,10.899999999999977,301.75,75652.6,0.07,181.93
1020,L48199,1,296.3,307.3,1398,52.7,31,0,0,0,0,0,0,11.0,301.8,73674.6,0.06,82.97
1021,L48200,1,296.3,307.3,1372,57.7,33,0,0,0,0,0,0,11.0,301.8,79164.40000000001,0.14,460.64
1022,M15881,2,296.3,307.2,1454,42.5,35,0,0,0,0,0,0,10.899999999999977,301.75,61795.0,0.02,95.08
1023,L48202,1,296.2,307.2,1515,36.5,38,0,0,0,0,0,0,11.0,301.7,55297.5,0.07,431.3
1024,L48203,1,296.2,307.3,1881,24.3,40,0,0,0,0,0,0,11.100000000000023,301.75,45708.3,0.11,470.28
1025,L48204,1,296.2,307.3,1711,29.9,42,0,0,0,0,0,0,11.100000000000023,301.75,51158.899999999994,0.15,293.11
1026,L48205,1,296.2,307.3,1475,37.0,44,0,0,0,0,0,0,11.100000000000023,301.75,54575.0,0.08,304.45
1027,L48206,1,296.4,307.4,1512,36.8,46,0,0,0,0,0,0,11.0,301.9,55641.6,0.17,328.94
1028,M15887,2,296.3,307.4,1335,50.5,48,0,0,0,0,0,0,11.099999999999966,301.85,67417.5,0.26,581.86
1029,L48208,1,296.3,307.4,1472,39.9,51,0,0,0,0,0,0,11.099999999999966,301.85,58732.799999999996,0.16,385.83
1030,M15889,2,296.2,307.3,1477,35.2,53,0,0,0,0,0,0,11.100000000000023,301.75,51990.4,0.09,292.38
1031,L48210,1,296.3,307.4,1760,28.4,56,0,0,0,0,0,0,11.099999999999966,301.85,49984.0,0.02,306.93
1032,L48211,1,296.4,307.5,1549,36.1,58,0,0,0,0,0,0,11.100000000000023,301.95,55918.9,0.04,92.67
1033,L48212,1,296.3,307.4,1648,34.0,60,0,0,0,0,0,0,11.099999999999966,301.85,56032.0,0.17,458.62
1034,H30447,0,296.4,307.5,1556,38.0,62,0,0,0,0,0,0,11.100000000000023,301.95,59128.0,0.21,617.44
1035,M15894,2,296.3,307.4,1958,19.1,67,0,0,0,0,0,0,11.099999999999966,301.85,37397.8,0.01,365.71
1036,L48215,1,296.4,307.4,1403,48.4,70,0,0,0,0,0,0,11.0,301.9,67905.2,0.06,552.75
1037,M15896,2,296.4,307.5,1684,31.4,72,0,0,0,0,0,0,11.100000000000023,301.95,52877.6,0.1,403.41
1038,H30451,0,296.4,307.5,1596,35.1,75,0,0,0,0,0,0,11.100000000000023,301.95,56019.600000000006,0.1,406.11
1039,L48218,1,296.6,307.6,1498,41.1,80,0,0,0,0,0,0,11.0,302.1,61567.8,0.29,522.4
1040,L48219,1,296.7,307.7,1524,36.8,82,0,0,0,0,0,0,11.0,302.2,56083.2,0.06,409.14
1041,L48220,1,296.7,307.7,1502,43.9,84,0,0,0,0,0,0,11.0,302.2,65937.8,0.02,734.88
1042,L48221,1,296.6,307.6,1809,25.1,86,0,0,0,0,0,0,11.0,302.1,45405.9,0.11,581.33
1043,L48222,1,296.6,307.6,1542,37.4,88,0,0,0,0,0,0,11.0,302.1,57670.799999999996,0.04,392.17
1044,L48223,1,296.5,307.6,1431,45.2,90,0,0,0,0,0,0,11.100000000000023,302.05,64681.200000000004,0.04,339.08
1045,L48224,1,296.5,307.6,1512,43.6,92,0,0,0,0,0,0,11.100000000000023,302.05,65923.2,0.12,340.22
1046,H30459,0,296.4,307.5,1403,52.8,94,0,0,0,0,0,0,11.100000000000023,301.95,74078.4,0.09,435.44
1047,L48226,1,296.4,307.5,1331,47.8,99,0,0,0,0,0,0,11.100000000000023,301.95,63621.799999999996,0.03,638.88
1048,M15907,2,296.6,307.7,1474,52.6,101,0,0,0,0,0,0,11.099999999999966,302.15,77532.40000000001,0.18,620.95
1049,L48228,1,296.5,307.6,1607,33.5,104,0,0,0,0,0,0,11.100000000000023,302.05,53834.5,0.15,526.27
1050,L48229,1,296.5,307.6,1415,44.2,106,0,0,0,0,0,0,11.100000000000023,302.05,62543.00000000001,0.02,422.77
1051,L48230,1,296.6,307.6,1671,28.8,108,0,0,0,0,0,0,11.0,302.1,48124.8,0.26,897.42
1052,L48231,1,296.6,307.7,1556,37.7,110,0,0,0,0,0,0,11.099999999999966,302.15,58661.200000000004,0.09,627.81
1053,L48232,1,296.7,307.7,1927,23.9,112,0,0,0,0,0,0,11.0,302.2,46055.299999999996,0.29,755.92
1054,M15913,2,296.7,307.7,1597,32.1,114,0,0,0,0,0,0,11.0,302.2,51263.700000000004,0.28,803.74
1055,H30468,0,296.8,307.8,1627,30.5,117,0,0,0,0,0,0,11.0,302.3,49623.5,0.13,1045.88
1056,L48235,1,296.8,307.8,1480,39.4,122,0,0,0,0,0,0,11.0,302.3,58312.0,0.07,862.94
1057,L48236,1,296.8,307.8,1565,39.5,124,0,0,0,0,0,0,11.0,302.3,61817.5,0.25,1090.29
1058,L48237,1,296.8,307.8,1573,36.4,126,0,0,0,0,0,0,11.0,302.3,57257.2,0.11,477.18
1059,L48238,1,296.7,307.8,1605,31.3,128,0,0,0,0,0,0,11.100000000000023,302.25,50236.5,0.05,667.33
1060,M15919,2,296.7,307.9,1874,21.3,130,0,0,0,0,0,0,11.199999999999989,302.29999999999995,39916.200000000004,0.17,723.28
1061,H30474,0,296.7,307.9,1424,53.8,133,0,0,0,0,0,0,11.199999999999989,302.29999999999995,76611.2,0.15,896.58
1062,L48241,1,296.7,307.9,1420,50.1,138,0,0,0,0,0,0,11.199999999999989,302.29999999999995,71142.0,0.26,1108.97
1063,L48242,1,296.8,307.9,1372,49.0,140,0,0,0,0,0,0,11.099999999999966,302.35,67228.0,0.22,968.96
1064,M15923,2,296.8,307.8,1664,32.8,142,0,0,0,0,0,0,11.0,302.3,54579.2,0.26,839.13
1065,M15924,2,296.8,307.9,1409,44.3,145,0,0,0,0,0,0,11.099999999999966,302.35,62418.7,0.22,845.85
1066,L48245,1,296.8,307.9,1718,25.2,148,0,0,0,0,0,0,11.099999999999966,302.35,43293.6,0.19,1023.09
1067,M15926,2,296.9,307.8,1544,40.3,150,0,0,0,0,0,0,10.900000000000034,302.35,62223.2,0.15,1008.01
1068,L48247,1,296.9,307.8,1466,45.7,153,0,0,0,0,0,0,10.900000000000034,302.35,66996.2,0.3,1086.14
1069,L48248,1,296.8,307.8,1394,47.7,155,0,0,0,0,0,0,11.0,302.3,66493.8,0.29,1084.47
1070,M15929,2,296.9,307.8,1840,24.6,157,0,0,0,0,0,0,10.900000000000034,302.35,45264.0,0.25,1042.52
1071,M15930,2,296.9,307.8,1477,37.2,160,0,0,0,0,0,0,10.900000000000034,302.35,54944.4,0.23,1070.36
1072,L48251,1,296.9,307.8,1425,49.1,163,0,0,0,0,0,0,10.900000000000034,302.35,69967.5,0.17,1092.39
1073,M15932,2,297.0,307.9,1414,46.2,165,0,0,0,0,0,0,10.899999999999977,302.45,65326.8,0.08,999.52
1074,L48253,1,297.0,307.8,1414,47.5,168,0,0,0,0,0,0,10.800000000000011,302.4,67165.0,0.26,1103.54
1075,L48254,1,297.0,307.9,1595,31.7,170,0,0,0,0,0,0,10.899999999999977,302.45,50561.5,0.0,842.64
1076,H30489,0,296.9,307.8,1345,54.5,172,0,0,0,0,0,0,10.900000000000034,302.35,73302.5,0.07,916.91
1077,L48256,1,296.9,307.7,1653,35.9,177,0,0,0,0,0,0,10.800000000000011,302.29999999999995,59342.7,0.12,887.95
1078,L48257,1,296.8,307.6,1547,36.5,179,0,0,0,0,0,0,10.800000000000011,302.20000000000005,56465.5,0.18,956.05
1079,H30492,0,296.9,307.7,1656,30.8,181,0,0,0,0,0,0,10.800000000000011,302.29999999999995,51004.8,0.17,1156.59
1080,L48259,1,297.0,307.7,1731,28.5,186,0,0,0,0,0,0,10.699999999999989,302.35,49333.5,0.05,873.07
1081,L48260,1,297.0,307.8,1774,28.0,188,0,0,0,0,0,0,10.800000000000011,302.4,49672.0,0.03,1092.09
1082,L48261,1,297.0,307.8,1521,40.2,190,0,0,0,0,0,0,10.800000000000011,302.4,61144.200000000004,0.07,1012.3
1083,H30496,0,297.1,307.9,1420,39.8,192,0,0,0,0,0,0,10.799999999999955,302.5,56515.99999999999,0.1,1182.94
1084,L48263,1,297.0,307.8,1683,32.3,197,0,0,0,0,0,0,10.800000000000011,302.4,54360.899999999994,0.0,1080.54
1085,M15944,2,297.0,307.7,1498,47.1,199,0,0,0,0,0,0,10.699999999999989,302.35,70555.8,0.21,1331.44
1086,L48265,1,297.0,307.8,1385,56.4,202,1,0,0,0,1,0,10.800000000000011,302.4,78114.0,7.67,8608.55
1087,L48266,1,297.0,307.9,1455,49.0,204,0,0,0,0,0,0,10.899999999999977,302.45,71295.0,0.11,1191.33
1088,H30501,0,296.9,307.8,1549,35.8,206,1,1,0,0,0,0,10.900000000000034,302.35,55454.2,0.77,1910.68
1089,M15948,2,296.9,307.8,1392,43.9,0,0,0,0,0,0,0,10.900000000000034,302.35,61108.799999999996,0.15,0.0
1090,M15949,2,296.9,307.7,2008,17.5,3,0,0,0,0,0,0,10.800000000000011,302.29999999999995,35140.0,0.26,530.25
1091,L48270,1,296.9,307.7,1464,41.4,6,0,0,0,0,0,0,10.800000000000011,302.29999999999995,60609.6,0.04,409.89
1092,L48271,1,297.0,307.7,1447,46.4,8,0,0,0,0,0,0,10.699999999999989,302.35,67140.8,0.1,282.09
1093,M15952,2,296.9,307.6,1685,32.0,10,0,0,0,0,0,0,10.700000000000045,302.25,53920.0,0.21,380.88
1094,M15953,2,296.8,307.5,1443,39.2,13,0,0,0,0,0,0,10.699999999999989,302.15,56565.600000000006,0.01,163.31
1095,L48274,1,296.9,307.5,1354,44.4,16,0,0,0,0,0,0,10.600000000000023,302.2,60117.6,0.25,281.48
1096,L48275,1,296.9,307.5,2721,9.3,18,1,0,0,1,0,0,10.600000000000023,302.2,25305.300000000003,6.98,7053.47
1097,L48276,1,297.0,307.6,1680,35.8,20,0,0,0,0,0,0,10.600000000000023,302.3,60143.99999999999,0.18,424.66
1098,H30511,0,296.9,307.5,1397,48.3,22,0,0,0,0,0,0,10.600000000000023,302.2,67475.09999999999,0.29,254.02
1099,M15958,2,296.9,307.4,1521,37.9,27,0,0,0,0,0,0,10.5,302.15,57645.9,0.12,95.89
1100,M15959,2,296.8,307.4,1472,43.9,30,0,0,0,0,0,0,10.599999999999966,302.1,64620.799999999996,0.12,210.4
1101,H30514,0,296.8,307.5,1695,30.0,33,0,0,0,0,0,0,10.699999999999989,302.15,50850.0,0.03,293.44
1102,H30515,0,296.7,307.5,1607,33.6,38,0,0,0,0,0,0,10.800000000000011,302.1,53995.200000000004,0.01,70.11
1103,L48282,1,296.8,307.5,1347,54.8,43,0,0,0,0,0,0,10.699999999999989,302.15,73815.59999999999,0.07,251.19
1104,M15963,2,296.7,307.4,1540,38.7,45,0,0,0,0,0,0,10.699999999999989,302.04999999999995,59598.00000000001,0.14,349.0
1105,L48284,1,296.6,307.4,1389,42.7,48,0,0,0,0,0,0,10.799999999999955,302.0,59310.3,0.15,238.22
1106,M15965,2,296.6,307.5,1734,27.0,50,0,0,0,0,0,0,10.899999999999977,302.05,46818.0,0.07,0.0
1107,L48286,1,296.7,307.6,1540,38.6,53,0,0,0,0,0,0,10.900000000000034,302.15,59444.0,0.18,291.02
1108,M15967,2,296.7,307.5,1515,42.1,55,0,0,0,0,0,0,10.800000000000011,302.1,63781.5,0.05,364.13
1109,L48288,1,296.6,307.4,1504,45.8,58,0,0,0,0,0,0,10.799999999999955,302.0,68883.2,0.1,462.92
1110,L48289,1,296.6,307.5,1557,35.1,60,0,0,0,0,0,0,10.899999999999977,302.05,54650.700000000004,0.06,434.15
1111,L48290,1,296.5,307.4,1292,52.5,62,0,0,0,0,0,0,10.899999999999977,301.95,67830.0,0.21,611.44
1112,H30525,0,296.5,307.4,1432,49.2,64,0,0,0,0,0,0,10.899999999999977,301.95,70454.40000000001,0.15,376.04
1113,M15972,2,296.5,307.4,1350,55.6,69,0,0,0,0,0,0,10.899999999999977,301.95,75060.0,0.22,438.91
1114,M15973,2,296.6,307.4,1790,25.8,72,0,0,0,0,0,0,10.799999999999955,302.0,46182.0,0.02,436.26
1115,H30528,0,296.4,307.3,1540,37.4,75,0,0,0,0,0,0,10.900000000000034,301.85,57596.0,0.13,473.24
1116,M15975,2,296.4,307.3,2077,19.1,80,0,0,0,0,0,0,10.900000000000034,301.85,39670.700000000004,0.29,826.06
1117,L48296,1,296.4,307.3,1487,37.5,83,0,0,0,0,0,0,10.900000000000034,301.85,55762.5,0.02,492.21
1118,L48297,1,296.5,307.4,1523,40.7,85,0,0,0,0,0,0,10.899999999999977,301.95,61986.100000000006,0.13,747.57
1119,L48298,1,296.5,307.5,1443,41.8,87,0,0,0,0,0,0,11.0,302.0,60317.399999999994,0.01,375.17
1120,L48299,1,296.5,307.5,1340,59.1,89,0,0,0,0,0,0,11.0,302.0,79194.0,0.04,645.13
1121,H30534,0,296.6,307.7,1654,31.0,91,0,0,0,0,0,0,11.099999999999966,302.15,51274.0,0.14,900.2
1122,L48301,1,296.6,307.6,1459,40.2,96,0,0,0,0,0,0,11.0,302.1,58651.8,0.05,538.06
1123,L48302,1,296.5,307.6,1541,38.5,98,0,0,0,0,0,0,11.100000000000023,302.05,59328.5,0.16,724.9
1124,H30537,0,296.6,307.7,1386,62.3,100,1,0,0,1,0,0,11.099999999999966,302.15,86347.8,5.81,6170.42
1125,M15984,2,296.7,307.8,1258,69.0,105,1,0,0,1,0,0,11.100000000000023,302.25,86802.0,5.85,6509.11
1126,M15985,2,296.7,307.8,1375,51.4,108,0,0,0,0,0,0,11.100000000000023,302.25,70675.0,0.03,739.36
1127,L48306,1,296.8,307.9,1706,30.8,111,0,0,0,0,0,0,11.099999999999966,302.35,52544.8,0.25,730.83
1128,M15987,2,296.7,307.8,1672,32.4,113,0,0,0,0,0,0,11.100000000000023,302.25,54172.799999999996,0.14,792.92
1129,M15988,2,296.8,307.9,1843,25.2,116,0,0,0,0,0,0,11.099999999999966,302.35,46443.6,0.26,882.07
1130,L48309,1,296.7,307.9,1690,29.6,119,0,0,0,0,0,0,11.199999999999989,302.29999999999995,50024.0,0.09,743.62
1131,L48310,1,296.8,307.9,1413,46.5,121,0,0,0,0,0,0,11.099999999999966,302.35,65704.5,0.19,916.8
1132,L48311,1,296.8,307.9,1489,33.4,123,0,0,0,0,0,0,11.099999999999966,302.35,49732.6,0.28,972.83
1133,L48312,1,296.8,307.9,1271,61.4,125,0,0,0,0,0,0,11.099999999999966,302.35,78039.4,0.05,654.15
1134,M15993,2,296.8,307.9,1418,47.9,127,0,0,0,0,0,0,11.099999999999966,302.35,67922.2,0.24,999.99
1135,M15994,2,296.9,307.8,1426,50.7,130,0,0,0,0,0,0,10.900000000000034,302.35,72298.2,0.19,1006.78
1136,L48315,1,296.9,307.9,1535,39.2,133,0,0,0,0,0,0,11.0,302.4,60172.00000000001,0.24,821.87
1137,L48316,1,296.9,307.8,1557,38.1,135,0,0,0,0,0,0,10.900000000000034,302.35,59321.700000000004,0.05,724.73
1138,L48317,1,296.9,307.8,1653,29.7,137,0,0,0,0,0,0,10.900000000000034,302.35,49094.1,0.13,549.7
1139,L48318,1,296.9,307.9,1435,41.6,139,0,0,0,0,0,0,11.0,302.4,59696.0,0.04,822.54
1140,M15999,2,297.0,307.9,1569,33.3,141,0,0,0,0,0,0,10.899999999999977,302.45,52247.7,0.29,1178.47
1141,M16000,2,296.9,307.9,1385,44.8,144,0,0,0,0,0,0,11.0,302.4,62047.99999999999,0.02,701.41
1142,L48321,1,297.0,307.9,1635,31.6,147,0,0,0,0,0,0,10.899999999999977,302.45,51666.0,0.02,775.02
1143,L48322,1,296.9,307.9,1423,43.9,149,0,0,0,0,0,0,11.0,302.4,62469.7,0.27,981.97
1144,L48323,1,297.0,307.9,1479,39.2,151,0,0,0,0,0,0,10.899999999999977,302.45,57976.8,0.09,787.42
1145,L48324,1,297.0,307.9,1296,69.1,153,1,0,0,1,0,0,10.899999999999977,302.45,89553.59999999999,6.01,6809.83
1146,L48325,1,297.0,307.8,1553,33.3,155,0,0,0,0,0,0,10.800000000000011,302.4,51714.899999999994,0.09,747.36
1147,L48326,1,297.0,307.9,1529,42.2,157,0,0,0,0,0,0,10.899999999999977,302.45,64523.8,0.19,939.71
1148,M16007,2,297.1,308.0,1690,25.6,159,0,0,0,0,0,0,10.899999999999977,302.55,43264.0,0.06,719.32
1149,L48328,1,297.1,308.0,1348,58.0,162,0,0,0,0,0,0,10.899999999999977,302.55,78184.0,0.14,1038.36
1150,L48329,1,297.2,308.1,1446,38.5,164,0,0,0,0,0,0,10.900000000000034,302.65,55671.0,0.16,1015.89
1151,L48330,1,297.1,307.9,1456,50.0,166,0,0,0,0,0,0,10.799999999999955,302.5,72800.0,0.1,865.31
1152,L48331,1,297.0,307.9,1350,47.7,168,0,0,0,0,0,0,10.899999999999977,302.45,64395.00000000001,0.08,925.56
1153,L48332,1,297.1,307.9,1507,38.3,170,0,0,0,0,0,0,10.799999999999955,302.5,57718.1,0.04,856.89
1154,H30567,0,297.0,307.9,1448,45.6,172,0,0,0,0,0,0,10.899999999999977,302.45,66028.8,0.21,1241.58
1155,L48334,1,296.9,307.9,1626,29.9,177,0,0,0,0,0,0,11.0,302.4,48617.399999999994,0.05,868.85
1156,H30569,0,297.0,307.9,1846,27.3,179,0,0,0,0,0,0,10.899999999999977,302.45,50395.8,0.09,1080.26
1157,H30570,0,297.0,307.8,1404,40.7,184,0,0,0,0,0,0,10.800000000000011,302.4,57142.8,0.1,914.22
1158,L48337,1,297.0,307.8,1583,37.2,189,0,0,0,0,0,0,10.800000000000011,302.4,58887.600000000006,0.14,1207.14
1159,L48338,1,297.0,307.9,1436,47.7,191,0,0,0,0,0,0,10.899999999999977,302.45,68497.2,0.21,1320.6
1160,L48339,1,297.0,307.8,1609,35.6,193,0,0,0,0,0,0,10.800000000000011,302.4,57280.4,0.13,1257.68
1161,H30574,0,297.0,307.7,1834,23.8,195,0,0,0,0,0,0,10.699999999999989,302.35,43649.200000000004,0.26,1455.65
1162,L48341,1,297.0,307.8,1316,61.2,200,1,0,0,0,1,0,10.800000000000011,302.4,80539.2,7.71,8753.87
1163,L48342,1,296.9,307.8,1400,57.1,202,1,0,0,0,1,0,10.900000000000034,302.35,79940.0,7.8,8995.69
1164,L48343,1,296.9,307.9,1367,47.1,204,0,0,0,0,0,0,11.0,302.4,64385.700000000004,0.21,1473.63
1165,L48344,1,297.1,308.1,1754,30.3,206,0,0,0,0,0,0,11.0,302.6,53146.200000000004,0.04,901.69
1166,L48345,1,297.1,308.1,1487,34.6,208,0,0,0,0,0,0,11.0,302.6,51450.200000000004,0.29,1239.51
1167,M16026,2,297.1,308.1,1506,37.7,210,0,0,0,0,0,0,11.0,302.6,56776.200000000004,0.24,1065.64
1168,L48347,1,297.0,308.1,1362,52.5,213,1,0,0,0,1,0,11.100000000000023,302.55,71505.0,9.44,10664.17
1169,L48348,1,297.1,308.1,1584,36.8,215,0,0,0,0,0,0,11.0,302.6,58291.2,0.05,898.72
1170,L48349,1,297.0,308.1,1355,43.7,217,0,0,0,0,0,0,11.100000000000023,302.55,59213.50000000001,0.05,868.02
1171,M16030,2,297.1,308.1,1823,24.3,219,0,0,0,0,0,0,11.0,302.6,44298.9,0.18,1110.39
1172,H30585,0,297.0,308.1,1517,41.4,222,0,0,0,0,0,0,11.100000000000023,302.55,62803.799999999996,0.12,969.25
1173,L48352,1,297.1,308.1,1446,36.6,227,0,0,0,0,0,0,11.0,302.6,52923.6,0.2,1375.82
1174,H30587,0,297.1,308.0,1559,38.8,229,0,0,0,0,0,0,10.899999999999977,302.55,60489.2,0.11,1092.32
1175,M16034,2,297.1,308.1,1352,44.4,0,0,0,0,0,0,0,11.0,302.6,60028.799999999996,0.15,0.0
1176,M16035,2,297.2,308.3,1578,37.8,3,0,0,0,0,0,0,11.100000000000023,302.75,59648.399999999994,0.06,68.72
1177,M16036,2,297.2,308.3,1429,42.0,6,0,0,0,0,0,0,11.100000000000023,302.75,60018.0,0.05,82.57
1178,M16037,2,297.2,308.3,1604,39.4,9,0,0,0,0,0,0,11.100000000000023,302.75,63197.6,0.02,0.0
1179,L48358,1,297.3,308.5,1398,60.4,12,0,0,0,0,0,0,11.199999999999989,302.9,84439.2,0.25,202.94
1180,L48359,1,297.3,308.4,1441,43.4,14,0,0,0,0,0,0,11.099999999999966,302.85,62539.4,0.17,228.8
1181,H30594,0,297.3,308.4,1531,35.6,16,0,0,0,0,0,0,11.099999999999966,302.85,54503.6,0.28,306.48
1182,L48361,1,297.2,308.3,1379,52.1,21,0,0,0,0,0,0,11.100000000000023,302.75,71845.90000000001,0.22,275.58
1183,L48362,1,297.3,308.3,1410,48.1,23,0,0,0,0,0,0,11.0,302.8,67821.0,0.23,521.89
1184,L48363,1,297.3,308.4,1513,40.5,25,0,0,0,0,0,0,11.099999999999966,302.85,61276.5,0.15,596.98
1185,L48364,1,297.3,308.5,1497,47.5,27,0,0,0,0,0,0,11.199999999999989,302.9,71107.5,0.24,328.01
1186,L48365,1,297.3,308.4,1491,46.5,29,0,0,0,0,0,0,11.099999999999966,302.85,69331.5,0.28,226.72
1187,L48366,1,297.3,308.4,1417,47.8,31,0,0,0,0,0,0,11.099999999999966,302.85,67732.59999999999,0.22,339.81
1188,M16047,2,297.4,308.6,1522,38.0,33,0,0,0,0,0,0,11.200000000000045,303.0,57836.0,0.03,224.14
1189,L48368,1,297.3,308.4,1339,52.1,36,0,0,0,0,0,0,11.099999999999966,302.85,69761.90000000001,0.2,372.01
1190,M16049,2,297.2,308.3,1794,27.5,38,0,0,0,0,0,0,11.100000000000023,302.75,49335.0,0.04,321.6
1191,L48370,1,297.2,308.4,1460,42.1,41,0,0,0,0,0,0,11.199999999999989,302.79999999999995,61466.0,0.02,556.79
1192,M16051,2,297.2,308.3,1776,28.0,43,0,0,0,0,0,0,11.100000000000023,302.75,49728.0,0.21,168.03
1193,M16052,2,297.2,308.3,1431,43.7,46,0,0,0,0,0,0,11.100000000000023,302.75,62534.700000000004,0.25,403.94
1194,L48373,1,297.1,308.2,1347,50.8,49,0,0,0,0,0,0,11.099999999999966,302.65,68427.59999999999,0.05,526.17
1195,M16054,2,297.0,308.1,1507,43.1,51,0,0,0,0,0,0,11.100000000000023,302.55,64951.700000000004,0.02,196.69
1196,M16055,2,297.0,308.0,1408,47.9,54,0,0,0,0,0,0,11.0,302.5,67443.2,0.27,658.42
1197,M16056,2,297.0,307.9,1493,34.7,57,0,0,0,0,0,0,10.899999999999977,302.45,51807.100000000006,0.04,419.64
1198,M16057,2,296.9,307.9,1441,47.6,60,0,0,0,0,0,0,11.0,302.4,68591.6,0.01,495.53
1199,H30612,0,296.9,307.9,1557,36.5,63,0,0,0,0,0,0,11.0,302.4,56830.5,0.22,822.0
1200,M16059,2,296.9,307.9,1979,20.4,68,0,0,0,0,0,0,11.0,302.4,40371.6,0.25,639.96
1201,M16060,2,296.9,308.0,1430,55.9,71,0,0,0,0,0,0,11.100000000000023,302.45,79937.0,0.15,243.13
1202,L48381,1,296.9,308.0,1658,41.0,74,0,0,0,0,0,0,11.100000000000023,302.45,67978.0,0.16,424.94
1203,M16062,2,297.0,308.1,1355,51.4,76,0,0,0,0,0,0,11.100000000000023,302.55,69647.0,0.1,807.91
1204,H30617,0,297.0,308.1,1410,47.6,79,0,0,0,0,0,0,11.100000000000023,302.55,67116.0,0.07,252.87
1205,L48384,1,296.9,308.0,1521,34.5,84,0,0,0,0,0,0,11.100000000000023,302.45,52474.5,0.23,724.52
1206,L48385,1,296.8,308.0,1371,54.5,86,0,0,0,0,0,0,11.199999999999989,302.4,74719.5,0.25,302.82
1207,H30620,0,296.9,308.0,1318,53.5,88,0,0,0,0,0,0,11.100000000000023,302.45,70513.0,0.1,337.32
1208,M16067,2,297.0,308.1,1573,34.9,93,0,0,0,0,0,0,11.100000000000023,302.55,54897.7,0.08,678.04
1209,L48388,1,297.0,308.1,1489,44.1,96,0,0,0,0,0,0,11.100000000000023,302.55,65664.90000000001,0.08,565.39
1210,H30623,0,297.0,308.1,2540,13.3,98,0,0,0,0,0,0,11.100000000000023,302.55,33782.0,0.02,453.53
1211,L48390,1,297.0,308.1,1537,39.0,103,0,0,0,0,0,0,11.100000000000023,302.55,59943.0,0.08,472.85
1212,H30625,0,296.9,308.0,1416,46.9,105,0,0,0,0,0,0,11.100000000000023,302.45,66410.4,0.01,235.52
1213,L48392,1,296.9,307.9,1359,56.5,110,0,0,0,0,0,0,11.0,302.4,76783.5,0.24,894.01
1214,M16073,2,296.8,307.8,1551,38.9,112,0,0,0,0,0,0,11.0,302.3,60333.899999999994,0.08,597.53
1215,M16074,2,296.8,307.8,1694,33.0,115,0,0,0,0,0,0,11.0,302.3,55902.0,0.21,556.72
1216,L48395,1,296.8,307.9,1709,28.4,118,0,0,0,0,0,0,11.099999999999966,302.35,48535.6,0.16,754.53
1217,L48396,1,296.9,308.0,1514,41.0,120,0,0,0,0,0,0,11.100000000000023,302.45,62074.0,0.25,937.19
1218,L48397,1,297.0,308.1,1455,43.5,122,0,0,0,0,0,0,11.100000000000023,302.55,63292.5,0.29,869.9
1219,M16078,2,297.0,308.2,1702,30.7,124,0,0,0,0,0,0,11.199999999999989,302.6,52251.4,0.11,747.4
1220,M16079,2,296.9,308.1,1357,41.8,127,0,0,0,0,0,0,11.200000000000045,302.5,56722.6,0.03,670.72
1221,L48400,1,297.0,308.2,1577,29.4,130,0,0,0,0,0,0,11.199999999999989,302.6,46363.799999999996,0.22,763.98
1222,M16081,2,297.0,308.3,1399,46.4,132,0,0,0,0,0,1,11.300000000000011,302.65,64913.6,4.03,4698.14
1223,L48402,1,297.0,308.3,1399,59.0,135,0,0,0,0,0,0,11.300000000000011,302.65,82541.0,0.07,855.28
1224,L48403,1,297.0,308.3,1492,48.1,137,0,0,0,0,0,0,11.300000000000011,302.65,71765.2,0.02,860.2
1225,L48404,1,297.1,308.3,1763,25.7,139,0,0,0,0,0,0,11.199999999999989,302.70000000000005,45309.1,0.27,1083.61
1226,H30639,0,297.1,308.3,1492,41.5,141,0,0,0,0,0,0,11.199999999999989,302.70000000000005,61918.0,0.0,603.74
1227,L48406,1,297.1,308.4,1488,42.5,146,0,0,0,0,0,0,11.299999999999955,302.75,63240.0,0.15,975.43
1228,L48407,1,297.1,308.4,1422,42.1,148,0,0,0,0,0,0,11.299999999999955,302.75,59866.200000000004,0.13,939.82
1229,M16088,2,297.1,308.4,1583,38.2,150,0,0,0,0,0,0,11.299999999999955,302.75,60470.600000000006,0.2,843.54
1230,L48409,1,297.1,308.4,1304,53.5,153,0,0,0,0,0,0,11.299999999999955,302.75,69764.0,0.09,785.35
1231,M16090,2,297.1,308.4,1880,23.5,155,0,0,0,0,0,0,11.299999999999955,302.75,44180.0,0.26,1136.95
1232,M16091,2,297.2,308.5,1604,40.7,158,0,0,0,0,0,0,11.300000000000011,302.85,65282.8,0.22,1216.54
1233,L48412,1,297.2,308.6,1500,37.1,161,0,0,0,0,0,0,11.400000000000034,302.9,55650.0,0.13,663.25
1234,M16093,2,297.2,308.5,1364,55.6,163,0,0,0,0,0,0,11.300000000000011,302.85,75838.40000000001,0.11,1171.01
1235,H30648,0,297.2,308.5,2440,14.0,166,0,0,0,0,0,0,11.300000000000011,302.85,34160.0,0.24,1244.62
1236,H30649,0,297.1,308.4,1654,31.4,171,0,0,0,0,0,0,11.299999999999955,302.75,51935.6,0.23,1114.87
1237,H30650,0,297.1,308.4,1359,46.6,176,0,0,0,0,0,0,11.299999999999955,302.75,63329.4,0.12,963.89
1238,M16097,2,297.1,308.4,1502,37.3,181,0,0,0,0,0,0,11.299999999999955,302.75,56024.6,0.1,1063.57
1239,M16098,2,297.1,308.4,1615,32.6,184,0,0,0,0,0,0,11.299999999999955,302.75,52649.0,0.01,833.92
1240,H30653,0,297.2,308.5,1482,39.3,187,0,0,0,0,0,0,11.300000000000011,302.85,58242.6,0.02,928.35
1241,L48420,1,297.2,308.6,1636,31.3,192,0,0,0,0,0,0,11.400000000000034,302.9,51206.8,0.02,758.75
1242,M16101,2,297.1,308.5,1621,32.4,194,0,0,0,0,0,0,11.399999999999977,302.8,52520.399999999994,0.01,718.77
1243,L48422,1,297.1,308.4,1468,44.4,197,0,0,0,0,0,0,11.299999999999955,302.75,65179.2,0.05,1384.85
1244,M16103,2,297.1,308.4,1432,53.4,199,0,0,0,0,0,0,11.299999999999955,302.75,76468.8,0.26,1264.46
1245,L48424,1,297.1,308.4,1726,28.4,202,0,0,0,0,0,0,11.299999999999955,302.75,49018.399999999994,0.24,1280.55
1246,M16105,2,297.1,308.4,1588,33.4,204,0,0,0,0,0,0,11.299999999999955,302.75,53039.2,0.25,1265.39
1247,H30660,0,297.2,308.5,1653,33.3,207,0,0,0,0,0,0,11.300000000000011,302.85,55044.899999999994,0.19,1100.83
1248,L48427,1,297.2,308.5,1513,42.9,212,0,0,0,0,0,0,11.300000000000011,302.85,64907.7,0.19,1203.94
1249,L48428,1,297.2,308.6,1489,40.2,214,0,0,0,0,0,0,11.400000000000034,302.9,59857.8,0.04,1123.68
1250,L48429,1,297.3,308.7,1467,36.8,216,0,0,0,0,0,0,11.399999999999977,303.0,53985.6,0.21,1260.5
1251,L48430,1,297.3,308.7,1549,36.1,218,0,0,0,0,0,0,11.399999999999977,303.0,55918.9,0.08,1057.17
1252,M16111,2,297.4,308.8,1359,48.7,220,0,0,0,0,0,0,11.400000000000034,303.1,66183.3,0.16,1331.92
1253,L48432,1,297.5,308.8,1533,41.5,223,0,0,0,0,0,0,11.300000000000011,303.15,63619.5,0.29,1433.25
1254,L48433,1,297.5,308.8,1309,57.3,0,0,0,0,0,0,0,11.300000000000011,303.15,75005.7,0.26,318.94
1255,H30668,0,297.5,308.8,1430,49.4,2,0,0,0,0,0,0,11.300000000000011,303.15,70642.0,0.07,185.76
1256,H30669,0,297.5,308.9,1419,50.7,7,0,0,0,0,0,0,11.399999999999977,303.2,71943.3,0.22,229.42
1257,M16116,2,297.5,308.9,1535,37.7,12,0,0,0,0,0,0,11.399999999999977,303.2,57869.50000000001,0.03,64.67
1258,L48437,1,297.5,308.9,1466,43.0,15,0,0,0,0,0,0,11.399999999999977,303.2,63038.0,0.01,307.37
1259,L48438,1,297.5,308.9,1427,50.4,17,0,0,0,0,0,0,11.399999999999977,303.2,71920.8,0.01,0.0
1260,M16119,2,297.5,308.9,1280,48.5,19,0,0,0,0,0,0,11.399999999999977,303.2,62080.0,0.05,0.0
1261,L48440,1,297.6,309.0,1528,33.8,22,0,0,0,0,0,0,11.399999999999977,303.3,51646.399999999994,0.21,403.33
1262,H30675,0,297.6,309.0,1885,25.2,24,0,0,0,0,0,0,11.399999999999977,303.3,47502.0,0.11,135.6
1263,H30676,0,297.8,309.2,1648,33.0,29,0,0,0,0,0,0,11.399999999999977,303.5,54384.0,0.0,0.0
1264,L48443,1,297.8,309.2,1400,56.9,34,0,0,0,0,0,0,11.399999999999977,303.5,79660.0,0.3,602.79
1265,M16124,2,297.8,309.3,2243,15.7,36,0,0,0,0,0,0,11.5,303.55,35215.1,0.16,318.28
1266,L48445,1,297.9,309.4,1558,35.7,39,0,0,0,0,0,0,11.5,303.65,55620.600000000006,0.12,125.47
1267,L48446,1,298.0,309.6,1633,34.8,41,0,0,0,0,0,0,11.600000000000023,303.8,56828.399999999994,0.16,655.24
1268,M16127,2,298.1,309.6,1549,38.7,43,0,0,0,0,0,0,11.5,303.85,59946.3,0.16,133.4
1269,L48448,1,298.0,309.5,1496,45.8,46,0,0,0,0,0,0,11.5,303.75,68516.8,0.14,357.0
1270,L48449,1,298.1,309.5,1467,41.8,48,0,0,0,0,0,0,11.399999999999977,303.8,61320.6,0.18,136.61
1271,M16130,2,298.0,309.4,1276,65.9,50,0,0,0,0,0,0,11.399999999999977,303.7,84088.40000000001,0.27,560.6
1272,H30685,0,298.0,309.4,1490,40.5,53,0,0,0,0,0,0,11.399999999999977,303.7,60345.0,0.09,258.83
1273,H30686,0,298.0,309.4,1562,38.1,58,0,0,0,0,0,0,11.399999999999977,303.7,59512.200000000004,0.15,562.89
1274,L48453,1,298.1,309.4,1397,48.2,63,0,0,0,0,0,0,11.299999999999955,303.75,67335.40000000001,0.0,312.39
1275,H30688,0,298.1,309.5,1530,40.2,65,0,0,0,0,0,0,11.399999999999977,303.8,61506.00000000001,0.26,787.59
1276,M16135,2,298.1,309.4,1362,47.6,70,0,0,0,0,0,0,11.299999999999955,303.75,64831.200000000004,0.09,375.54
1277,M16136,2,298.2,309.4,1693,34.4,73,0,0,0,0,0,0,11.199999999999989,303.79999999999995,58239.2,0.08,204.32
1278,M16137,2,298.2,309.4,1408,46.5,76,0,0,0,0,0,0,11.199999999999989,303.79999999999995,65472.0,0.3,715.63
1279,L48458,1,298.2,309.4,1398,52.9,79,0,0,0,0,0,0,11.199999999999989,303.79999999999995,73954.2,0.18,537.12
1280,M16139,2,298.3,309.6,1531,40.1,81,0,0,0,0,0,0,11.300000000000011,303.95000000000005,61393.1,0.04,172.11
1281,H30694,0,298.3,309.5,1521,37.1,84,0,0,0,0,0,0,11.199999999999989,303.9,56429.1,0.08,341.69
1282,H30695,0,298.3,309.5,1427,54.3,89,0,0,0,0,0,0,11.199999999999989,303.9,77486.09999999999,0.11,444.43
1283,L48462,1,298.3,309.4,1546,36.1,94,0,0,0,0,0,0,11.099999999999966,303.85,55810.600000000006,0.3,1003.31
1284,L48463,1,298.3,309.4,1356,45.4,96,0,0,0,0,0,0,11.099999999999966,303.85,61562.4,0.13,716.12
1285,L48464,1,298.4,309.5,2153,15.3,98,1,0,0,1,0,0,11.100000000000023,303.95,32940.9,6.05,6487.84
1286,M16145,2,298.5,309.6,1492,41.7,100,0,0,0,0,0,0,11.100000000000023,304.05,62216.4,0.17,740.63
1287,L48466,1,298.5,309.6,1582,40.3,103,0,0,0,0,0,0,11.100000000000023,304.05,63754.6,0.12,329.08
1288,L48467,1,298.5,309.6,1419,41.5,105,0,0,0,0,0,0,11.100000000000023,304.05,58888.5,0.02,460.26
1289,M16148,2,298.5,309.6,1441,48.2,107,0,0,0,0,0,0,11.100000000000023,304.05,69456.2,0.26,855.15
1290,M16149,2,298.6,309.7,1635,32.2,110,0,0,0,0,0,0,11.099999999999966,304.15,52647.00000000001,0.0,574.81
1291,L48470,1,298.6,309.7,1429,45.8,113,0,0,0,0,0,0,11.099999999999966,304.15,65448.2,0.27,754.1
1292,M16151,2,298.6,309.7,1675,28.4,115,0,0,0,0,0,0,11.099999999999966,304.15,47570.0,0.24,809.25
1293,M16152,2,298.7,309.7,1868,23.8,118,0,0,0,0,0,0,11.0,304.2,44458.4,0.02,660.72
1294,H30707,0,298.7,309.8,1582,33.4,121,0,0,0,0,0,0,11.100000000000023,304.25,52838.799999999996,0.22,823.6
1295,L48474,1,298.8,309.9,1486,40.3,126,0,0,0,0,0,0,11.099999999999966,304.35,59885.799999999996,0.23,989.15
1296,L48475,1,298.7,309.8,1402,54.3,128,0,0,0,0,0,0,11.100000000000023,304.25,76128.59999999999,0.18,867.81
1297,L48476,1,298.7,309.9,1621,34.1,130,0,0,0,0,0,0,11.199999999999989,304.29999999999995,55276.100000000006,0.17,896.69
1298,L48477,1,298.8,309.9,1428,42.4,132,0,0,0,0,0,0,11.099999999999966,304.35,60547.2,0.01,927.03
1299,M16158,2,298.7,309.8,1343,53.6,134,0,0,0,0,0,0,11.100000000000023,304.25,71984.8,0.02,814.13
1300,M16159,2,298.7,309.9,1458,40.2,137,0,0,0,0,0,0,11.199999999999989,304.29999999999995,58611.600000000006,0.22,1166.14
1301,L48480,1,298.7,309.8,1322,57.0,140,0,0,0,0,0,0,11.100000000000023,304.25,75354.0,0.03,629.21
1302,L48481,1,298.7,309.9,1483,32.8,142,0,0,0,0,0,0,11.199999999999989,304.29999999999995,48642.399999999994,0.07,541.14
1303,L48482,1,298.6,309.8,1505,45.7,144,0,0,0,0,0,1,11.199999999999989,304.20000000000005,68778.5,3.49,4188.96
1304,L48483,1,298.7,309.9,1593,42.5,146,0,0,0,0,0,0,11.199999999999989,304.29999999999995,67702.5,0.05,746.16
1305,L48484,1,298.8,310.0,2098,19.6,148,0,0,0,0,0,0,11.199999999999989,304.4,41120.8,0.24,1198.91
1306,L48485,1,298.8,310.0,1672,30.4,150,0,0,0,0,0,0,11.199999999999989,304.4,50828.799999999996,0.24,820.49
1307,L48486,1,298.8,310.0,1487,41.4,152,0,0,0,0,0,0,11.199999999999989,304.4,61561.799999999996,0.25,998.17
1308,L48487,1,298.8,310.0,1423,42.1,154,0,0,0,0,0,0,11.199999999999989,304.4,59908.3,0.01,840.78
1309,L48488,1,298.9,310.1,1750,25.0,156,0,0,0,0,0,0,11.200000000000045,304.5,43750.0,0.13,925.02
1310,L48489,1,298.9,310.2,1654,31.1,158,0,0,0,0,0,0,11.300000000000011,304.54999999999995,51439.4,0.25,1014.27
1311,L48490,1,298.9,310.2,1498,50.2,160,0,0,0,0,0,0,11.300000000000011,304.54999999999995,75199.6,0.11,963.79
1312,L48491,1,298.9,310.1,1587,30.2,162,0,0,0,0,0,0,11.200000000000045,304.5,47927.4,0.21,1181.86
1313,L48492,1,298.9,310.1,1473,42.6,164,0,0,0,0,0,0,11.200000000000045,304.5,62749.8,0.18,1230.36
1314,L48493,1,298.9,310.2,1359,56.9,166,0,0,0,0,0,0,11.300000000000011,304.54999999999995,77327.09999999999,0.1,934.92
1315,M16174,2,299.0,310.3,1635,34.5,168,0,0,0,0,0,0,11.300000000000011,304.65,56407.5,0.08,797.62
1316,L48495,1,299.0,310.3,1520,45.0,171,0,0,0,0,0,0,11.300000000000011,304.65,68400.0,0.2,1285.18
1317,L48496,1,299.0,310.3,1507,36.7,173,0,0,0,0,0,0,11.300000000000011,304.65,55306.9,0.04,743.35
1318,L48497,1,299.0,310.3,1428,46.3,175,0,0,0,0,0,0,11.300000000000011,304.65,66116.4,0.26,1403.59
1319,M16178,2,299.0,310.3,1582,33.3,177,0,0,0,0,0,0,11.300000000000011,304.65,52680.6,0.17,1256.62
1320,L48499,1,299.0,310.3,1929,24.4,180,0,0,0,0,0,0,11.300000000000011,304.65,47067.6,0.03,1153.41
1321,M16180,2,299.0,310.3,1540,38.1,182,0,0,0,0,0,0,11.300000000000011,304.65,58674.0,0.21,1222.81
1322,L48501,1,298.9,310.2,1362,53.0,185,0,0,0,0,0,0,11.300000000000011,304.54999999999995,72186.0,0.13,738.13
1323,H30736,0,298.9,310.1,1452,49.9,187,0,0,0,0,0,0,11.200000000000045,304.5,72454.8,0.06,839.13
1324,L48503,1,298.9,310.1,1361,51.7,192,0,0,0,0,0,0,11.200000000000045,304.5,70363.7,0.29,1296.03
1325,M16184,2,298.8,310.1,1243,74.5,194,1,0,0,1,1,0,11.300000000000011,304.45000000000005,92603.5,6.18,7048.65
1326,H30739,0,298.8,310.1,1567,36.8,197,0,0,0,0,0,0,11.300000000000011,304.45000000000005,57665.6,0.18,1117.71
1327,L48506,1,298.9,310.2,1411,46.5,202,0,0,0,0,0,0,11.300000000000011,304.54999999999995,65611.5,0.25,1351.92
1328,L48507,1,298.8,310.2,1814,26.8,204,0,0,0,0,0,0,11.399999999999977,304.5,48615.200000000004,0.16,1154.5
1329,M16188,2,298.8,310.1,1719,28.8,206,0,0,0,0,0,0,11.300000000000011,304.45000000000005,49507.200000000004,0.13,977.15
1330,H30743,0,298.8,310.2,1663,30.4,209,0,0,0,0,0,0,11.399999999999977,304.5,50555.2,0.06,1237.85
1331,L48510,1,298.9,310.2,1696,30.2,214,0,0,0,0,0,0,11.300000000000011,304.54999999999995,51219.2,0.05,1197.24
1332,H30745,0,298.9,310.2,1771,26.8,216,0,0,0,0,0,0,11.300000000000011,304.54999999999995,47462.8,0.13,1172.65
1333,L48512,1,299.0,310.3,1868,24.0,221,0,0,0,0,0,0,11.300000000000011,304.65,44832.0,0.14,1351.69
1334,M16193,2,299.0,310.3,1558,35.4,223,0,0,0,0,0,0,11.300000000000011,304.65,55153.2,0.22,1349.26
1335,L48514,1,299.0,310.4,1365,49.1,226,1,0,0,0,1,0,11.399999999999977,304.7,67021.5,8.33,9659.7
1336,L48515,1,299.0,310.4,1371,53.8,228,1,0,0,0,1,0,11.399999999999977,304.7,73759.8,9.49,10652.68
1337,L48516,1,298.9,310.3,1583,32.6,230,0,0,0,0,0,0,11.400000000000034,304.6,51605.8,0.25,1598.59
1338,H30751,0,298.7,310.2,1613,36.0,0,0,0,0,0,0,0,11.5,304.45,58068.0,0.3,18.95
1339,L48518,1,298.6,310.1,1721,27.2,5,0,0,0,0,0,0,11.5,304.35,46811.2,0.1,193.88
1340,M16199,2,298.6,310.2,1668,31.5,7,0,0,0,0,0,0,11.599999999999966,304.4,52542.0,0.27,245.32
1341,L48520,1,298.6,310.2,1569,36.3,10,0,0,0,0,0,0,11.599999999999966,304.4,56954.7,0.24,161.14
1342,M16201,2,298.6,310.2,1328,50.5,12,0,0,0,0,0,0,11.599999999999966,304.4,67064.0,0.02,253.78
1343,M16202,2,298.6,310.1,1596,33.0,15,0,0,0,0,0,0,11.5,304.35,52668.0,0.1,308.36
1344,L48523,1,298.5,310.2,1676,32.7,18,0,0,0,0,0,0,11.699999999999989,304.35,54805.200000000004,0.07,0.0
1345,L48524,1,298.5,310.1,1809,28.9,20,0,0,0,0,0,0,11.600000000000023,304.3,52280.1,0.2,407.32
1346,L48525,1,298.5,310.0,1804,26.1,22,0,0,0,0,0,0,11.5,304.25,47084.4,0.17,369.12
1347,L48526,1,298.6,310.1,1533,33.9,24,0,0,0,0,0,0,11.5,304.35,51968.7,0.15,161.54
1348,L48527,1,298.7,310.2,1717,27.3,26,0,0,0,0,0,0,11.5,304.45,46874.1,0.23,234.7
1349,L48528,1,298.7,310.2,1363,45.5,28,0,0,0,0,0,0,11.5,304.45,62016.5,0.1,1.41
1350,L48529,1,298.7,310.2,1402,45.9,30,0,0,0,0,0,0,11.5,304.45,64351.799999999996,0.11,209.37
1351,L48530,1,298.7,310.2,1436,47.5,32,0,0,0,0,0,0,11.5,304.45,68210.0,0.26,393.38
1352,L48531,1,298.7,310.2,1525,43.7,34,0,0,0,0,0,0,11.5,304.45,66642.5,0.29,579.55
1353,M16212,2,298.7,310.2,1598,33.3,36,0,0,0,0,0,0,11.5,304.45,53213.399999999994,0.23,450.41
1354,M16213,2,298.6,310.1,1444,48.1,39,0,0,0,0,0,0,11.5,304.35,69456.40000000001,0.07,106.01
1355,L48534,1,298.6,310.0,1334,48.0,42,0,0,0,0,0,0,11.399999999999977,304.3,64032.0,0.03,275.83
1356,M16215,2,298.6,310.0,1681,35.5,44,0,0,0,0,0,0,11.399999999999977,304.3,59675.5,0.06,241.89
1357,L48536,1,298.6,309.9,1593,37.4,47,0,0,0,0,0,0,11.299999999999955,304.25,59578.2,0.13,224.78
1358,L48537,1,298.6,309.9,1461,45.7,49,0,0,0,0,0,0,11.299999999999955,304.25,66767.7,0.07,76.57
1359,M16218,2,298.7,310.1,1693,31.9,51,0,0,0,0,0,0,11.400000000000034,304.4,54006.7,0.27,618.72
1360,L48539,1,298.7,310.2,1404,50.3,54,0,0,0,0,0,0,11.5,304.45,70621.2,0.2,536.96
1361,H30774,0,298.8,310.2,1707,27.6,56,0,0,0,0,0,0,11.399999999999977,304.5,47113.200000000004,0.13,493.52
1362,M16221,2,298.6,310.1,1458,41.9,61,0,0,0,0,0,0,11.5,304.35,61090.2,0.08,275.76
1363,L48542,1,298.6,310.0,1517,41.2,64,0,0,0,0,0,0,11.399999999999977,304.3,62500.4,0.11,455.66
1364,L48543,1,298.7,310.1,1433,54.6,66,0,0,0,0,0,0,11.400000000000034,304.4,78241.8,0.14,263.7
1365,L48544,1,298.7,310.2,1566,33.1,68,0,0,0,0,0,0,11.5,304.45,51834.600000000006,0.21,402.01
1366,L48545,1,298.7,310.1,1676,33.5,70,0,0,0,0,0,0,11.400000000000034,304.4,56146.0,0.03,385.06
1367,M16226,2,298.7,310.1,1368,56.8,72,0,0,0,0,0,0,11.400000000000034,304.4,77702.4,0.25,649.35
1368,M16227,2,298.8,310.2,1581,37.5,75,0,0,0,0,0,0,11.399999999999977,304.5,59287.5,0.04,170.68
1369,H30782,0,298.8,310.3,1708,27.1,78,0,0,0,0,0,0,11.5,304.55,46286.8,0.08,311.37
1370,M16229,2,298.7,310.3,1481,41.5,83,0,0,0,0,0,0,11.600000000000023,304.5,61461.5,0.3,660.19
1371,L48550,1,298.7,310.3,1451,40.0,86,0,0,0,0,0,0,11.600000000000023,304.5,58040.0,0.06,633.78
1372,M16231,2,298.7,310.3,1495,38.7,88,0,0,0,0,0,0,11.600000000000023,304.5,57856.50000000001,0.03,348.03
1373,M16232,2,298.8,310.3,1573,41.8,91,0,0,0,0,0,0,11.5,304.55,65751.4,0.19,666.09
1374,M16233,2,298.8,310.3,1366,59.0,94,0,0,0,0,0,0,11.5,304.55,80594.0,0.12,626.81
1375,L48554,1,298.8,310.3,1553,36.8,97,0,0,0,0,0,0,11.5,304.55,57150.399999999994,0.03,477.55
1376,M16235,2,298.8,310.3,1528,37.1,99,0,0,0,0,0,0,11.5,304.55,56688.8,0.0,535.2
1377,M16236,2,298.8,310.2,1527,31.2,102,0,0,0,0,0,0,11.399999999999977,304.5,47642.4,0.02,328.26
1378,L48557,1,298.8,310.2,1461,46.7,105,0,0,0,0,0,0,11.399999999999977,304.5,68228.7,0.16,586.63
1379,H30792,0,298.8,310.2,1455,44.9,107,0,0,0,0,0,0,11.399999999999977,304.5,65329.5,0.07,820.15
1380,L48559,1,298.7,310.1,1620,34.8,112,0,0,0,0,0,0,11.400000000000034,304.4,56375.99999999999,0.23,1015.71
1381,L48560,1,298.7,310.1,1786,27.7,114,0,0,0,0,0,0,11.400000000000034,304.4,49472.2,0.26,956.44
1382,M16241,2,298.8,310.2,1583,35.7,116,0,0,0,0,0,0,11.399999999999977,304.5,56513.100000000006,0.04,785.06
1383,L48562,1,298.8,310.1,1653,30.3,119,0,0,0,0,0,0,11.300000000000011,304.45000000000005,50085.9,0.1,421.11
1384,M16243,2,298.9,310.2,1331,49.0,121,0,0,0,0,0,0,11.300000000000011,304.54999999999995,65219.0,0.04,502.7
1385,L48564,1,298.9,310.3,1484,43.8,124,0,0,0,0,0,0,11.400000000000034,304.6,64999.2,0.09,663.33
1386,M16245,2,298.9,310.2,1603,36.1,126,0,0,0,0,0,0,11.300000000000011,304.54999999999995,57868.3,0.07,1062.35
1387,L48566,1,298.9,310.2,1445,40.0,129,0,0,0,0,0,0,11.300000000000011,304.54999999999995,57800.0,0.24,838.04
1388,L48567,1,298.9,310.1,1823,26.1,131,0,0,0,0,0,0,11.200000000000045,304.5,47580.3,0.1,866.74
1389,H30802,0,298.9,310.1,1491,45.3,133,0,0,0,0,0,0,11.200000000000045,304.5,67542.3,0.15,871.76
1390,L48569,1,298.9,310.2,1533,42.8,138,0,0,0,0,0,0,11.300000000000011,304.54999999999995,65612.4,0.2,943.42
1391,L48570,1,298.9,310.2,1409,54.8,140,0,0,0,0,0,0,11.300000000000011,304.54999999999995,77213.2,0.25,946.47
1392,L48571,1,298.9,310.2,2737,8.8,142,1,0,0,1,0,0,11.300000000000011,304.54999999999995,24085.600000000002,7.18,7710.0
1393,M16252,2,299.0,310.3,1494,46.6,144,0,0,0,0,0,0,11.300000000000011,304.65,69620.40000000001,0.06,374.83
1394,L48573,1,299.1,310.4,1594,33.3,147,0,0,0,0,0,0,11.299999999999955,304.75,53080.2,0.29,1217.28
1395,L48574,1,299.1,310.4,1527,44.0,149,0,0,0,0,0,0,11.299999999999955,304.75,67188.0,0.1,752.53
1396,L48575,1,299.1,310.4,1452,39.7,151,0,0,0,0,0,0,11.299999999999955,304.75,57644.4,0.2,674.93
1397,L48576,1,299.0,310.3,1483,39.2,153,0,0,0,0,0,0,11.300000000000011,304.65,58133.600000000006,0.2,1030.69
1398,L48577,1,299.1,310.2,1569,38.2,155,0,0,0,0,0,0,11.099999999999966,304.65,59935.8,0.15,987.82
1399,L48578,1,299.1,310.3,1472,46.6,157,0,0,0,0,0,0,11.199999999999989,304.70000000000005,68595.2,0.07,970.18
1400,L48579,1,299.0,310.2,1533,43.5,159,0,0,0,0,0,0,11.199999999999989,304.6,66685.5,0.04,1002.36
1401,H30814,0,298.9,310.1,1366,62.7,161,0,0,0,0,0,0,11.200000000000045,304.5,85648.2,0.15,817.15
1402,H30815,0,298.9,310.2,1532,37.7,166,0,0,0,0,0,0,11.300000000000011,304.54999999999995,57756.4,0.15,848.75
1403,M16262,2,298.9,310.1,1313,56.8,171,0,0,0,0,0,0,11.200000000000045,304.5,74578.4,0.23,1037.19
1404,L48583,1,299.0,310.2,1372,48.0,174,0,0,0,0,0,0,11.199999999999989,304.6,65856.0,0.21,1203.25
1405,M16264,2,298.9,310.1,1555,40.6,176,0,0,0,0,0,0,11.200000000000045,304.5,63133.0,0.27,834.6
1406,L48585,1,298.9,310.1,1394,42.7,179,0,0,0,0,0,0,11.200000000000045,304.5,59523.8,0.29,1204.23
1407,L48586,1,298.9,310.1,1442,48.0,181,0,0,0,0,0,0,11.200000000000045,304.5,69216.0,0.22,1264.82
1408,L48587,1,298.9,310.0,1564,33.8,183,0,0,0,0,0,0,11.100000000000023,304.45,52863.2,0.02,1068.63
1409,L48588,1,298.9,310.0,1452,48.9,185,0,0,0,0,0,0,11.100000000000023,304.45,71002.8,0.12,1151.28
1410,L48589,1,298.9,310.1,1466,42.5,187,0,0,0,0,0,0,11.200000000000045,304.5,62305.0,0.18,1274.45
1411,M16270,2,298.9,310.1,1469,53.2,189,0,0,0,0,0,0,11.200000000000045,304.5,78150.8,0.18,712.92
1412,L48591,1,298.9,310.1,1944,23.4,192,0,0,0,0,0,0,11.200000000000045,304.5,45489.6,0.05,1252.02
1413,M16272,2,298.8,309.9,1415,53.2,194,0,0,0,0,0,0,11.099999999999966,304.35,75278.0,0.17,1189.56
1414,M16273,2,298.7,309.8,1528,36.7,197,0,0,0,0,0,0,11.100000000000023,304.25,56077.600000000006,0.1,1285.2
1415,M16274,2,298.7,309.8,1570,42.1,200,0,0,0,0,0,0,11.100000000000023,304.25,66097.0,0.1,923.8
1416,L48595,1,298.7,309.9,1617,33.0,203,0,0,0,0,0,0,11.199999999999989,304.29999999999995,53361.0,0.25,1001.93
1417,M16276,2,298.7,309.9,2083,18.2,205,0,0,0,0,0,0,11.199999999999989,304.29999999999995,37910.6,0.13,1422.96
1418,L48597,1,298.7,309.9,1541,38.5,208,0,0,0,0,0,0,11.199999999999989,304.29999999999995,59328.5,0.16,1061.02
1419,L48598,1,298.8,309.9,1320,47.4,210,0,0,0,0,0,0,11.099999999999966,304.35,62568.0,0.17,1173.37
1420,L48599,1,298.7,309.8,1354,53.3,212,1,0,0,0,1,0,11.100000000000023,304.25,72168.2,8.02,9159.12
1421,M16280,2,298.8,309.9,1495,35.2,214,0,0,0,0,0,0,11.099999999999966,304.35,52624.00000000001,0.06,1245.93
1422,L48601,1,298.7,309.8,1589,31.8,217,0,0,0,0,0,0,11.100000000000023,304.25,50530.200000000004,0.18,1426.76
1423,L48602,1,298.7,309.8,1530,35.5,0,0,0,0,0,0,0,11.100000000000023,304.25,54315.0,0.1,133.51
1424,L48603,1,298.7,309.8,1539,33.4,2,0,0,0,0,0,0,11.100000000000023,304.25,51402.6,0.2,51.85
1425,L48604,1,298.7,309.7,1462,46.8,4,0,0,0,0,0,0,11.0,304.2,68421.59999999999,0.04,165.99
1426,L48605,1,298.6,309.7,1356,54.0,6,0,0,0,0,0,0,11.099999999999966,304.15,73224.0,0.3,438.38
1427,M16286,2,298.7,309.7,1622,34.6,8,0,0,0,0,0,0,11.0,304.2,56121.200000000004,0.23,0.0
1428,L48607,1,298.7,309.8,1394,40.3,11,0,0,0,0,0,0,11.100000000000023,304.25,56178.2,0.13,397.8
1429,L48608,1,298.8,309.9,1568,33.7,13,0,0,0,0,0,0,11.099999999999966,304.35,52841.600000000006,0.09,0.0
1430,M16289,2,298.9,310.0,1456,43.8,15,0,0,0,0,0,0,11.100000000000023,304.45,63772.799999999996,0.12,350.16
1431,L48610,1,298.9,310.0,1378,49.3,18,0,0,0,0,0,0,11.100000000000023,304.45,67935.4,0.22,214.88
1432,M16291,2,298.9,309.9,1404,41.4,20,0,0,0,0,0,0,11.0,304.4,58125.6,0.2,405.83
1433,L48612,1,298.8,309.8,1437,42.8,23,0,0,0,0,0,0,11.0,304.3,61503.6,0.21,401.53
1434,L48613,1,298.8,309.8,1363,44.0,25,0,0,0,0,0,0,11.0,304.3,59972.0,0.27,389.43
1435,M16294,2,298.8,309.8,1377,49.6,27,0,0,0,0,0,0,11.0,304.3,68299.2,0.14,342.66
1436,H30849,0,298.8,309.9,1526,42.1,30,0,0,0,0,0,0,11.099999999999966,304.35,64244.6,0.2,337.03
1437,H30850,0,298.8,309.8,1510,44.2,35,0,0,0,0,0,0,11.0,304.3,66742.0,0.13,412.09
1438,H30851,0,298.8,309.9,1439,45.2,40,1,0,0,0,0,0,11.099999999999966,304.35,65042.8,0.19,717.79
1439,L48618,1,298.8,309.9,1482,39.1,45,0,0,0,0,0,0,11.099999999999966,304.35,57946.200000000004,0.14,163.81
1440,M16299,2,298.8,309.8,1534,37.0,47,0,0,0,0,0,0,11.0,304.3,56758.0,0.23,0.0
1441,M16300,2,298.8,309.9,1741,27.7,50,0,0,0,0,0,0,11.099999999999966,304.35,48225.7,0.0,187.65
1442,L48621,1,298.8,309.9,1550,38.8,53,0,0,0,0,0,0,11.099999999999966,304.35,60139.99999999999,0.06,252.4
1443,M16302,2,298.8,310.0,1486,38.5,55,0,0,0,0,0,0,11.199999999999989,304.4,57211.0,0.09,308.36
1444,L48623,1,298.9,310.1,1602,38.2,58,0,0,0,0,0,0,11.200000000000045,304.5,61196.4,0.28,431.03
1445,L48624,1,299.0,310.2,1477,37.9,60,0,0,0,0,0,0,11.199999999999989,304.6,55978.299999999996,0.15,580.87
1446,L48625,1,299.0,310.1,1618,29.2,62,0,0,0,0,0,0,11.100000000000023,304.55,47245.6,0.11,212.8
1447,M16306,2,299.0,310.2,1628,35.8,64,0,0,0,0,0,0,11.199999999999989,304.6,58282.399999999994,0.12,507.62
1448,M16307,2,299.0,310.3,1662,33.6,67,0,0,0,0,0,0,11.300000000000011,304.65,55843.200000000004,0.14,570.77
1449,M16308,2,299.0,310.3,1657,31.0,70,0,0,0,0,0,0,11.300000000000011,304.65,51367.0,0.26,657.47
1450,H30863,0,299.0,310.4,1677,30.8,73,0,0,0,0,0,0,11.399999999999977,304.7,51651.6,0.29,728.07
1451,M16310,2,299.0,310.3,1447,39.9,78,0,0,0,0,0,0,11.300000000000011,304.65,57735.299999999996,0.25,782.39
1452,L48631,1,298.9,310.4,1831,25.4,81,0,0,0,0,0,0,11.5,304.65,46507.399999999994,0.25,663.03
1453,L48632,1,299.0,310.3,1584,34.4,83,0,0,0,0,0,0,11.300000000000011,304.65,54489.6,0.06,423.03
1454,L48633,1,299.1,310.4,1450,40.9,85,0,0,0,0,0,0,11.299999999999955,304.75,59305.0,0.08,577.96
1455,L48634,1,299.1,310.4,1428,46.9,87,0,0,0,0,0,0,11.299999999999955,304.75,66973.2,0.18,705.05
1456,L48635,1,299.0,310.4,1382,53.0,89,0,0,0,0,0,0,11.399999999999977,304.7,73246.0,0.2,778.45
1457,L48636,1,299.0,310.3,1501,43.0,91,0,0,0,0,0,0,11.300000000000011,304.65,64543.0,0.06,258.14
1458,L48637,1,299.0,310.3,1475,42.4,93,0,0,0,0,0,0,11.300000000000011,304.65,62540.0,0.22,657.47
1459,L48638,1,298.9,310.3,1364,54.0,95,0,0,0,0,0,0,11.400000000000034,304.6,73656.0,0.06,375.19
1460,L48639,1,299.0,310.3,1472,36.1,97,0,0,0,0,0,0,11.300000000000011,304.65,53139.200000000004,0.08,649.14
1461,L48640,1,299.0,310.3,1437,47.8,99,0,0,0,0,0,0,11.300000000000011,304.65,68688.59999999999,0.09,694.01
1462,L48641,1,298.9,310.2,1491,45.1,101,0,0,0,0,0,0,11.300000000000011,304.54999999999995,67244.1,0.25,713.84
1463,L48642,1,298.9,310.2,1706,27.6,103,0,0,0,0,0,0,11.300000000000011,304.54999999999995,47085.600000000006,0.22,625.61
1464,L48643,1,298.8,310.1,1607,39.5,105,0,0,0,0,0,0,11.300000000000011,304.45000000000005,63476.5,0.16,774.54
1465,L48644,1,298.8,310.0,1412,46.3,107,0,0,0,0,0,0,11.199999999999989,304.4,65375.6,0.25,765.01
1466,L48645,1,298.7,309.8,1546,40.9,109,0,0,0,0,0,0,11.100000000000023,304.25,63231.399999999994,0.24,998.97
1467,L48646,1,298.7,309.8,1365,50.5,111,0,0,0,0,0,0,11.100000000000023,304.25,68932.5,0.12,940.94
1468,L48647,1,298.6,309.8,1544,30.2,113,0,0,0,0,0,0,11.199999999999989,304.20000000000005,46628.799999999996,0.23,945.11
1469,M16328,2,298.6,309.8,1419,44.9,115,0,0,0,0,0,0,11.199999999999989,304.20000000000005,63713.1,0.06,669.9
1470,L48649,1,298.6,309.8,1497,41.6,118,0,0,0,0,0,0,11.199999999999989,304.20000000000005,62275.200000000004,0.15,1013.84
1471,L48650,1,298.5,309.7,1437,42.6,120,0,0,0,0,0,0,11.199999999999989,304.1,61216.200000000004,0.04,676.11
1472,L48651,1,298.5,309.6,1421,53.6,122,0,0,0,0,0,0,11.100000000000023,304.05,76165.6,0.13,668.12
1473,M16332,2,298.5,309.6,1438,44.5,124,0,0,0,0,0,0,11.100000000000023,304.05,63991.0,0.16,678.7
1474,M16333,2,298.5,309.5,1315,48.9,127,0,0,0,0,0,0,11.0,304.0,64303.5,0.02,549.47
1475,M16334,2,298.5,309.5,1366,61.9,130,0,0,0,0,0,0,11.0,304.0,84555.4,0.14,789.04
1476,M16335,2,298.4,309.5,1519,35.4,133,0,0,0,0,0,0,11.100000000000023,303.95,53772.6,0.2,934.46
1477,L48656,1,298.4,309.5,1692,28.3,136,0,0,0,0,0,0,11.100000000000023,303.95,47883.6,0.18,647.73
1478,L48657,1,298.3,309.4,1570,35.6,138,0,0,0,0,0,0,11.099999999999966,303.85,55892.0,0.02,642.66
1479,L48658,1,298.3,309.4,1568,35.8,140,0,0,0,0,0,0,11.099999999999966,303.85,56134.399999999994,0.03,761.93
1480,L48659,1,298.2,309.3,1355,43.8,142,0,0,0,0,0,0,11.100000000000023,303.75,59348.99999999999,0.11,916.54
1481,M16340,2,298.2,309.3,2056,18.7,144,0,0,0,0,0,0,11.100000000000023,303.75,38447.2,0.25,966.11
1482,M16341,2,298.2,309.2,1332,60.2,147,0,0,0,0,0,0,11.0,303.7,80186.40000000001,0.26,1031.68
1483,M16342,2,298.1,309.1,1448,52.5,150,0,0,0,0,0,0,11.0,303.6,76020.0,0.09,654.22
1484,L48663,1,298.0,308.9,1578,35.6,153,0,0,0,0,0,0,10.899999999999977,303.45,56176.8,0.22,848.23
1485,M16344,2,298.0,309.0,1562,39.2,155,0,0,0,0,0,0,11.0,303.5,61230.4,0.17,935.87
1486,M16345,2,298.1,309.0,1976,19.3,158,0,0,0,0,0,0,10.899999999999977,303.55,38136.8,0.3,1166.58
1487,M16346,2,298.2,309.2,1524,34.6,161,0,0,0,0,0,0,11.0,303.7,52730.4,0.03,869.7
1488,L48667,1,298.2,309.1,1429,48.5,164,0,0,0,0,0,0,10.900000000000034,303.65,69306.5,0.16,852.68
1489,L48668,1,298.2,309.1,1568,36.3,166,0,0,0,0,0,0,10.900000000000034,303.65,56918.399999999994,0.18,974.52
1490,M16349,2,298.2,309.0,1723,26.6,168,0,0,0,0,0,0,10.800000000000011,303.6,45831.8,0.09,1156.78
1491,L48670,1,298.2,309.0,1341,43.8,171,0,0,0,0,0,0,10.800000000000011,303.6,58735.799999999996,0.01,946.64
1492,M16351,2,298.1,308.9,1353,46.2,173,0,0,0,0,0,0,10.799999999999955,303.5,62508.600000000006,0.02,860.62
1493,M16352,2,298.0,308.7,1479,58.5,176,1,0,0,1,0,0,10.699999999999989,303.35,86521.5,5.5,6226.12
1494,L48673,1,298.0,308.8,1496,44.9,179,0,0,0,0,0,0,10.800000000000011,303.4,67170.4,0.21,997.99
1495,M16354,2,298.0,308.7,1377,48.5,181,0,0,0,0,0,0,10.699999999999989,303.35,66784.5,0.21,1115.99
1496,H30909,0,297.9,308.5,1383,44.6,184,0,0,0,0,0,0,10.600000000000023,303.2,61681.8,0.05,1011.39
1497,L48676,1,298.0,308.7,1268,69.4,189,1,0,0,1,1,0,10.699999999999989,303.35,87999.20000000001,6.26,7289.83
1498,L48677,1,298.0,308.7,1629,34.3,191,0,0,0,0,0,0,10.699999999999989,303.35,55874.7,0.11,1123.2
1499,L48678,1,298.0,308.8,1790,27.2,193,0,0,0,0,0,0,10.800000000000011,303.4,48688.0,0.29,1199.46
1500,M16359,2,298.1,308.8,2206,16.3,195,0,0,0,0,0,0,10.699999999999989,303.45000000000005,35957.8,0.04,938.33
1501,M16360,2,298.0,308.7,2101,17.4,198,0,0,0,0,0,0,10.699999999999989,303.35,36557.399999999994,0.25,1547.05
1502,M16361,2,298.0,308.7,1436,48.2,201,0,0,0,0,0,0,10.699999999999989,303.35,69215.2,0.27,1191.53
1503,L48682,1,298.0,308.7,1462,48.2,204,0,0,0,0,0,0,10.699999999999989,303.35,70468.40000000001,0.25,1076.24
1504,L48683,1,298.0,308.7,1771,26.2,206,0,0,0,0,0,0,10.699999999999989,303.35,46400.2,0.24,1024.19
1505,L48684,1,298.0,308.7,1506,47.0,208,0,0,0,0,0,0,10.699999999999989,303.35,70782.0,0.11,1097.02
1506,L48685,1,298.0,308.7,1626,36.7,210,0,0,0,0,0,0,10.699999999999989,303.35,59674.200000000004,0.21,1401.0
1507,L48686,1,298.0,308.8,1610,33.7,212,0,0,0,0,0,0,10.800000000000011,303.4,54257.00000000001,0.17,1143.61
1508,M16367,2,298.0,308.6,1376,55.7,214,0,0,0,0,0,0,10.600000000000023,303.3,76643.2,0.13,1421.63
1509,M16368,2,298.0,308.6,1507,37.3,217,0,0,0,0,0,0,10.600000000000023,303.3,56211.1,0.3,1383.91
1510,L48689,1,298.0,308.5,1429,37.7,220,1,1,0,0,0,0,10.5,303.25,53873.3,2.11,3376.43
1511,M16370,2,298.1,308.7,1547,38.9,0,0,0,0,0,0,0,10.599999999999966,303.4,60178.299999999996,0.12,6.34
1512,L48691,1,298.1,308.7,1642,30.3,3,0,0,0,0,0,0,10.599999999999966,303.4,49752.6,0.27,173.67
1513,H30926,0,298.0,308.7,1503,36.3,5,0,0,0,0,0,0,10.699999999999989,303.35,54558.899999999994,0.09,128.66
1514,L48693,1,298.1,308.7,1568,32.9,10,0,0,0,0,0,0,10.599999999999966,303.4,51587.2,0.05,172.38
1515,M16374,2,298.1,308.8,1628,37.6,12,0,0,0,0,0,0,10.699999999999989,303.45000000000005,61212.8,0.09,123.16
1516,M16375,2,298.2,308.9,1614,35.5,15,0,0,0,0,0,0,10.699999999999989,303.54999999999995,57297.0,0.23,348.87
1517,L48696,1,298.2,308.9,1278,54.0,18,0,0,0,0,0,0,10.699999999999989,303.54999999999995,69012.0,0.26,438.27
1518,M16377,2,298.2,308.9,1408,38.8,20,0,0,0,0,0,0,10.699999999999989,303.54999999999995,54630.399999999994,0.03,0.0
1519,H30932,0,298.2,309.0,1371,55.7,23,0,0,0,0,0,0,10.800000000000011,303.6,76364.7,0.19,253.86
1520,M16379,2,298.2,308.9,1512,38.5,28,0,0,0,0,0,0,10.699999999999989,303.54999999999995,58212.0,0.17,232.2
1521,L48700,1,298.3,309.1,1472,40.1,31,0,0,0,0,0,0,10.800000000000011,303.70000000000005,59027.200000000004,0.2,284.48
1522,M16381,2,298.2,308.9,1585,34.3,33,0,0,0,0,0,0,10.699999999999989,303.54999999999995,54365.49999999999,0.2,426.03
1523,H30936,0,298.2,309.0,1562,37.7,36,0,0,0,0,0,0,10.800000000000011,303.6,58887.4,0.29,394.28
1524,L48703,1,298.3,309.0,1519,36.9,41,0,0,0,0,0,0,10.699999999999989,303.65,56051.1,0.1,4.24
1525,L48704,1,298.2,309.0,1601,35.8,43,0,0,0,0,0,0,10.800000000000011,303.6,57315.799999999996,0.09,269.52
1526,L48705,1,298.2,309.0,2449,13.8,45,0,0,0,0,0,0,10.800000000000011,303.6,33796.200000000004,0.17,235.34
1527,L48706,1,298.1,309.0,1787,27.6,47,0,0,0,0,0,0,10.899999999999977,303.55,49321.200000000004,0.13,439.45
1528,H30941,0,298.1,309.1,1425,44.5,49,0,0,0,0,0,0,11.0,303.6,63412.5,0.14,505.85
1529,L48708,1,298.1,309.0,1559,34.0,54,0,0,0,0,0,0,10.899999999999977,303.55,53006.0,0.02,0.0
1530,L48709,1,298.1,309.0,1557,36.0,56,0,0,0,0,0,0,10.899999999999977,303.55,56052.0,0.04,203.87
1531,L48710,1,298.1,309.0,1497,40.5,58,0,0,0,0,0,0,10.899999999999977,303.55,60628.5,0.28,623.01
1532,H30945,0,298.1,309.0,1438,41.4,60,0,0,0,0,0,0,10.899999999999977,303.55,59533.2,0.02,108.67
1533,M16392,2,298.1,308.9,1417,39.2,65,0,0,0,0,0,0,10.799999999999955,303.5,55546.4,0.18,622.4
1534,M16393,2,298.0,308.9,1339,51.4,68,0,0,0,0,0,0,10.899999999999977,303.45,68824.59999999999,0.23,727.4
1535,L48714,1,298.0,308.8,1757,29.1,71,0,0,0,0,0,0,10.800000000000011,303.4,51128.700000000004,0.0,330.7
1536,L48715,1,298.0,308.8,1581,36.1,73,0,0,0,0,0,0,10.800000000000011,303.4,57074.100000000006,0.07,318.91
1537,M16396,2,298.2,308.9,1326,54.4,75,0,0,0,0,0,0,10.699999999999989,303.54999999999995,72134.4,0.11,138.41
1538,M16397,2,298.4,309.1,1467,39.6,78,0,0,0,0,0,0,10.700000000000045,303.75,58093.200000000004,0.15,662.1
1539,L48718,1,298.4,309.1,1798,29.6,81,0,0,0,0,0,0,10.700000000000045,303.75,53220.8,0.1,805.38
1540,M16399,2,298.5,309.2,1449,46.4,83,0,0,0,0,0,0,10.699999999999989,303.85,67233.59999999999,0.19,874.35
1541,M16400,2,298.4,309.1,1525,39.3,86,0,0,0,0,0,0,10.700000000000045,303.75,59932.49999999999,0.07,470.75
1542,L48721,1,298.4,309.0,2304,15.1,89,0,0,0,0,0,0,10.600000000000023,303.7,34790.4,0.01,291.1
1543,L48722,1,298.3,308.9,1379,54.7,91,0,0,0,0,0,0,10.599999999999966,303.6,75431.3,0.0,580.64
1544,L48723,1,298.4,308.9,1628,34.9,93,0,0,0,0,0,0,10.5,303.65,56817.2,0.1,545.97
1545,L48724,1,298.4,309.0,1474,52.7,95,0,0,0,0,0,0,10.600000000000023,303.7,77679.8,0.11,656.72
1546,M16405,2,298.4,309.0,1544,38.8,97,0,0,0,0,0,0,10.600000000000023,303.7,59907.2,0.28,810.41
1547,L48726,1,298.4,308.9,1391,48.4,100,0,0,0,0,0,0,10.5,303.65,67324.4,0.01,523.95
1548,L48727,1,298.3,308.9,1348,55.5,102,0,0,0,0,0,0,10.599999999999966,303.6,74814.0,0.16,824.28
1549,M16408,2,298.3,308.8,1349,52.1,104,0,0,0,0,0,0,10.5,303.55,70282.90000000001,0.17,849.85
1550,L48729,1,298.4,308.9,1706,29.5,107,0,0,0,0,0,0,10.5,303.65,50327.0,0.21,666.6
1551,L48730,1,298.4,308.9,1638,32.4,109,0,0,0,0,0,0,10.5,303.65,53071.2,0.19,596.53
1552,L48731,1,298.4,308.8,1458,40.1,111,0,0,0,0,0,0,10.400000000000034,303.6,58465.8,0.0,180.13
1553,L48732,1,298.5,308.9,1781,27.8,113,0,0,0,0,0,0,10.399999999999977,303.7,49511.8,0.19,703.08
1554,L48733,1,298.5,308.8,1332,59.1,115,0,0,0,0,0,0,10.300000000000011,303.65,78721.2,0.1,511.0
1555,M16414,2,298.4,308.7,1584,31.7,117,0,0,0,0,0,0,10.300000000000011,303.54999999999995,50212.799999999996,0.23,877.88
1556,L48735,1,298.4,308.6,1491,42.0,120,0,0,0,0,0,0,10.200000000000045,303.5,62622.0,0.06,609.62
1557,H30970,0,298.4,308.5,1398,47.1,122,0,0,0,0,0,0,10.100000000000023,303.45,65845.8,0.21,785.89
1558,L48737,1,298.3,308.4,1585,30.6,127,0,0,0,0,0,0,10.099999999999966,303.35,48501.0,0.19,946.79
1559,M16418,2,298.2,308.3,1476,43.5,129,0,0,0,0,0,0,10.100000000000023,303.25,64206.0,0.2,904.59
1560,L48739,1,298.2,308.3,1458,41.8,132,0,0,0,0,0,0,10.100000000000023,303.25,60944.399999999994,0.05,692.5
1561,M16420,2,298.2,308.4,1510,39.9,134,0,0,0,0,0,0,10.199999999999989,303.29999999999995,60249.0,0.2,1122.96
1562,L48741,1,298.2,308.4,1388,53.8,137,0,0,0,0,0,0,10.199999999999989,303.29999999999995,74674.4,0.22,1015.72
1563,L48742,1,298.2,308.3,2216,16.8,139,0,0,0,0,0,0,10.100000000000023,303.25,37228.8,0.15,782.62
1564,L48743,1,298.2,308.3,1402,51.0,141,0,0,0,0,0,0,10.100000000000023,303.25,71502.0,0.1,749.31
1565,M16424,2,298.0,308.2,2090,19.0,143,0,0,0,0,0,0,10.199999999999989,303.1,39710.0,0.05,883.26
1566,L48745,1,298.0,308.2,1459,42.1,146,0,0,0,0,0,0,10.199999999999989,303.1,61423.9,0.09,850.43
1567,M16426,2,298.0,308.1,1403,44.8,148,0,0,0,0,0,0,10.100000000000023,303.05,62854.399999999994,0.23,801.83
1568,L48747,1,298.1,308.2,1521,39.3,151,0,0,0,0,0,0,10.099999999999966,303.15,59775.299999999996,0.12,1009.21
1569,L48748,1,298.2,308.2,1407,47.1,153,0,0,0,0,0,0,10.0,303.2,66269.7,0.21,1163.58
1570,M16429,2,298.1,308.2,1654,35.3,155,0,0,0,0,0,0,10.099999999999966,303.15,58386.2,0.22,1172.21
1571,L48750,1,298.2,308.4,1452,43.5,158,0,0,0,0,0,0,10.199999999999989,303.29999999999995,63162.0,0.2,1221.41
1572,L48751,1,298.3,308.4,1528,37.3,160,0,0,0,0,0,0,10.099999999999966,303.35,56994.399999999994,0.2,1310.38
1573,L48752,1,298.2,308.3,1230,59.6,162,0,0,0,0,0,0,10.100000000000023,303.25,73308.0,0.18,1249.49
1574,L48753,1,298.2,308.2,1466,42.4,164,0,0,0,0,0,0,10.0,303.2,62158.4,0.16,1031.1
1575,L48754,1,298.2,308.2,1478,50.1,166,0,0,0,0,0,0,10.0,303.2,74047.8,0.06,858.74
1576,L48755,1,298.2,308.3,2057,18.0,168,0,0,0,0,0,0,10.100000000000023,303.25,37026.0,0.25,815.56
1577,L48756,1,298.3,308.4,1490,41.7,170,0,0,0,0,0,0,10.099999999999966,303.35,62133.00000000001,0.29,1141.63
1578,L48757,1,298.3,308.4,1484,43.4,172,0,0,0,0,0,0,10.099999999999966,303.35,64405.6,0.14,1077.87
1579,L48758,1,298.3,308.4,1593,37.0,174,0,0,0,0,0,0,10.099999999999966,303.35,58941.0,0.28,1156.53
1580,L48759,1,298.3,308.3,1444,43.8,176,0,0,0,0,0,0,10.0,303.3,63247.2,0.3,896.77
1581,M16440,2,298.3,308.4,1444,47.5,178,0,0,0,0,0,0,10.099999999999966,303.35,68590.0,0.15,997.01
1582,M16441,2,298.2,308.3,1560,33.0,181,0,0,0,0,0,0,10.100000000000023,303.25,51480.0,0.22,1221.8
1583,H30996,0,298.1,308.3,1530,42.0,184,0,0,0,0,0,0,10.199999999999989,303.20000000000005,64260.0,0.19,956.11
1584,L48763,1,298.2,308.4,1310,61.0,189,1,0,0,0,1,0,10.199999999999989,303.29999999999995,79910.0,7.44,8409.85
1585,M16444,2,298.2,308.3,1639,33.3,191,0,0,0,0,0,0,10.100000000000023,303.25,54578.7,0.01,1029.74
1586,L48765,1,298.2,308.3,1400,48.7,194,0,0,0,0,0,0,10.100000000000023,303.25,68180.0,0.14,1277.7
1587,M16446,2,298.3,308.4,1486,44.2,196,0,0,0,0,0,0,10.099999999999966,303.35,65681.2,0.24,1476.89
1588,M16447,2,298.2,308.3,1448,43.3,199,0,0,0,0,0,0,10.100000000000023,303.25,62698.399999999994,0.1,1038.33
1589,L48768,1,298.2,308.3,1688,32.0,202,0,0,0,0,0,0,10.100000000000023,303.25,54016.0,0.24,1277.56
1590,M16449,2,298.1,308.3,1453,41.5,204,0,0,0,0,0,0,10.199999999999989,303.20000000000005,60299.5,0.2,1252.26
1591,L48770,1,298.2,308.4,1497,37.7,207,0,0,0,0,0,0,10.199999999999989,303.29999999999995,56436.9,0.21,1342.41
1592,L48771,1,298.2,308.4,1355,49.4,209,0,0,0,0,0,0,10.199999999999989,303.29999999999995,66937.0,0.09,1215.61
1593,L48772,1,298.1,308.4,1592,38.2,211,0,0,0,0,0,0,10.299999999999955,303.25,60814.4,0.14,1408.75
1594,L48773,1,298.0,308.3,1544,34.7,213,0,0,0,0,0,0,10.300000000000011,303.15,53576.8,0.05,765.31
1595,M16454,2,298.0,308.2,1373,51.2,215,0,0,0,0,0,0,10.199999999999989,303.1,70297.6,0.07,1207.7
1596,L48775,1,298.0,308.2,1365,52.9,218,1,0,0,0,1,0,10.199999999999989,303.1,72208.5,8.36,9523.11
1597,L48776,1,298.0,308.1,1877,24.3,0,0,0,0,0,0,0,10.100000000000023,303.05,45611.1,0.04,4.72
1598,L48777,1,297.9,308.1,1531,40.8,2,0,0,0,0,0,0,10.200000000000045,303.0,62464.799999999996,0.06,0.0
1599,L48778,1,297.9,308.0,1501,36.7,4,0,0,0,0,0,0,10.100000000000023,302.95,55086.700000000004,0.17,180.85
1600,L48779,1,297.9,308.0,1490,46.2,6,0,0,0,0,0,0,10.100000000000023,302.95,68838.0,0.13,53.42
1601,M16460,2,297.8,307.8,1543,43.7,8,0,0,0,0,0,0,10.0,302.8,67429.1,0.08,371.69
1602,L48781,1,297.8,307.8,1597,38.2,11,0,0,0,0,0,0,10.0,302.8,61005.4,0.26,371.29
1603,H31016,0,297.8,307.9,1600,33.5,13,0,0,0,0,0,0,10.099999999999966,302.85,53600.0,0.16,105.68
1604,M16463,2,297.8,307.8,1622,32.1,18,0,0,0,0,0,0,10.0,302.8,52066.200000000004,0.28,62.1
1605,L48784,1,297.8,307.8,1452,39.8,21,0,0,0,0,0,0,10.0,302.8,57789.6,0.19,383.59
1606,L48785,1,297.8,307.8,1396,42.5,23,0,0,0,0,0,0,10.0,302.8,59330.0,0.0,219.42
1607,L48786,1,297.8,307.7,1505,39.7,25,0,0,0,0,0,0,9.899999999999977,302.75,59748.50000000001,0.27,362.63
1608,L48787,1,297.8,307.8,1412,48.3,27,0,0,0,0,0,0,10.0,302.8,68199.59999999999,0.26,485.55
1609,L48788,1,297.8,307.7,1393,38.0,29,0,0,0,0,0,0,9.899999999999977,302.75,52934.0,0.19,282.76
1610,L48789,1,297.7,307.7,1581,34.9,31,0,0,0,0,0,0,10.0,302.7,55176.899999999994,0.16,475.08
1611,L48790,1,297.8,307.8,1573,37.9,33,0,0,0,0,0,0,10.0,302.8,59616.7,0.14,453.9
1612,M16471,2,297.8,307.9,1726,27.3,35,0,0,0,0,0,0,10.099999999999966,302.85,47119.8,0.14,69.16
1613,M16472,2,297.9,307.9,1540,39.8,38,0,0,0,0,0,0,10.0,302.9,61291.99999999999,0.23,210.72
1614,L48793,1,297.9,308.0,1296,62.9,41,0,0,0,0,0,0,10.100000000000023,302.95,81518.4,0.15,659.69
1615,M16474,2,297.8,307.9,1802,25.8,43,0,0,0,0,0,0,10.099999999999966,302.85,46491.6,0.05,404.83
1616,L48795,1,297.8,307.9,1447,48.6,46,0,0,0,0,0,0,10.099999999999966,302.85,70324.2,0.02,60.64
1617,H31030,0,297.8,307.8,1662,30.7,48,0,0,0,0,0,0,10.0,302.8,51023.4,0.04,44.44
1618,L48797,1,297.8,307.8,1563,34.3,53,0,0,0,0,0,0,10.0,302.8,53610.899999999994,0.08,376.17
1619,L48798,1,297.9,307.8,1286,59.5,55,0,0,0,0,0,0,9.900000000000034,302.85,76517.0,0.11,213.65
1620,L48799,1,297.9,307.7,1590,34.6,57,0,0,0,0,0,0,9.800000000000011,302.79999999999995,55014.0,0.27,507.49
1621,L48800,1,297.9,307.7,1492,43.7,59,0,0,0,0,0,0,9.800000000000011,302.79999999999995,65200.4,0.07,357.91
1622,L48801,1,297.7,307.6,1844,21.9,61,0,0,0,0,0,0,9.900000000000034,302.65,40383.6,0.1,391.43
1623,H31036,0,297.7,307.6,1538,38.3,63,0,0,0,0,0,0,9.900000000000034,302.65,58905.399999999994,0.07,553.98
1624,L48803,1,297.7,307.6,1921,22.9,68,0,0,0,0,0,0,9.900000000000034,302.65,43990.899999999994,0.16,775.21
1625,M16484,2,297.8,307.8,1310,57.9,70,0,0,0,0,0,0,10.0,302.8,75849.0,0.19,468.16
1626,L48805,1,297.9,307.8,1365,46.9,73,0,0,0,0,0,0,9.900000000000034,302.85,64018.5,0.16,355.4
1627,M16486,2,297.9,307.8,1303,59.3,75,0,0,0,0,0,0,9.900000000000034,302.85,77267.9,0.29,723.33
1628,L48807,1,297.9,307.8,1499,37.5,78,0,0,0,0,0,0,9.900000000000034,302.85,56212.5,0.3,934.72
1629,L48808,1,297.9,307.8,1451,38.2,80,0,0,0,0,0,0,9.900000000000034,302.85,55428.200000000004,0.25,589.52
1630,M16489,2,297.9,307.9,1336,54.4,82,0,0,0,0,0,0,10.0,302.9,72678.4,0.24,777.55
1631,L48810,1,297.9,307.9,1412,44.5,85,0,0,0,0,0,0,10.0,302.9,62834.0,0.11,409.43
1632,L48811,1,298.0,308.0,1433,39.2,87,0,0,0,0,0,0,10.0,303.0,56173.600000000006,0.17,608.19
1633,L48812,1,297.9,307.9,1426,43.6,89,0,0,0,0,0,0,10.0,302.9,62173.6,0.11,380.71
1634,L48813,1,297.9,307.9,1476,45.2,91,0,0,0,0,0,0,10.0,302.9,66715.2,0.24,696.62
1635,H31048,0,297.9,307.9,1406,58.5,93,0,0,0,0,0,0,10.0,302.9,82251.0,0.05,497.53
1636,L48815,1,297.8,307.8,1383,56.5,98,0,0,0,0,0,0,10.0,302.8,78139.5,0.07,651.22
1637,L48816,1,297.9,307.8,1505,37.3,100,0,0,0,0,0,0,9.900000000000034,302.85,56136.49999999999,0.01,776.71
1638,L48817,1,297.9,307.8,1665,33.9,102,0,0,0,0,0,0,9.900000000000034,302.85,56443.5,0.18,631.67
1639,L48818,1,297.9,307.8,1397,45.0,104,0,0,0,0,0,0,9.900000000000034,302.85,62865.0,0.21,430.04
1640,M16499,2,297.9,307.8,1450,43.5,106,0,0,0,0,0,0,9.900000000000034,302.85,63075.0,0.0,499.68
1641,L48820,1,298.0,307.8,1567,36.4,109,0,0,0,0,0,0,9.800000000000011,302.9,57038.799999999996,0.15,739.9
1642,M16501,2,298.0,308.0,1555,37.0,111,0,0,0,0,0,0,10.0,303.0,57535.0,0.11,695.29
1643,H31056,0,298.0,307.8,1588,35.4,114,0,0,0,0,0,0,9.800000000000011,302.9,56215.2,0.24,786.39
1644,L48823,1,298.0,307.8,1453,37.7,119,0,0,0,0,0,0,9.800000000000011,302.9,54778.100000000006,0.01,828.16
1645,L48824,1,298.0,307.8,1622,33.3,121,0,0,0,0,0,0,9.800000000000011,302.9,54012.6,0.01,635.43
1646,L48825,1,297.9,307.8,1538,38.5,123,0,0,0,0,0,0,9.900000000000034,302.85,59213.0,0.19,789.28
1647,M16506,2,297.9,307.7,1527,42.8,125,0,0,0,0,0,0,9.800000000000011,302.79999999999995,65355.6,0.18,688.34
1648,L48827,1,297.8,307.8,1761,28.9,128,0,0,0,0,0,0,10.0,302.8,50892.899999999994,0.25,627.99
1649,L48828,1,297.9,307.8,1373,50.2,130,0,0,0,0,0,0,9.900000000000034,302.85,68924.6,0.18,879.38
1650,H31063,0,298.0,307.9,1482,37.8,132,0,0,0,0,0,0,9.899999999999977,302.95,56019.6,0.28,976.81
1651,M16510,2,298.0,307.9,1417,51.0,137,0,0,0,0,0,0,9.899999999999977,302.95,72267.0,0.09,616.1
1652,L48831,1,298.0,307.8,1414,51.7,140,0,0,0,0,0,0,9.800000000000011,302.9,73103.8,0.12,813.34
1653,H31066,0,297.9,307.8,1635,34.0,142,0,0,0,0,0,0,9.900000000000034,302.85,55590.0,0.29,978.42
1654,L48833,1,298.0,307.8,1386,57.3,147,0,0,0,0,0,0,9.800000000000011,302.9,79417.8,0.03,671.32
1655,L48834,1,298.2,308.1,1379,62.3,149,0,0,0,0,0,0,9.900000000000034,303.15,85911.7,0.24,866.0
1656,M16515,2,298.2,308.0,1577,35.9,151,0,0,0,0,0,0,9.800000000000011,303.1,56614.299999999996,0.0,815.76
1657,L48836,1,298.2,308.1,1532,42.5,154,0,0,0,0,0,0,9.900000000000034,303.15,65110.0,0.15,886.13
1658,M16517,2,298.1,308.0,1374,48.8,156,0,0,0,0,0,0,9.899999999999977,303.05,67051.2,0.05,741.35
1659,H31072,0,298.1,308.0,1570,35.3,159,0,0,0,0,0,0,9.899999999999977,303.05,55420.99999999999,0.18,845.75
1660,L48839,1,298.1,308.0,1697,31.0,164,0,0,0,0,0,0,9.899999999999977,303.05,52607.0,0.24,1040.5
1661,L48840,1,298.2,308.0,1499,44.1,166,0,0,0,0,0,0,9.800000000000011,303.1,66105.90000000001,0.01,978.67
1662,M16521,2,298.2,308.0,1411,47.2,168,0,0,0,0,0,0,9.800000000000011,303.1,66599.2,0.05,921.0
1663,H31076,0,298.2,307.9,1462,45.5,171,0,0,0,0,0,0,9.699999999999989,303.04999999999995,66521.0,0.1,919.43
1664,M16523,2,298.1,307.9,1759,28.6,176,0,0,0,0,0,0,9.799999999999955,303.0,50307.4,0.08,1006.27
1665,L48844,1,298.2,308.0,1535,38.0,179,0,0,0,0,0,0,9.800000000000011,303.1,58330.0,0.11,1209.66
1666,H31079,0,298.2,307.9,1491,39.7,181,0,0,0,0,0,0,9.699999999999989,303.04999999999995,59192.700000000004,0.29,1268.56
1667,L48846,1,298.2,307.9,1551,36.0,186,0,0,0,0,0,0,9.699999999999989,303.04999999999995,55836.0,0.03,999.03
1668,L48847,1,298.2,307.9,1769,27.2,188,0,0,0,0,0,0,9.699999999999989,303.04999999999995,48116.799999999996,0.13,1165.78
1669,L48848,1,298.2,307.9,1551,34.1,190,0,0,0,0,0,0,9.699999999999989,303.04999999999995,52889.100000000006,0.14,1066.3
1670,L48849,1,298.2,307.9,1544,31.4,192,0,0,0,0,0,0,9.699999999999989,303.04999999999995,48481.6,0.08,1067.61
1671,L48850,1,298.2,307.8,1528,31.1,194,0,0,0,0,0,0,9.600000000000023,303.0,47520.8,0.08,976.66
1672,L48851,1,298.1,307.9,1614,35.8,196,0,0,0,0,0,0,9.799999999999955,303.0,57781.2,0.21,957.42
1673,L48852,1,298.1,307.8,1432,49.8,198,0,0,0,0,0,0,9.699999999999989,302.95000000000005,71313.59999999999,0.19,1231.43
1674,M16533,2,298.1,307.8,1384,43.7,200,0,0,0,0,0,0,9.699999999999989,302.95000000000005,60480.8,0.24,1292.0
1675,L48854,1,298.1,307.8,1540,37.8,203,0,0,0,0,0,0,9.699999999999989,302.95000000000005,58211.99999999999,0.12,1091.84
1676,L48855,1,298.0,307.7,1407,43.9,205,0,0,0,0,0,0,9.699999999999989,302.85,61767.299999999996,0.18,1360.37
1677,H31090,0,297.9,307.6,1418,43.0,207,0,0,0,0,0,0,9.700000000000045,302.75,60974.0,0.27,1196.76
1678,M16537,2,297.9,307.5,1647,30.8,212,0,0,0,0,0,0,9.600000000000023,302.7,50727.6,0.26,1054.29
1679,L48858,1,298.0,307.5,1644,32.8,215,0,0,0,0,0,0,9.5,302.75,53923.2,0.28,1250.43
1680,L48859,1,298.0,307.5,1792,27.9,217,0,0,0,0,0,0,9.5,302.75,49996.799999999996,0.08,933.86
1681,M16540,2,297.9,307.4,1610,34.6,219,0,0,0,0,0,0,9.5,302.65,55706.0,0.3,1445.71
1682,M16541,2,297.8,307.3,1804,26.0,222,0,0,0,0,0,0,9.5,302.55,46904.0,0.24,1237.19
1683,H31096,0,297.9,307.4,1604,36.1,225,1,1,0,0,0,0,9.5,302.65,57904.4,1.57,2842.7
1684,M16543,2,297.9,307.4,1403,52.8,0,0,0,0,0,0,0,9.5,302.65,74078.4,0.2,344.57
1685,L48864,1,297.8,307.3,1438,44.5,3,0,0,0,0,0,0,9.5,302.55,63991.0,0.29,166.25
1686,L48865,1,297.9,307.3,1824,26.3,5,0,0,0,0,0,0,9.400000000000034,302.6,47971.200000000004,0.13,33.78
1687,H31100,0,297.9,307.3,1663,28.7,7,0,0,0,0,0,0,9.400000000000034,302.6,47728.1,0.22,335.17
1688,L48867,1,297.9,307.3,1502,36.7,12,0,0,0,0,0,0,9.400000000000034,302.6,55123.4,0.21,416.98
1689,L48868,1,297.9,307.4,1606,35.5,14,0,0,0,0,0,0,9.5,302.65,57013.0,0.22,0.0
1690,L48869,1,297.9,307.5,1561,37.7,16,0,0,0,0,0,0,9.600000000000023,302.7,58849.700000000004,0.23,352.25
1691,M16550,2,297.9,307.4,1435,42.9,18,0,0,0,0,0,0,9.5,302.65,61561.5,0.06,0.0
1692,L48871,1,297.9,307.5,1602,38.3,21,0,0,0,0,0,0,9.600000000000023,302.7,61356.6,0.1,122.72
1693,M16552,2,298.1,307.6,1764,27.7,23,0,0,0,0,0,0,9.5,302.85,48862.799999999996,0.12,399.05
1694,H31107,0,298.0,307.5,1683,27.8,26,0,0,0,0,0,0,9.5,302.75,46787.4,0.22,801.47
1695,L48874,1,298.0,307.5,1618,35.2,31,0,0,0,0,0,0,9.5,302.75,56953.600000000006,0.21,329.18
1696,L48875,1,298.0,307.6,1509,41.6,33,0,0,0,0,0,0,9.600000000000023,302.8,62774.4,0.25,227.93
1697,L48876,1,297.9,307.6,1550,39.0,35,0,0,0,0,0,0,9.700000000000045,302.75,60450.0,0.24,337.98
1698,M16557,2,297.9,307.6,1519,44.0,37,0,0,0,0,0,0,9.700000000000045,302.75,66836.0,0.18,374.91
1699,L48878,1,297.9,307.6,1481,38.0,40,0,0,0,0,0,0,9.700000000000045,302.75,56278.0,0.04,139.46
1700,L48879,1,298.1,307.7,1289,48.3,42,0,0,0,0,0,0,9.599999999999966,302.9,62258.7,0.19,261.28
1701,M16560,2,298.0,307.6,1844,23.8,44,0,0,0,0,0,0,9.600000000000023,302.8,43887.200000000004,0.27,425.97
1702,L48881,1,298.0,307.7,1479,42.5,47,0,0,0,0,0,0,9.699999999999989,302.85,62857.5,0.19,484.34
1703,L48882,1,298.0,307.7,1430,47.3,49,0,0,0,0,0,0,9.699999999999989,302.85,67639.0,0.27,489.59
1704,M16563,2,298.1,307.8,1636,36.7,51,0,0,0,0,0,0,9.699999999999989,302.95000000000005,60041.200000000004,0.3,422.76
1705,M16564,2,298.1,307.8,1503,44.7,54,0,0,0,0,0,0,9.699999999999989,302.95000000000005,67184.1,0.11,279.49
1706,M16565,2,298.1,307.8,1608,32.6,57,0,0,0,0,0,0,9.699999999999989,302.95000000000005,52420.8,0.22,442.92
1707,L48886,1,298.2,307.8,1521,42.9,60,0,0,0,0,0,0,9.600000000000023,303.0,65250.9,0.16,310.09
1708,L48887,1,298.2,307.8,1439,41.6,62,0,0,0,0,0,0,9.600000000000023,303.0,59862.4,0.14,343.93
1709,L48888,1,298.2,307.8,1627,31.5,64,0,0,0,0,0,0,9.600000000000023,303.0,51250.5,0.07,486.55
1710,L48889,1,298.2,307.8,1749,26.1,66,0,0,0,0,0,0,9.600000000000023,303.0,45648.9,0.07,365.45
1711,L48890,1,298.2,307.8,1530,35.9,68,0,0,0,0,0,0,9.600000000000023,303.0,54927.0,0.06,136.98
1712,L48891,1,298.2,307.8,1355,51.3,70,0,0,0,0,0,0,9.600000000000023,303.0,69511.5,0.19,693.74
1713,L48892,1,298.3,307.9,1551,33.8,72,0,0,0,0,0,0,9.599999999999966,303.1,52423.799999999996,0.04,462.51
1714,L48893,1,298.2,307.8,1515,46.7,74,0,0,0,0,0,0,9.600000000000023,303.0,70750.5,0.13,292.53
1715,L48894,1,298.2,307.8,1388,48.6,76,0,0,0,0,0,0,9.600000000000023,303.0,67456.8,0.16,485.19
1716,L48895,1,298.2,307.8,1585,34.6,78,0,0,0,0,0,0,9.600000000000023,303.0,54841.0,0.13,401.19
1717,L48896,1,298.1,307.7,1523,37.7,80,0,0,0,0,0,0,9.599999999999966,302.9,57417.100000000006,0.26,761.54
1718,L48897,1,298.2,307.6,1369,54.5,82,0,0,0,0,0,0,9.400000000000034,302.9,74610.5,0.13,484.25
1719,M16578,2,298.2,307.7,1681,31.0,84,0,0,0,0,0,0,9.5,302.95,52111.0,0.02,429.08
1720,L48899,1,298.2,307.7,1503,38.3,87,0,0,0,0,0,0,9.5,302.95,57564.899999999994,0.3,706.62
1721,L48900,1,298.2,307.7,1459,44.5,89,0,0,0,0,0,0,9.5,302.95,64925.5,0.25,472.98
1722,L48901,1,298.2,307.7,1688,32.4,91,0,0,0,0,0,0,9.5,302.95,54691.2,0.2,865.81
1723,M16582,2,298.2,307.7,1952,21.6,93,0,0,0,0,0,0,9.5,302.95,42163.200000000004,0.23,794.35
1724,L48903,1,298.2,307.8,2029,19.9,96,0,0,0,0,0,0,9.600000000000023,303.0,40377.1,0.04,407.89
1725,M16584,2,298.3,307.8,1457,52.5,98,0,0,0,0,0,0,9.5,303.05,76492.5,0.23,748.78
1726,M16585,2,298.3,307.8,1392,50.4,101,0,0,0,0,0,0,9.5,303.05,70156.8,0.06,711.12
1727,L48906,1,298.3,307.8,1906,22.1,104,0,0,0,0,0,0,9.5,303.05,42122.600000000006,0.15,678.36
1728,M16587,2,298.3,307.7,1602,33.4,106,0,0,0,0,0,0,9.399999999999977,303.0,53506.799999999996,0.05,813.51
1729,L48908,1,298.3,307.7,1465,49.4,109,0,0,0,0,0,0,9.399999999999977,303.0,72371.0,0.23,1212.68
1730,M16589,2,298.3,307.7,1439,43.8,111,0,0,0,0,0,0,9.399999999999977,303.0,63028.2,0.07,606.08
1731,M16590,2,298.3,307.8,1330,55.4,114,0,0,0,0,0,0,9.5,303.05,73682.0,0.08,562.62
1732,M16591,2,298.3,307.9,1485,42.0,117,0,0,0,0,0,0,9.599999999999966,303.1,62370.0,0.03,466.59
1733,H31146,0,298.4,307.9,1700,28.2,120,0,0,0,0,0,0,9.5,303.15,47940.0,0.22,487.96
1734,L48913,1,298.4,308.0,1515,42.8,125,0,0,0,0,0,0,9.600000000000023,303.2,64841.99999999999,0.09,902.22
1735,M16594,2,298.5,308.1,1501,39.2,127,0,0,0,0,0,0,9.600000000000023,303.3,58839.200000000004,0.16,741.98
1736,L48915,1,298.4,308.0,1380,47.6,130,0,0,0,0,0,0,9.600000000000023,303.2,65688.0,0.1,881.3
1737,L48916,1,298.4,307.9,1544,35.9,132,0,0,0,0,0,0,9.5,303.15,55429.6,0.23,1051.47
1738,L48917,1,298.4,307.9,1743,27.3,134,0,0,0,0,0,0,9.5,303.15,47583.9,0.07,577.85
1739,H31152,0,298.4,307.9,1948,21.4,136,0,0,0,0,0,0,9.5,303.15,41687.2,0.28,820.38
1740,H31153,0,298.5,307.9,1260,54.2,141,0,0,0,0,0,0,9.399999999999977,303.2,68292.0,0.1,1066.7
1741,M16600,2,298.5,307.9,1640,33.1,146,0,0,0,0,0,0,9.399999999999977,303.2,54284.0,0.03,749.49
1742,M16601,2,298.5,308.0,1363,49.2,149,0,0,0,0,0,0,9.5,303.25,67059.6,0.07,715.96
1743,L48922,1,298.5,308.0,1379,49.6,152,0,0,0,0,0,0,9.5,303.25,68398.40000000001,0.02,623.22
1744,M16603,2,298.5,308.0,1713,25.8,154,0,0,0,0,0,0,9.5,303.25,44195.4,0.14,888.78
1745,M16604,2,298.5,308.0,1461,51.9,157,0,0,0,0,0,0,9.5,303.25,75825.9,0.08,1091.18
1746,L48925,1,298.5,308.0,1624,29.8,160,0,0,0,0,0,0,9.5,303.25,48395.200000000004,0.27,1172.82
1747,L48926,1,298.4,308.0,1526,41.1,162,0,0,0,0,0,0,9.600000000000023,303.2,62718.6,0.16,997.26
1748,L48927,1,298.4,307.9,2381,14.2,164,0,0,0,0,0,0,9.5,303.15,33810.2,0.07,1128.28
1749,H31162,0,298.4,307.7,1626,31.1,166,0,0,0,0,0,1,9.300000000000011,303.04999999999995,50568.600000000006,2.61,3649.37
1750,L48929,1,298.3,307.7,1576,33.8,171,0,0,0,0,0,0,9.399999999999977,303.0,53268.799999999996,0.06,965.12
1751,M16610,2,298.4,307.8,1617,31.6,173,0,0,0,0,0,0,9.400000000000034,303.1,51097.200000000004,0.05,1331.42
1752,L48931,1,298.3,307.6,1942,20.6,176,0,0,0,0,0,0,9.300000000000011,302.95000000000005,40005.200000000004,0.09,932.89
1753,L48932,1,298.2,307.6,1492,37.2,178,0,0,0,0,0,0,9.400000000000034,302.9,55502.4,0.03,1084.7
1754,L48933,1,298.2,307.5,1470,51.3,180,0,0,0,0,0,0,9.300000000000011,302.85,75411.0,0.06,901.05
1755,M16614,2,298.0,307.4,1463,46.5,182,0,0,0,0,0,0,9.399999999999977,302.7,68029.5,0.28,1325.43
1756,L48935,1,298.0,307.3,1424,46.5,185,0,0,0,0,0,0,9.300000000000011,302.65,66216.0,0.2,1087.74
1757,M16616,2,298.1,307.4,1363,60.1,187,0,0,0,0,0,0,9.299999999999955,302.75,81916.3,0.28,1284.21
1758,M16617,2,298.1,307.4,1335,56.2,190,0,0,0,0,0,0,9.299999999999955,302.75,75027.0,0.08,1388.52
1759,L48938,1,298.1,307.4,1608,33.9,193,0,0,0,0,0,0,9.299999999999955,302.75,54511.2,0.26,1367.78
1760,H31173,0,298.0,307.4,1606,35.2,195,0,0,0,0,0,0,9.399999999999977,302.7,56531.200000000004,0.11,1156.53
1761,L48940,1,298.1,307.5,1684,33.1,200,0,0,0,0,0,0,9.399999999999977,302.8,55740.4,0.04,923.79
1762,L48941,1,298.1,307.6,1950,20.3,202,0,0,0,0,0,0,9.5,302.85,39585.0,0.24,1278.23
1763,H31176,0,298.2,307.6,1460,48.6,204,0,0,0,0,0,0,9.400000000000034,302.9,70956.0,0.02,888.8
1764,L48943,1,298.2,307.6,1511,31.0,209,1,1,0,0,0,0,9.400000000000034,302.9,46841.0,1.15,2328.05
1765,H31178,0,298.2,307.6,1318,55.7,0,0,0,0,0,0,0,9.400000000000034,302.9,73412.6,0.25,379.28
1766,L48945,1,298.2,307.6,1368,51.8,5,0,0,0,0,0,0,9.400000000000034,302.9,70862.4,0.19,188.05
1767,M16626,2,298.3,307.7,1717,27.1,7,0,0,0,0,0,0,9.399999999999977,303.0,46530.700000000004,0.16,444.53
1768,M16627,2,298.3,307.7,1520,41.4,10,0,0,0,0,0,0,9.399999999999977,303.0,62928.0,0.11,388.43
1769,M16628,2,298.3,307.8,1485,42.0,13,0,0,0,0,0,0,9.5,303.05,62370.0,0.02,107.45
1770,L48949,1,298.4,307.9,1981,23.2,16,0,0,0,0,0,0,9.5,303.15,45959.2,0.3,464.83
1771,H31184,0,298.4,307.9,1605,31.0,18,0,0,0,0,0,0,9.5,303.15,49755.0,0.05,51.73
1772,L48951,1,298.4,307.9,1446,45.3,23,0,0,0,0,0,0,9.5,303.15,65503.799999999996,0.08,154.17
1773,L48952,1,298.4,308.0,1508,47.9,25,0,0,0,0,0,0,9.600000000000023,303.2,72233.2,0.07,33.3
1774,L48953,1,298.5,308.0,1384,59.5,27,0,0,0,0,0,0,9.5,303.25,82348.0,0.27,333.25
1775,M16634,2,298.5,308.0,1519,37.3,29,0,0,0,0,0,0,9.5,303.25,56658.7,0.23,359.34
1776,L48955,1,298.5,308.0,1404,48.1,32,0,0,0,0,0,0,9.5,303.25,67532.40000000001,0.14,50.94
1777,L48956,1,298.5,308.1,1564,31.1,34,0,0,0,0,0,0,9.600000000000023,303.3,48640.4,0.29,546.52
1778,H31191,0,298.6,308.2,1555,36.8,36,0,0,0,0,0,0,9.599999999999966,303.4,57223.99999999999,0.02,353.32
1779,L48958,1,298.6,308.2,1325,54.0,41,0,0,0,0,0,0,9.599999999999966,303.4,71550.0,0.27,473.81
1780,M16639,2,298.6,308.2,1488,44.0,43,0,0,0,0,0,0,9.599999999999966,303.4,65472.0,0.02,0.0
1781,L48960,1,298.5,308.2,1595,32.3,46,0,0,0,0,0,0,9.699999999999989,303.35,51518.49999999999,0.12,312.05
1782,L48961,1,298.5,308.1,1662,28.6,48,0,0,0,0,0,0,9.600000000000023,303.3,47533.200000000004,0.02,50.99
1783,L48962,1,298.4,308.0,1571,37.4,50,0,0,0,0,0,0,9.600000000000023,303.2,58755.399999999994,0.3,458.56
1784,H31197,0,298.3,308.0,1553,41.0,52,0,0,0,0,0,0,9.699999999999989,303.15,63673.0,0.27,747.79
1785,L48964,1,298.3,308.0,2886,3.8,57,1,0,0,1,0,0,9.699999999999989,303.15,10966.8,6.55,6469.83
1786,L48965,1,298.2,308.0,1538,38.2,59,0,0,0,0,0,0,9.800000000000011,303.1,58751.600000000006,0.07,242.55
1787,L48966,1,298.4,308.2,1618,33.0,61,0,0,0,0,0,0,9.800000000000011,303.29999999999995,53394.0,0.08,509.44
1788,L48967,1,298.4,308.2,1364,45.9,63,0,0,0,0,0,0,9.800000000000011,303.29999999999995,62607.6,0.13,339.71
1789,L48968,1,298.3,308.0,1442,47.3,65,0,0,0,0,0,0,9.699999999999989,303.15,68206.59999999999,0.1,308.24
1790,L48969,1,298.2,307.9,1313,67.3,67,1,0,0,1,0,0,9.699999999999989,303.04999999999995,88364.9,6.81,7449.86
1791,L48970,1,298.2,307.9,1847,23.6,69,0,0,0,0,0,0,9.699999999999989,303.04999999999995,43589.200000000004,0.2,601.76
1792,L48971,1,298.1,307.8,1524,40.8,71,0,0,0,0,0,0,9.699999999999989,302.95000000000005,62179.2,0.18,675.15
1793,M16652,2,298.1,307.7,1445,48.0,73,0,0,0,0,0,0,9.599999999999966,302.9,69360.0,0.27,709.2
1794,L48973,1,298.1,307.8,1761,28.2,76,0,0,0,0,0,0,9.699999999999989,302.95000000000005,49660.2,0.14,544.25
1795,M16654,2,298.1,307.8,1514,43.5,78,0,0,0,0,0,0,9.699999999999989,302.95000000000005,65859.0,0.1,679.6
1796,M16655,2,298.1,307.7,1498,38.3,81,0,0,0,0,0,0,9.599999999999966,302.9,57373.399999999994,0.15,840.8
1797,H31210,0,298.1,307.6,1542,37.1,84,0,0,0,0,0,0,9.5,302.85,57208.200000000004,0.06,227.47
1798,M16657,2,298.0,307.6,1508,41.8,89,0,0,0,0,0,0,9.600000000000023,302.8,63034.399999999994,0.19,629.7
1799,M16658,2,298.0,307.5,1431,52.9,92,0,0,0,0,0,0,9.5,302.75,75699.9,0.23,683.52
1800,M16659,2,298.0,307.5,1427,45.1,95,0,0,0,0,0,0,9.5,302.75,64357.700000000004,0.05,460.61
1801,M16660,2,298.0,307.5,1524,36.3,98,0,0,0,0,0,0,9.5,302.75,55321.2,0.1,737.16
1802,M16661,2,298.0,307.5,1427,43.6,101,0,0,0,0,0,0,9.5,302.75,62217.200000000004,0.26,803.53
1803,H31216,0,298.1,307.6,1496,44.1,104,0,0,0,0,0,0,9.5,302.85,65973.6,0.15,958.82
1804,L48983,1,298.1,307.7,1388,40.3,109,0,0,0,0,0,0,9.599999999999966,302.9,55936.399999999994,0.16,870.04
1805,L48984,1,298.1,307.7,1495,48.1,111,0,0,0,0,0,0,9.599999999999966,302.9,71909.5,0.22,979.71
1806,H31219,0,298.1,307.7,1376,56.2,113,0,0,0,0,0,0,9.599999999999966,302.9,77331.2,0.17,555.13
1807,H31220,0,298.0,307.6,1593,32.2,118,0,0,0,0,0,0,9.600000000000023,302.8,51294.600000000006,0.02,489.09
1808,L48987,1,298.0,307.6,1654,28.9,123,0,0,0,0,0,0,9.600000000000023,302.8,47800.6,0.24,746.45
1809,L48988,1,298.1,307.7,2567,12.8,125,1,0,0,1,0,0,9.599999999999966,302.9,32857.6,6.03,6853.47
1810,L48989,1,298.1,307.7,1767,27.0,127,0,0,0,0,0,0,9.599999999999966,302.9,47709.0,0.02,509.92
1811,L48990,1,298.1,307.6,1364,53.8,129,0,0,0,0,0,0,9.5,302.85,73383.2,0.04,544.31
1812,M16671,2,298.1,307.8,1569,31.2,131,0,0,0,0,0,0,9.699999999999989,302.95000000000005,48952.799999999996,0.21,696.8
1813,L48992,1,298.2,307.8,1476,36.8,134,0,0,0,0,0,0,9.600000000000023,303.0,54316.799999999996,0.18,1262.95
1814,L48993,1,298.1,307.7,1479,45.0,136,0,0,0,0,0,0,9.599999999999966,302.9,66555.0,0.11,768.67
1815,L48994,1,298.1,307.7,1650,34.1,138,0,0,0,0,0,0,9.599999999999966,302.9,56265.0,0.16,929.48
1816,M16675,2,298.1,307.6,1565,36.3,140,0,0,0,0,0,0,9.5,302.85,56809.49999999999,0.21,738.91
1817,L48996,1,298.1,307.6,1460,46.5,143,0,0,0,0,0,0,9.5,302.85,67890.0,0.15,1008.89
1818,L48997,1,298.1,307.7,1664,27.6,145,0,0,0,0,0,0,9.599999999999966,302.9,45926.4,0.04,498.95
1819,M16678,2,298.1,307.7,1435,40.9,147,0,0,0,0,0,0,9.599999999999966,302.9,58691.5,0.03,618.15
1820,M16679,2,298.1,307.6,2066,19.2,150,0,0,0,0,0,0,9.5,302.85,39667.2,0.13,770.29
1821,L49000,1,298.1,307.5,1493,43.7,153,0,0,0,0,0,0,9.399999999999977,302.8,65244.100000000006,0.28,1077.83
1822,L49001,1,298.1,307.6,1354,43.3,155,0,0,0,0,0,0,9.5,302.85,58628.2,0.17,826.04
1823,L49002,1,298.1,307.6,1488,39.4,157,0,0,0,0,0,0,9.5,302.85,58627.2,0.11,1123.6
1824,L49003,1,298.1,307.7,1414,48.7,159,0,0,0,0,0,0,9.599999999999966,302.9,68861.8,0.27,1140.48
1825,L49004,1,298.1,307.5,1391,57.4,161,0,0,0,0,0,0,9.399999999999977,302.8,79843.4,0.12,821.56
1826,M16685,2,298.0,307.5,1784,27.8,163,0,0,0,0,0,0,9.5,302.75,49595.200000000004,0.15,1114.64
1827,H31240,0,297.8,307.3,1516,40.1,166,0,0,0,0,0,0,9.5,302.55,60791.6,0.03,801.01
1828,M16687,2,297.9,307.3,1420,47.8,171,0,0,0,0,0,0,9.400000000000034,302.6,67876.0,0.22,986.43
1829,L49008,1,297.8,307.2,1351,56.3,174,0,0,0,0,0,0,9.399999999999977,302.5,76061.3,0.21,1214.37
1830,L49009,1,297.8,307.2,1880,23.0,176,0,0,0,0,0,0,9.399999999999977,302.5,43240.0,0.24,752.08
1831,L49010,1,297.8,307.3,1859,24.0,178,0,0,0,0,0,0,9.5,302.55,44616.0,0.1,1100.22
1832,M16691,2,297.8,307.3,1315,54.0,180,0,0,0,0,0,0,9.5,302.55,71010.0,0.13,923.04
1833,M16692,2,297.8,307.4,1330,51.7,183,0,0,0,0,0,0,9.599999999999966,302.6,68761.0,0.05,857.81
1834,L49013,1,297.8,307.3,1327,61.0,186,1,0,0,0,1,0,9.5,302.55,80947.0,8.33,9553.72
1835,L49014,1,297.8,307.2,1498,38.1,188,0,0,0,0,0,0,9.399999999999977,302.5,57073.8,0.03,890.32
1836,H31249,0,297.8,307.3,1555,35.8,190,0,0,0,0,0,0,9.5,302.55,55668.99999999999,0.19,1283.39
1837,L49016,1,297.7,307.2,1518,35.8,195,0,0,0,0,0,0,9.5,302.45,54344.399999999994,0.21,1226.89
1838,L49017,1,297.7,307.2,1392,43.0,197,0,0,0,0,0,0,9.5,302.45,59856.0,0.05,1092.45
1839,M16698,2,297.8,307.2,1456,39.6,199,0,0,0,0,0,0,9.399999999999977,302.5,57657.6,0.11,1067.42
1840,L49019,1,297.7,307.1,1715,30.2,0,0,0,0,0,0,0,9.400000000000034,302.4,51793.0,0.01,0.0
1841,M16700,2,297.7,307.2,1405,43.7,2,0,0,0,0,0,0,9.5,302.45,61398.50000000001,0.17,409.2
1842,L49021,1,297.7,307.2,1668,37.8,5,0,0,0,0,0,0,9.5,302.45,63050.399999999994,0.3,464.57
1843,H31256,0,297.7,307.1,1855,22.5,7,0,0,0,0,0,0,9.400000000000034,302.4,41737.5,0.13,90.05
1844,L49023,1,297.6,307.1,1496,39.2,12,0,0,0,0,0,0,9.5,302.35,58643.200000000004,0.3,203.12
1845,M16704,2,297.6,307.1,1471,44.9,14,0,0,0,0,0,0,9.5,302.35,66047.9,0.04,22.33
1846,L49025,1,297.7,307.2,1444,40.0,17,0,0,0,0,0,0,9.5,302.45,57760.0,0.12,352.22
1847,H31260,0,297.7,307.3,1514,38.6,19,0,0,0,0,0,0,9.600000000000023,302.5,58440.4,0.27,541.8
1848,L49027,1,297.8,307.3,1412,50.7,24,0,0,0,0,0,0,9.5,302.55,71588.40000000001,0.26,463.24
1849,H31262,0,297.7,307.2,1429,44.1,26,0,0,0,0,0,0,9.5,302.45,63018.9,0.1,0.0
1850,L49029,1,297.7,307.2,1668,32.7,31,0,0,0,0,0,0,9.5,302.45,54543.600000000006,0.2,468.07
1851,M16710,2,297.7,307.2,1372,52.8,33,0,0,0,0,0,0,9.5,302.45,72441.59999999999,0.27,630.54
1852,M16711,2,297.7,307.3,1365,49.2,36,0,0,0,0,0,0,9.600000000000023,302.5,67158.0,0.23,436.03
1853,M16712,2,297.6,307.1,1526,39.1,39,0,0,0,0,0,0,9.5,302.35,59666.6,0.19,681.97
1854,L49033,1,297.6,307.2,1486,40.6,42,0,0,0,0,0,0,9.599999999999966,302.4,60331.6,0.05,61.85
1855,M16714,2,297.6,307.2,1470,42.6,44,0,0,0,0,0,0,9.599999999999966,302.4,62622.0,0.02,342.72
1856,H31269,0,297.7,307.3,1249,62.8,47,0,0,0,0,0,0,9.600000000000023,302.5,78437.2,0.18,261.97
1857,M16716,2,297.8,307.4,1752,26.1,52,0,0,0,0,0,0,9.599999999999966,302.6,45727.200000000004,0.15,568.78
1858,L49037,1,297.7,307.4,1643,36.5,55,0,0,0,0,0,0,9.699999999999989,302.54999999999995,59969.5,0.07,436.93
1859,M16718,2,297.8,307.4,1488,36.1,57,0,0,0,0,0,0,9.599999999999966,302.6,53716.8,0.09,645.2
1860,L49039,1,297.8,307.4,1355,45.8,60,0,0,0,0,0,0,9.599999999999966,302.6,62058.99999999999,0.12,494.96
1861,L49040,1,297.8,307.6,1607,30.3,62,0,0,0,0,0,0,9.800000000000011,302.70000000000005,48692.1,0.15,399.4
1862,M16721,2,297.9,307.6,1609,30.3,64,0,0,0,0,0,0,9.700000000000045,302.75,48752.700000000004,0.12,366.34
1863,L49042,1,297.9,307.7,1517,44.4,67,0,0,0,0,0,0,9.800000000000011,302.79999999999995,67354.8,0.12,417.47
1864,M16723,2,297.9,307.7,1517,39.5,69,0,0,0,0,0,0,9.800000000000011,302.79999999999995,59921.5,0.03,298.39
1865,L49044,1,297.9,307.7,1546,37.6,72,0,0,0,0,0,0,9.800000000000011,302.79999999999995,58129.600000000006,0.26,822.07
1866,L49045,1,297.9,307.7,1567,34.7,74,0,0,0,0,0,0,9.800000000000011,302.79999999999995,54374.9,0.18,741.35
1867,M16726,2,298.1,307.9,1662,28.9,76,0,0,0,0,0,0,9.799999999999955,303.0,48031.799999999996,0.04,195.51
1868,L49047,1,298.1,307.9,1502,41.8,79,0,0,0,0,0,0,9.799999999999955,303.0,62783.6,0.13,530.75
1869,L49048,1,298.3,308.0,1361,56.9,81,0,0,0,0,0,0,9.699999999999989,303.15,77440.9,0.13,544.37
1870,M16729,2,298.3,308.1,1630,32.7,83,0,0,0,0,0,0,9.800000000000011,303.20000000000005,53301.00000000001,0.18,477.81
1871,L49050,1,298.3,308.0,1486,42.3,86,0,0,0,0,0,0,9.699999999999989,303.15,62857.799999999996,0.18,675.74
1872,L49051,1,298.3,308.1,1840,21.5,88,0,0,0,0,0,0,9.800000000000011,303.20000000000005,39560.0,0.19,849.13
1873,L49052,1,298.3,308.1,1326,58.4,90,0,0,0,0,0,0,9.800000000000011,303.20000000000005,77438.4,0.21,793.77
1874,L49053,1,298.4,308.1,1367,57.8,92,0,0,0,0,0,0,9.700000000000045,303.25,79012.59999999999,0.03,692.06
1875,L49054,1,298.4,308.1,1598,32.7,94,0,0,0,0,0,0,9.700000000000045,303.25,52254.600000000006,0.09,452.23
1876,L49055,1,298.3,308.0,1363,50.1,96,0,0,0,0,0,0,9.699999999999989,303.15,68286.3,0.01,495.48
1877,L49056,1,298.3,308.0,1242,62.0,98,0,0,0,0,0,0,9.699999999999989,303.15,77004.0,0.14,515.15
1878,M16737,2,298.2,307.8,1566,33.8,100,0,0,0,0,0,0,9.600000000000023,303.0,52930.799999999996,0.13,665.91
1879,M16738,2,298.1,307.7,1424,47.7,103,0,0,0,0,0,0,9.599999999999966,302.9,67924.8,0.22,784.42
1880,M16739,2,298.2,307.7,1608,33.8,106,0,0,0,0,0,0,9.5,302.95,54350.399999999994,0.05,723.98
1881,L49060,1,298.1,307.7,1705,29.1,109,0,0,0,0,0,0,9.599999999999966,302.9,49615.5,0.19,932.02
1882,L49061,1,298.0,307.6,1548,45.8,111,0,0,0,0,0,0,9.600000000000023,302.8,70898.4,0.09,748.35
1883,M16742,2,298.0,307.6,1581,43.4,113,0,0,0,0,0,0,9.600000000000023,302.8,68615.4,0.11,545.97
1884,M16743,2,298.0,307.6,1472,46.7,116,0,0,0,0,0,0,9.600000000000023,302.8,68742.40000000001,0.22,597.17
1885,M16744,2,298.0,307.6,1792,26.0,119,0,0,0,0,0,0,9.600000000000023,302.8,46592.0,0.02,693.0
1886,L49065,1,298.0,307.6,1683,32.8,122,0,0,0,0,0,0,9.600000000000023,302.8,55202.399999999994,0.1,935.08
1887,L49066,1,297.9,307.6,1503,40.7,124,0,0,0,0,0,0,9.700000000000045,302.75,61172.100000000006,0.12,736.28
1888,M16747,2,297.9,307.5,1642,32.4,126,0,0,0,0,0,0,9.600000000000023,302.7,53200.799999999996,0.21,610.89
1889,M16748,2,297.8,307.4,1902,24.3,129,0,0,0,0,0,0,9.599999999999966,302.6,46218.6,0.06,1017.71
1890,H31303,0,297.7,307.4,1432,40.2,132,0,0,0,0,0,0,9.699999999999989,302.54999999999995,57566.4,0.28,1013.41
1891,L49070,1,297.8,307.4,1512,40.8,137,0,0,0,0,0,0,9.599999999999966,302.6,61689.6,0.3,1010.67
1892,L49071,1,297.7,307.4,1764,29.0,139,0,0,0,0,0,0,9.699999999999989,302.54999999999995,51156.0,0.25,769.8
1893,M16752,2,297.8,307.4,1438,43.6,141,0,0,0,0,0,0,9.599999999999966,302.6,62696.8,0.09,797.43
1894,L49073,1,297.8,307.5,1631,29.9,144,0,0,0,0,0,0,9.699999999999989,302.65,48766.899999999994,0.2,1023.03
1895,H31308,0,297.9,307.5,1880,23.3,146,0,0,0,0,0,0,9.600000000000023,302.7,43804.0,0.02,825.45
1896,L49075,1,297.9,307.6,1344,54.3,151,0,0,0,0,0,0,9.700000000000045,302.75,72979.2,0.26,913.02
1897,L49076,1,297.9,307.5,1574,35.8,153,0,0,0,0,0,0,9.600000000000023,302.7,56349.2,0.15,906.44
1898,L49077,1,297.8,307.4,1418,41.2,155,0,0,0,0,0,0,9.599999999999966,302.6,58421.600000000006,0.05,732.6
1899,L49078,1,297.8,307.5,1372,54.1,157,0,0,0,0,0,0,9.699999999999989,302.65,74225.2,0.1,1134.62
1900,L49079,1,297.8,307.5,1388,40.0,159,0,0,0,0,0,0,9.699999999999989,302.65,55520.0,0.24,1169.23
1901,H31314,0,297.9,307.6,1493,36.0,161,0,0,0,0,0,0,9.700000000000045,302.75,53748.0,0.26,986.35
1902,M16761,2,297.9,307.6,1505,40.1,166,0,0,0,0,0,0,9.700000000000045,302.75,60350.5,0.16,814.73
1903,L49082,1,298.0,307.6,1694,29.1,169,0,0,0,0,0,0,9.600000000000023,302.8,49295.4,0.14,1026.67
1904,L49083,1,297.9,307.6,1968,20.4,171,0,0,0,0,0,0,9.700000000000045,302.75,40147.2,0.23,1011.08
1905,M16764,2,298.0,307.6,1569,35.6,173,0,0,0,0,0,0,9.600000000000023,302.8,55856.4,0.25,1052.25
1906,L49085,1,297.9,307.6,1687,29.1,176,0,0,0,0,0,0,9.700000000000045,302.75,49091.700000000004,0.23,939.72
1907,L49086,1,297.9,307.6,1430,52.4,178,0,0,0,0,0,0,9.700000000000045,302.75,74932.0,0.12,858.29
1908,L49087,1,297.9,307.6,1504,42.4,180,0,0,0,0,0,0,9.700000000000045,302.75,63769.6,0.19,1114.4
1909,L49088,1,297.9,307.6,1977,20.2,182,0,0,0,0,0,0,9.700000000000045,302.75,39935.4,0.26,1129.97
1910,L49089,1,298.0,307.7,1435,45.6,184,0,0,0,0,0,0,9.699999999999989,302.85,65436.0,0.05,1344.48
1911,H31324,0,298.0,307.7,1547,36.8,186,0,0,0,0,0,0,9.699999999999989,302.85,56929.6,0.12,1139.14
1912,M16771,2,298.1,307.8,1316,57.2,191,0,0,0,0,0,0,9.699999999999989,302.95000000000005,75275.2,0.02,802.25
1913,M16772,2,298.0,307.7,1621,34.9,194,0,0,0,0,0,0,9.699999999999989,302.85,56572.899999999994,0.12,859.65
1914,M16773,2,298.0,307.8,1492,40.2,197,0,0,0,0,0,0,9.800000000000011,302.9,59978.4,0.23,1274.73
1915,L49094,1,298.0,307.7,1643,32.3,200,0,0,0,0,0,0,9.699999999999989,302.85,53068.899999999994,0.06,1000.47
1916,L49095,1,298.0,307.7,1492,38.7,202,0,0,0,0,0,0,9.699999999999989,302.85,57740.4,0.16,1369.72
1917,L49096,1,298.0,307.7,1387,50.8,204,0,0,0,0,0,0,9.699999999999989,302.85,70459.59999999999,0.01,1072.28
1918,M16777,2,298.1,307.9,1463,47.3,206,0,0,0,0,0,0,9.799999999999955,303.0,69199.9,0.27,1002.62
1919,M16778,2,298.1,307.9,1496,40.0,0,0,0,0,0,0,0,9.799999999999955,303.0,59840.0,0.25,97.09
1920,L49099,1,298.2,308.0,1658,30.0,3,0,0,0,0,0,0,9.800000000000011,303.1,49740.0,0.16,73.71
1921,L49100,1,298.1,307.9,2161,17.5,5,0,0,0,0,0,0,9.799999999999955,303.0,37817.5,0.21,301.31
1922,L49101,1,298.1,307.9,1665,32.0,7,0,0,0,0,0,0,9.799999999999955,303.0,53280.0,0.03,0.0
1923,L49102,1,298.0,307.8,1716,26.6,9,0,0,0,0,0,0,9.800000000000011,302.9,45645.600000000006,0.25,317.92
1924,L49103,1,298.0,307.7,1529,34.1,11,0,0,0,0,0,0,9.699999999999989,302.85,52138.9,0.21,64.58
1925,L49104,1,297.9,307.7,1353,50.7,13,0,0,0,0,0,0,9.800000000000011,302.79999999999995,68597.1,0.04,105.93
1926,L49105,1,297.9,307.7,1537,37.7,15,0,0,0,0,0,0,9.800000000000011,302.79999999999995,57944.9,0.29,420.5
1927,L49106,1,298.0,307.7,1606,30.8,17,0,0,0,0,0,0,9.699999999999989,302.85,49464.8,0.01,314.23
1928,H31341,0,298.0,307.8,1314,47.8,19,0,0,0,0,0,0,9.800000000000011,302.9,62809.2,0.19,321.84
1929,L49108,1,298.0,307.8,1623,29.9,24,0,0,0,0,0,0,9.800000000000011,302.9,48527.7,0.05,47.49
1930,M16789,2,298.0,307.8,1483,50.9,26,0,0,0,0,0,0,9.800000000000011,302.9,75484.7,0.22,573.95
1931,M16790,2,298.1,307.9,1569,37.0,29,0,0,0,0,0,0,9.799999999999955,303.0,58053.0,0.02,137.52
1932,M16791,2,298.2,308.0,1969,21.7,32,0,0,0,0,0,0,9.800000000000011,303.1,42727.299999999996,0.02,296.04
1933,M16792,2,298.1,308.0,1686,29.3,35,0,0,0,0,0,0,9.899999999999977,303.05,49399.8,0.14,223.07
1934,L49113,1,298.1,308.0,1638,35.1,38,0,0,0,0,0,0,9.899999999999977,303.05,57493.8,0.3,503.62
1935,L49114,1,298.1,307.9,1698,33.3,40,0,0,0,0,0,0,9.799999999999955,303.0,56543.399999999994,0.08,159.81
1936,M16795,2,298.1,307.9,1377,55.1,42,0,0,0,0,0,0,9.799999999999955,303.0,75872.7,0.18,438.34
1937,M16796,2,298.1,308.0,2129,18.4,45,0,0,0,0,0,0,9.899999999999977,303.05,39173.6,0.16,505.57
1938,L49117,1,298.2,308.0,1411,42.4,48,0,0,0,0,0,0,9.800000000000011,303.1,59826.4,0.25,415.78
1939,L49118,1,298.1,307.9,1517,40.8,50,0,0,0,0,0,0,9.799999999999955,303.0,61893.6,0.09,257.35
1940,M16799,2,298.1,307.9,1303,53.9,52,0,0,0,0,0,0,9.799999999999955,303.0,70231.7,0.17,483.52
1941,L49120,1,298.1,307.9,1578,35.6,55,0,0,0,0,0,0,9.799999999999955,303.0,56176.8,0.29,441.25
1942,L49121,1,298.1,307.9,1425,58.2,57,0,0,0,0,0,0,9.799999999999955,303.0,82935.0,0.1,157.31
1943,L49122,1,298.1,308.0,1456,42.4,59,0,0,0,0,0,0,9.899999999999977,303.05,61734.4,0.13,477.98
1944,L49123,1,298.1,308.0,1704,30.9,61,0,0,0,0,0,0,9.899999999999977,303.05,52653.6,0.27,558.85
1945,L49124,1,298.1,308.1,1791,27.3,63,0,0,0,0,0,0,10.0,303.1,48894.3,0.1,395.67
1946,L49125,1,298.1,308.1,1616,32.8,65,0,0,0,0,0,0,10.0,303.1,53004.799999999996,0.11,513.16
1947,L49126,1,298.2,308.1,1622,34.9,67,0,0,0,0,0,0,9.900000000000034,303.15,56607.799999999996,0.09,524.11
1948,L49127,1,298.2,308.1,1462,49.9,69,0,0,0,0,0,0,9.900000000000034,303.15,72953.8,0.24,560.85
1949,L49128,1,298.1,308.1,1410,45.8,71,0,0,0,0,0,0,10.0,303.1,64577.99999999999,0.28,466.6
1950,M16809,2,298.1,308.0,1543,41.9,73,0,0,0,0,0,0,9.899999999999977,303.05,64651.7,0.19,459.21
1951,M16810,2,298.0,307.9,1479,47.6,76,0,0,0,0,0,0,9.899999999999977,302.95,70400.40000000001,0.19,657.74
1952,L49131,1,298.0,307.8,1839,22.7,79,0,0,0,0,0,0,9.800000000000011,302.9,41745.299999999996,0.12,535.46
1953,L49132,1,298.0,307.8,1266,60.5,81,0,0,0,0,0,0,9.800000000000011,302.9,76593.0,0.0,322.54
1954,L49133,1,297.9,307.7,1593,34.9,83,0,0,0,0,0,0,9.800000000000011,302.79999999999995,55595.7,0.05,347.34
1955,L49134,1,297.9,307.8,1459,46.9,85,0,0,0,0,0,0,9.900000000000034,302.85,68427.09999999999,0.04,557.67
1956,L49135,1,297.9,307.7,1308,55.2,87,0,0,0,0,0,0,9.800000000000011,302.79999999999995,72201.6,0.03,431.75
1957,M16816,2,297.9,307.7,1364,46.8,89,0,0,0,0,0,0,9.800000000000011,302.79999999999995,63835.2,0.2,757.91
1958,H31371,0,297.9,307.7,1618,35.9,92,0,0,0,0,0,0,9.800000000000011,302.79999999999995,58086.2,0.04,631.9
1959,H31372,0,297.9,307.7,1464,43.2,97,0,0,0,0,0,0,9.800000000000011,302.79999999999995,63244.8,0.03,468.07
1960,M16819,2,297.8,307.6,1352,49.4,102,0,0,0,0,0,0,9.800000000000011,302.70000000000005,66788.8,0.11,762.45
1961,L49140,1,297.8,307.6,1446,51.4,105,0,0,0,0,0,0,9.800000000000011,302.70000000000005,74324.4,0.07,615.76
1962,L49141,1,297.8,307.5,1448,51.2,107,0,0,0,0,0,0,9.699999999999989,302.65,74137.6,0.04,615.16
1963,L49142,1,297.8,307.5,1391,48.6,109,0,0,0,0,0,0,9.699999999999989,302.65,67602.6,0.04,256.69
1964,L49143,1,297.7,307.5,1379,43.3,111,0,0,0,0,0,0,9.800000000000011,302.6,59710.7,0.08,489.36
1965,M16824,2,297.8,307.5,1405,46.9,113,0,0,0,0,0,0,9.699999999999989,302.65,65894.5,0.16,587.5
1966,L49145,1,297.8,307.5,1581,33.1,116,0,0,0,0,0,0,9.699999999999989,302.65,52331.100000000006,0.23,762.2
1967,L49146,1,297.9,307.6,1515,40.5,118,0,0,0,0,0,0,9.700000000000045,302.75,61357.5,0.26,867.15
1968,L49147,1,297.9,307.6,1589,37.8,120,0,0,0,0,0,0,9.700000000000045,302.75,60064.2,0.23,853.29
1969,L49148,1,298.0,307.6,1281,50.8,122,0,0,0,0,0,0,9.600000000000023,302.8,65074.799999999996,0.19,842.86
1970,H31383,0,297.8,307.5,1631,31.3,124,0,0,0,0,0,0,9.699999999999989,302.65,51050.3,0.27,787.26
1971,M16830,2,297.9,307.6,1202,67.0,129,0,0,0,0,0,0,9.700000000000045,302.75,80534.0,0.16,908.7
1972,L49151,1,297.9,307.6,1298,52.7,132,0,0,0,0,0,0,9.700000000000045,302.75,68404.6,0.19,1121.39
1973,L49152,1,297.9,307.6,1612,30.7,134,0,0,0,0,0,0,9.700000000000045,302.75,49488.4,0.12,737.0
1974,L49153,1,297.9,307.6,1747,25.3,136,0,0,0,0,0,0,9.700000000000045,302.75,44199.1,0.1,680.45
1975,L49154,1,298.0,307.6,1450,48.7,138,0,0,0,0,0,0,9.600000000000023,302.8,70615.0,0.1,687.2
1976,L49155,1,298.0,307.7,1422,45.6,140,0,0,0,0,0,0,9.699999999999989,302.85,64843.200000000004,0.04,752.82
1977,M16836,2,298.1,307.7,1419,47.4,142,0,0,0,0,0,0,9.599999999999966,302.9,67260.59999999999,0.24,871.14
1978,M16837,2,298.1,307.7,1633,30.7,145,0,0,0,0,0,0,9.599999999999966,302.9,50133.1,0.02,485.45
1979,L49158,1,298.0,307.7,1442,43.6,148,0,0,0,0,0,0,9.699999999999989,302.85,62871.200000000004,0.2,721.49
1980,H31393,0,298.0,307.6,1420,45.8,150,0,0,0,0,0,0,9.600000000000023,302.8,65035.99999999999,0.26,1163.03
1981,M16840,2,298.0,307.6,1301,58.5,155,0,0,0,0,0,0,9.600000000000023,302.8,76108.5,0.15,1117.27
1982,L49161,1,298.0,307.6,1385,45.0,158,0,0,0,0,0,0,9.600000000000023,302.8,62325.0,0.02,1049.98
1983,M16842,2,298.0,307.7,1487,41.3,160,0,0,0,0,0,0,9.699999999999989,302.85,61413.1,0.13,963.95
1984,M16843,2,298.0,307.6,1459,44.4,163,0,0,0,0,0,0,9.600000000000023,302.8,64779.6,0.1,766.36
1985,M16844,2,298.0,307.5,1387,45.5,166,0,0,0,0,0,0,9.5,302.75,63108.5,0.3,1064.3
1986,L49165,1,298.1,307.7,1537,40.8,169,0,0,0,0,0,0,9.599999999999966,302.9,62709.6,0.21,831.29
1987,L49166,1,298.1,307.6,1498,42.9,171,0,0,0,0,0,0,9.5,302.85,64264.2,0.22,845.52
1988,M16847,2,298.2,307.8,1599,31.2,173,0,0,0,0,0,0,9.600000000000023,303.0,49888.799999999996,0.15,1053.29
1989,H31402,0,298.3,307.9,1420,39.2,176,0,0,0,0,0,0,9.599999999999966,303.1,55664.00000000001,0.21,1170.85
1990,L49169,1,298.2,307.9,1785,23.4,181,0,0,0,0,0,0,9.699999999999989,303.04999999999995,41769.0,0.22,1418.76
1991,L49170,1,298.2,307.8,1423,48.1,183,0,0,0,0,0,0,9.600000000000023,303.0,68446.3,0.02,922.54
1992,M16851,2,298.2,307.8,1583,36.6,185,0,0,0,0,0,0,9.600000000000023,303.0,57937.8,0.07,791.32
1993,L49172,1,298.2,307.8,1375,46.6,188,0,0,0,0,0,0,9.600000000000023,303.0,64075.0,0.0,921.71
1994,M16853,2,298.3,308.0,1463,42.5,190,0,0,0,0,0,0,9.699999999999989,303.15,62177.5,0.15,1057.63
1995,M16854,2,298.2,307.9,1403,45.1,193,0,0,0,0,0,0,9.699999999999989,303.04999999999995,63275.3,0.26,1151.32
1996,L49175,1,298.3,308.0,1451,47.1,196,0,0,0,0,0,0,9.699999999999989,303.15,68342.1,0.18,1211.56
1997,M16856,2,298.4,308.0,1416,38.2,198,1,1,0,0,0,0,9.600000000000023,303.2,54091.200000000004,2.24,3047.83
1998,L49177,1,298.3,308.1,1672,41.3,0,0,0,0,0,0,0,9.800000000000011,303.20000000000005,69053.59999999999,0.28,299.61
1999,H31412,0,298.3,308.0,1637,30.8,2,0,0,0,0,0,0,9.699999999999989,303.15,50419.6,0.05,157.73
2000,L49179,1,298.4,308.0,1540,37.8,7,0,0,0,0,0,0,9.600000000000023,303.2,58211.99999999999,0.02,267.96
2001,L49180,1,298.4,308.1,1279,53.1,9,0,0,0,0,0,0,9.700000000000045,303.25,67914.90000000001,0.28,371.56
2002,L49181,1,298.4,308.2,1604,34.9,11,0,0,0,0,0,0,9.800000000000011,303.29999999999995,55979.6,0.27,481.47
2003,L49182,1,298.5,308.2,1654,27.1,13,0,0,0,0,0,0,9.699999999999989,303.35,44823.4,0.2,198.42
2004,M16863,2,298.5,308.2,1564,37.5,15,0,0,0,0,0,0,9.699999999999989,303.35,58650.0,0.07,99.36
2005,L49184,1,298.5,308.2,1451,47.5,18,0,0,0,0,0,0,9.699999999999989,303.35,68922.5,0.29,582.18
2006,L49185,1,298.5,308.3,1504,38.0,20,0,0,0,0,0,0,9.800000000000011,303.4,57152.0,0.23,124.26
2007,M16866,2,298.5,308.3,1381,50.5,22,0,0,0,0,0,0,9.800000000000011,303.4,69740.5,0.2,249.53
2008,L49187,1,298.6,308.4,1562,34.4,25,0,0,0,0,0,0,9.799999999999955,303.5,53732.799999999996,0.07,364.27
2009,L49188,1,298.5,308.3,1811,24.7,27,0,0,0,0,0,0,9.800000000000011,303.4,44731.7,0.15,253.33
2010,M16869,2,298.6,308.3,1717,28.7,29,0,0,0,0,0,0,9.699999999999989,303.45000000000005,49277.9,0.25,352.16
2011,L49190,1,298.6,308.3,1278,60.5,32,0,0,0,0,0,0,9.699999999999989,303.45000000000005,77319.0,0.26,380.2
2012,L49191,1,298.7,308.5,1616,30.2,34,0,0,0,0,0,0,9.800000000000011,303.6,48803.2,0.17,357.57
2013,L49192,1,298.6,308.4,1397,46.4,36,0,0,0,0,0,0,9.799999999999955,303.5,64820.799999999996,0.16,502.91
2014,L49193,1,298.6,308.4,1485,42.9,38,0,0,0,0,0,0,9.799999999999955,303.5,63706.5,0.21,538.63
2015,L49194,1,298.6,308.4,1310,59.7,40,0,0,0,0,0,0,9.799999999999955,303.5,78207.0,0.16,361.72
2016,L49195,1,298.5,308.2,1301,66.3,42,1,0,0,1,0,0,9.699999999999989,303.35,86256.3,6.13,6503.86
2017,L49196,1,298.5,308.3,1458,44.0,44,0,0,0,0,0,0,9.800000000000011,303.4,64152.0,0.03,301.27
2018,L49197,1,298.7,308.5,1483,42.5,46,0,0,0,0,0,0,9.800000000000011,303.6,63027.5,0.04,398.87
2019,L49198,1,298.7,308.5,1375,46.4,48,0,0,0,0,0,0,9.800000000000011,303.6,63800.0,0.23,315.74
2020,M16879,2,298.7,308.5,1660,27.0,50,0,0,0,0,0,0,9.800000000000011,303.6,44820.0,0.01,520.78
2021,H31434,0,298.7,308.4,1560,33.3,53,0,0,0,0,0,0,9.699999999999989,303.54999999999995,51947.99999999999,0.02,318.03
2022,L49201,1,298.7,308.5,1480,42.2,58,0,0,0,0,0,0,9.800000000000011,303.6,62456.00000000001,0.27,147.75
2023,L49202,1,298.7,308.4,1373,46.9,60,0,0,0,0,0,0,9.699999999999989,303.54999999999995,64393.7,0.21,758.93
2024,L49203,1,298.7,308.5,1444,54.2,62,0,0,0,0,0,0,9.800000000000011,303.6,78264.8,0.0,310.76
2025,M16884,2,298.7,308.6,1722,24.7,64,0,0,0,0,0,0,9.900000000000034,303.65,42533.4,0.09,350.68
2026,L49205,1,298.7,308.5,1469,39.9,67,0,0,0,0,0,0,9.800000000000011,303.6,58613.1,0.23,474.15
2027,M16886,2,298.7,308.5,1360,52.9,69,0,0,0,0,0,0,9.800000000000011,303.6,71944.0,0.13,540.93
2028,L49207,1,298.7,308.4,1750,25.8,72,0,0,0,0,0,0,9.699999999999989,303.54999999999995,45150.0,0.14,366.74
2029,M16888,2,298.7,308.3,1349,46.6,74,0,0,0,0,0,0,9.600000000000023,303.5,62863.4,0.14,423.46
2030,L49209,1,298.7,308.5,1668,35.2,77,0,0,0,0,0,0,9.800000000000011,303.6,58713.600000000006,0.06,362.07
2031,L49210,1,298.9,308.6,1400,49.5,79,0,0,0,0,0,0,9.700000000000045,303.75,69300.0,0.22,571.16
2032,L49211,1,298.8,308.6,1331,62.8,81,0,0,0,0,0,0,9.800000000000011,303.70000000000005,83586.8,0.03,357.72
2033,L49212,1,298.8,308.5,1444,42.2,83,0,0,0,0,0,0,9.699999999999989,303.65,60936.8,0.15,692.92
2034,H31447,0,298.8,308.5,1359,47.6,85,0,0,0,0,0,0,9.699999999999989,303.65,64688.4,0.05,515.66
2035,M16894,2,298.8,308.5,1425,47.4,90,0,0,0,0,0,0,9.699999999999989,303.65,67545.0,0.01,518.96
2036,M16895,2,298.9,308.6,1469,34.2,93,0,0,0,0,0,0,9.700000000000045,303.75,50239.8,0.04,596.59
2037,L49216,1,299.0,308.7,1892,22.8,96,0,0,0,0,0,0,9.699999999999989,303.85,43137.6,0.26,726.04
2038,H31451,0,299.0,308.7,1940,19.9,98,0,0,0,0,0,0,9.699999999999989,303.85,38606.0,0.05,386.95
2039,L49218,1,299.0,308.8,1405,55.2,103,0,0,0,0,0,0,9.800000000000011,303.9,77556.0,0.08,865.78
2040,M16899,2,299.0,308.9,1449,39.6,105,0,0,0,0,0,0,9.899999999999977,303.95,57380.4,0.04,704.13
2041,L49220,1,299.1,308.9,1686,29.6,108,0,0,0,0,0,0,9.799999999999955,304.0,49905.600000000006,0.22,1001.92
2042,L49221,1,299.1,308.9,1680,27.2,110,0,0,0,0,0,0,9.799999999999955,304.0,45696.0,0.13,835.18
2043,M16902,2,299.1,308.9,1397,52.4,112,0,0,0,0,0,0,9.799999999999955,304.0,73202.8,0.28,770.94
2044,M16903,2,299.2,309.0,1597,30.3,115,0,0,0,0,0,0,9.800000000000011,304.1,48389.1,0.2,422.8
2045,L49224,1,299.3,309.1,1470,41.1,118,0,0,0,0,0,0,9.800000000000011,304.20000000000005,60417.0,0.16,565.64
2046,M16905,2,299.3,309.1,1703,31.3,120,0,0,0,0,0,0,9.800000000000011,304.20000000000005,53303.9,0.2,895.48
2047,L49226,1,299.3,309.1,1388,45.5,123,0,0,0,0,0,0,9.800000000000011,304.20000000000005,63154.0,0.01,609.74
2048,L49227,1,299.3,309.2,1775,24.2,125,0,0,0,0,0,0,9.899999999999977,304.25,42955.0,0.29,852.02
2049,L49228,1,299.3,309.2,1465,41.5,127,0,0,0,0,0,0,9.899999999999977,304.25,60797.5,0.29,550.67
2050,M16909,2,299.3,309.2,1586,37.9,129,0,0,0,0,0,0,9.899999999999977,304.25,60109.399999999994,0.08,723.03
2051,M16910,2,299.5,309.3,1675,29.2,132,0,0,0,0,0,0,9.800000000000011,304.4,48910.0,0.19,687.73
2052,M16911,2,299.4,309.2,1470,44.4,135,0,0,0,0,0,0,9.800000000000011,304.29999999999995,65268.0,0.06,626.34
2053,L49232,1,299.5,309.3,1477,40.4,138,0,0,0,0,0,0,9.800000000000011,304.4,59670.799999999996,0.16,977.52
2054,L49233,1,299.5,309.3,1382,61.0,140,0,0,0,0,0,0,9.800000000000011,304.4,84302.0,0.23,775.63
2055,M16914,2,299.6,309.4,1605,29.8,142,0,0,0,0,0,0,9.799999999999955,304.5,47829.0,0.28,849.95
2056,L49235,1,299.6,309.4,1643,32.9,145,0,0,0,0,0,0,9.799999999999955,304.5,54054.7,0.1,852.84
2057,L49236,1,299.5,309.3,1333,54.1,147,0,0,0,0,0,0,9.800000000000011,304.4,72115.3,0.21,1075.85
2058,L49237,1,299.5,309.3,1520,42.3,149,0,0,0,0,0,0,9.800000000000011,304.4,64295.99999999999,0.21,894.59
2059,M16918,2,299.5,309.3,1902,24.0,151,0,0,0,0,0,0,9.800000000000011,304.4,45648.0,0.07,1045.08
2060,H31473,0,299.5,309.4,1386,44.4,154,0,0,0,0,0,0,9.899999999999977,304.45,61538.4,0.19,768.2
2061,L49240,1,299.6,309.5,1803,27.7,159,0,0,0,0,0,0,9.899999999999977,304.55,49943.1,0.2,776.89
2062,L49241,1,299.7,309.6,1359,50.7,161,0,0,0,0,0,0,9.900000000000034,304.65,68901.3,0.23,804.11
2063,M16922,2,299.7,309.6,1477,42.7,163,0,0,0,0,0,0,9.900000000000034,304.65,63067.9,0.3,867.17
2064,L49243,1,299.7,309.6,1321,53.4,166,0,0,0,0,0,0,9.900000000000034,304.65,70541.4,0.01,890.48
2065,L49244,1,299.6,309.5,1453,41.4,168,0,0,0,0,0,0,9.899999999999977,304.55,60154.2,0.06,753.33
2066,L49245,1,299.7,309.6,1419,45.1,170,0,0,0,0,0,0,9.900000000000034,304.65,63996.9,0.04,678.47
2067,L49246,1,299.7,309.6,1512,36.2,172,0,0,0,0,0,0,9.900000000000034,304.65,54734.4,0.05,966.97
2068,L49247,1,299.7,309.6,1553,36.8,174,0,0,0,0,0,0,9.900000000000034,304.65,57150.399999999994,0.14,1133.59
2069,M16928,2,299.7,309.6,1534,39.1,176,0,0,0,0,0,0,9.900000000000034,304.65,59979.4,0.26,1297.63
2070,H31483,0,299.7,309.6,1553,41.0,179,0,0,0,0,0,0,9.900000000000034,304.65,63673.0,0.13,1156.29
2071,L49250,1,299.7,309.5,1352,49.7,184,0,0,0,0,0,0,9.800000000000011,304.6,67194.40000000001,0.2,982.28
2072,M16931,2,299.7,309.6,1313,60.0,186,0,0,0,0,0,0,9.900000000000034,304.65,78780.0,0.11,1081.41
2073,L49252,1,299.6,309.5,1570,35.5,189,0,0,0,0,0,1,9.899999999999977,304.55,55735.0,1.42,2439.53
2074,L49253,1,299.6,309.4,1677,31.1,191,0,0,0,0,0,0,9.799999999999955,304.5,52154.700000000004,0.25,1133.77
2075,L49254,1,299.5,309.4,1602,31.5,193,0,0,0,0,0,0,9.899999999999977,304.45,50463.0,0.2,1189.71
2076,L49255,1,299.5,309.4,1390,58.8,195,1,0,0,0,1,0,9.899999999999977,304.45,81732.0,6.97,7757.26
2077,L49256,1,299.4,309.3,1544,36.0,197,0,0,0,0,0,0,9.900000000000034,304.35,55584.0,0.27,1160.86
2078,L49257,1,299.4,309.4,1701,31.2,199,0,0,0,0,0,0,10.0,304.4,53071.2,0.15,1200.77
2079,M16938,2,299.4,309.3,1692,28.4,201,0,0,0,0,0,0,9.900000000000034,304.35,48052.799999999996,0.06,1291.13
2080,M16939,2,299.3,309.3,1523,37.9,204,0,0,0,0,0,0,10.0,304.3,57721.7,0.14,1332.72
2081,L49260,1,299.3,309.2,2280,15.4,207,0,0,0,0,0,0,9.899999999999977,304.25,35112.0,0.2,1334.13
2082,M16941,2,299.4,309.3,1485,47.1,209,0,0,0,0,0,0,9.900000000000034,304.35,69943.5,0.11,1166.96
2083,H31496,0,299.4,309.2,1513,36.1,212,0,0,0,0,0,0,9.800000000000011,304.29999999999995,54619.3,0.25,1298.72
2084,H31497,0,299.4,309.3,1743,28.2,0,0,0,0,0,0,0,9.900000000000034,304.35,49152.6,0.16,0.0
2085,L49264,1,299.5,309.3,1442,46.2,5,0,0,0,0,0,0,9.800000000000011,304.4,66620.40000000001,0.14,39.67
2086,L49265,1,299.5,309.3,1462,46.7,7,0,0,0,0,0,0,9.800000000000011,304.4,68275.40000000001,0.26,174.57
2087,H31500,0,299.4,309.3,1439,49.7,9,0,0,0,0,0,0,9.900000000000034,304.35,71518.3,0.14,271.21
2088,L49267,1,299.5,309.3,1577,36.6,14,0,0,0,0,0,0,9.800000000000011,304.4,57718.200000000004,0.12,331.74
2089,L49268,1,299.6,309.4,1331,46.4,16,0,0,0,0,0,0,9.799999999999955,304.5,61758.4,0.03,220.49
2090,L49269,1,299.5,309.3,1941,22.5,18,0,0,0,0,0,0,9.800000000000011,304.4,43672.5,0.11,377.4
2091,L49270,1,299.5,309.2,1393,47.3,20,0,0,0,0,0,0,9.699999999999989,304.35,65888.9,0.12,230.84
2092,L49271,1,299.4,309.2,1433,42.1,22,0,0,0,0,0,0,9.800000000000011,304.29999999999995,60329.3,0.05,12.56
2093,L49272,1,299.4,309.2,1444,48.2,24,0,0,0,0,0,0,9.800000000000011,304.29999999999995,69600.8,0.18,292.51
2094,L49273,1,299.4,309.2,1564,39.0,26,0,0,0,0,0,0,9.800000000000011,304.29999999999995,60996.0,0.04,61.27
2095,L49274,1,299.4,309.3,1377,43.6,28,0,0,0,0,0,0,9.900000000000034,304.35,60037.200000000004,0.07,308.68
2096,L49275,1,299.4,309.3,1525,41.5,30,0,0,0,0,0,0,9.900000000000034,304.35,63287.5,0.17,266.14
2097,M16956,2,299.5,309.4,1387,56.2,32,0,0,0,0,0,0,9.899999999999977,304.45,77949.40000000001,0.08,225.22
2098,M16957,2,299.4,309.4,1326,47.5,35,0,0,0,0,0,0,10.0,304.4,62985.0,0.19,469.04
2099,L49278,1,299.4,309.3,1401,59.0,38,0,0,0,0,0,0,9.900000000000034,304.35,82659.0,0.21,288.84
2100,L49279,1,299.4,309.3,1596,31.8,40,0,0,0,0,0,0,9.900000000000034,304.35,50752.8,0.09,434.6
2101,M16960,2,299.3,309.3,1471,46.0,42,0,0,0,0,0,0,10.0,304.3,67666.0,0.03,37.86
2102,L49281,1,299.3,309.3,1528,37.8,45,0,0,0,0,0,0,10.0,304.3,57758.399999999994,0.15,420.98
2103,L49282,1,299.3,309.3,1325,62.0,47,0,0,0,0,0,0,10.0,304.3,82150.0,0.03,251.37
2104,M16963,2,299.3,309.1,1376,46.7,49,0,0,0,0,0,0,9.800000000000011,304.20000000000005,64259.200000000004,0.15,519.1
2105,M16964,2,299.3,309.1,1600,35.3,52,0,0,0,0,0,0,9.800000000000011,304.20000000000005,56479.99999999999,0.22,273.84
2106,L49285,1,299.3,309.1,1495,44.0,55,0,0,0,0,0,0,9.800000000000011,304.20000000000005,65780.0,0.19,235.38
2107,L49286,1,299.4,309.1,1645,28.6,57,0,0,0,0,0,0,9.700000000000045,304.25,47047.0,0.13,527.51
2108,M16967,2,299.4,309.1,1417,47.3,59,0,0,0,0,0,0,9.700000000000045,304.25,67024.09999999999,0.28,516.36
2109,H31522,0,299.4,309.0,1415,51.7,62,0,0,0,0,0,0,9.600000000000023,304.2,73155.5,0.03,326.38
2110,M16969,2,299.3,309.0,1496,43.4,67,0,0,0,0,0,0,9.699999999999989,304.15,64926.4,0.26,496.04
2111,H31524,0,299.3,309.0,1508,35.0,70,0,0,0,0,0,0,9.699999999999989,304.15,52780.0,0.24,726.92
2112,L49291,1,299.4,309.0,1436,47.9,75,0,0,0,0,0,0,9.600000000000023,304.2,68784.4,0.13,549.88
2113,L49292,1,299.5,309.1,1852,22.6,77,0,0,0,0,0,0,9.600000000000023,304.3,41855.200000000004,0.05,471.1
2114,L49293,1,299.5,309.1,1863,22.5,79,0,0,0,0,0,0,9.600000000000023,304.3,41917.5,0.05,269.56
2115,H31528,0,299.4,309.1,1373,44.1,81,0,0,0,0,0,0,9.700000000000045,304.25,60549.3,0.28,760.23
2116,L49295,1,299.4,309.0,1404,47.3,86,0,0,0,0,0,0,9.600000000000023,304.2,66409.2,0.07,351.17
2117,M16976,2,299.4,309.0,1381,44.9,88,0,0,0,0,0,0,9.600000000000023,304.2,62006.9,0.26,601.22
2118,H31531,0,299.4,308.9,1762,29.3,91,0,0,0,0,0,0,9.5,304.15,51626.6,0.15,400.2
2119,H31532,0,299.3,308.9,1429,43.0,96,0,0,0,0,0,0,9.599999999999966,304.1,61447.0,0.14,596.52
2120,M16979,2,299.3,308.9,1858,24.7,101,0,0,0,0,0,0,9.599999999999966,304.1,45892.6,0.19,854.67
2121,H31534,0,299.2,308.8,1908,21.3,104,0,0,0,0,0,0,9.600000000000023,304.0,40640.4,0.06,614.0
2122,M16981,2,299.2,308.8,1503,37.4,109,0,0,0,0,0,0,9.600000000000023,304.0,56212.2,0.13,608.73
2123,M16982,2,299.2,308.8,1523,38.9,112,0,0,0,0,0,0,9.600000000000023,304.0,59244.7,0.28,856.37
2124,L49303,1,299.3,309.0,1491,38.4,115,0,0,0,0,0,0,9.699999999999989,304.15,57254.4,0.07,660.54
2125,L49304,1,299.2,308.9,1430,39.1,117,0,0,0,0,0,0,9.699999999999989,304.04999999999995,55913.0,0.28,874.91
2126,L49305,1,299.3,308.9,1258,69.4,119,1,0,0,1,0,0,9.599999999999966,304.1,87305.20000000001,6.15,6771.6
2127,L49306,1,299.3,309.0,1449,46.5,121,0,0,0,0,0,0,9.699999999999989,304.15,67378.5,0.02,469.0
2128,H31541,0,299.3,309.0,1425,40.6,123,0,0,0,0,0,0,9.699999999999989,304.15,57855.0,0.16,790.98
2129,L49308,1,299.4,309.0,1800,24.3,128,0,0,0,0,0,0,9.600000000000023,304.2,43740.0,0.05,426.71
2130,H31543,0,299.4,309.0,1607,33.7,130,0,0,0,0,0,0,9.600000000000023,304.2,54155.9,0.19,926.34
2131,L49310,1,299.4,309.0,1391,58.2,135,0,0,0,0,0,0,9.600000000000023,304.2,80956.2,0.3,809.59
2132,L49311,1,299.4,309.1,1432,45.4,137,0,0,0,0,0,0,9.700000000000045,304.25,65012.799999999996,0.27,1131.64
2133,L49312,1,299.4,309.0,1660,28.4,139,0,0,0,0,0,0,9.600000000000023,304.2,47144.0,0.28,608.21
2134,H31547,0,299.3,309.0,1732,29.7,141,0,0,0,0,0,0,9.699999999999989,304.15,51440.4,0.06,1016.16
2135,L49314,1,299.3,309.0,1473,46.3,146,0,0,0,0,0,0,9.699999999999989,304.15,68199.9,0.16,644.12
2136,L49315,1,299.3,309.0,1511,47.8,148,0,0,0,0,0,0,9.699999999999989,304.15,72225.8,0.07,630.01
2137,L49316,1,299.2,308.9,1588,41.5,150,0,0,0,0,0,0,9.699999999999989,304.04999999999995,65902.0,0.27,1064.86
2138,L49317,1,299.3,308.9,1623,31.1,152,0,0,0,0,0,0,9.599999999999966,304.1,50475.3,0.06,912.81
2139,L49318,1,299.3,309.0,1734,30.6,154,0,0,0,0,0,0,9.699999999999989,304.15,53060.4,0.05,777.49
2140,L49319,1,299.3,309.0,1415,47.6,156,0,0,0,0,0,0,9.699999999999989,304.15,67354.0,0.0,913.89
2141,L49320,1,299.3,309.0,1419,46.6,158,0,0,0,0,0,0,9.699999999999989,304.15,66125.40000000001,0.05,720.52
2142,M17001,2,299.3,308.9,1577,34.9,160,0,0,0,0,0,0,9.599999999999966,304.1,55037.299999999996,0.06,800.05
2143,L49322,1,299.3,308.9,1376,60.3,163,0,0,0,0,0,0,9.599999999999966,304.1,82972.8,0.02,789.69
2144,M17003,2,299.3,308.8,1442,49.0,165,0,0,0,0,0,0,9.5,304.05,70658.0,0.26,1004.24
2145,L49324,1,299.4,308.9,1451,40.5,168,0,0,0,0,0,0,9.5,304.15,58765.5,0.23,779.87
2146,L49325,1,299.3,308.8,1550,45.8,170,0,0,0,0,0,0,9.5,304.05,70990.0,0.08,926.3
2147,L49326,1,299.3,308.8,1647,32.9,172,0,0,0,0,0,0,9.5,304.05,54186.299999999996,0.23,1072.75
2148,L49327,1,299.4,308.9,1550,33.7,174,0,0,0,0,0,0,9.5,304.15,52235.00000000001,0.13,1161.73
2149,L49328,1,299.4,308.9,1583,34.1,176,0,0,0,0,0,0,9.5,304.15,53980.3,0.23,917.11
2150,L49329,1,299.4,309.0,1613,32.2,178,0,0,0,0,0,0,9.600000000000023,304.2,51938.600000000006,0.1,894.09
2151,H31564,0,299.3,308.8,1636,35.5,180,0,0,0,0,0,0,9.5,304.05,58078.0,0.17,1250.52
2152,M17011,2,299.3,308.7,1289,51.5,185,0,0,0,0,0,0,9.399999999999977,304.0,66383.5,0.11,1078.99
2153,M17012,2,299.3,308.8,1648,28.4,188,0,0,0,0,0,0,9.5,304.05,46803.2,0.06,1082.41
2154,H31567,0,299.3,308.8,1397,45.4,191,0,0,0,0,0,0,9.5,304.05,63423.799999999996,0.18,1203.02
2155,M17014,2,299.3,308.9,1767,24.8,196,0,0,0,0,0,0,9.599999999999966,304.1,43821.6,0.23,1278.68
2156,L49335,1,299.3,308.8,1341,47.7,199,0,0,0,0,0,0,9.5,304.05,63965.700000000004,0.23,1498.16
2157,M17016,2,299.4,308.9,1457,41.5,201,0,0,0,0,0,0,9.5,304.15,60465.5,0.11,1128.73
2158,M17017,2,299.4,309.0,1939,19.8,204,0,0,0,0,0,0,9.600000000000023,304.2,38392.200000000004,0.16,1028.3
2159,M17018,2,299.5,309.0,1399,49.7,207,0,0,0,0,0,0,9.5,304.25,69530.3,0.23,1360.82
2160,M17019,2,299.5,309.0,1602,31.3,210,0,0,0,0,0,0,9.5,304.25,50142.6,0.02,985.02
2161,L49340,1,299.4,309.0,1507,41.0,213,0,0,0,0,0,0,9.600000000000023,304.2,61787.0,0.02,1068.51
2162,L49341,1,299.4,309.1,1464,40.5,215,0,0,0,0,0,0,9.700000000000045,304.25,59292.0,0.11,1240.53
2163,L49342,1,299.5,309.1,1336,42.1,217,0,0,0,0,0,0,9.600000000000023,304.3,56245.6,0.07,1031.8
2164,L49343,1,299.6,309.2,1422,39.8,219,0,0,0,0,0,0,9.599999999999966,304.4,56595.6,0.11,1128.46
2165,L49344,1,299.6,309.2,1540,36.7,221,0,0,0,0,0,0,9.599999999999966,304.4,56518.00000000001,0.03,1206.38
2166,L49345,1,299.5,309.1,1476,47.8,223,0,0,0,0,0,0,9.600000000000023,304.3,70552.8,0.18,1212.7
2167,M17026,2,299.6,309.2,1867,23.4,225,1,1,0,0,0,0,9.599999999999966,304.4,43687.799999999996,4.25,5521.01
2168,H31581,0,299.6,309.1,1588,41.3,0,0,0,0,0,0,0,9.5,304.35,65584.4,0.24,92.08
2169,M17028,2,299.5,309.1,1420,49.5,5,0,0,0,0,0,0,9.600000000000023,304.3,70290.0,0.2,76.57
2170,L49349,1,299.5,309.1,1415,49.2,8,0,0,0,0,0,0,9.600000000000023,304.3,69618.0,0.12,445.91
2171,M17030,2,299.4,309.1,1500,43.3,10,0,0,0,0,0,0,9.700000000000045,304.25,64949.99999999999,0.28,100.47
2172,L49351,1,299.5,309.1,1502,44.6,13,0,0,0,0,0,0,9.600000000000023,304.3,66989.2,0.22,280.99
2173,L49352,1,299.5,309.2,1816,23.0,15,0,0,0,0,0,0,9.699999999999989,304.35,41768.0,0.16,512.72
2174,M17033,2,299.5,309.2,1495,41.6,17,0,0,0,0,0,0,9.699999999999989,304.35,62192.0,0.06,140.71
2175,L49354,1,299.6,309.2,1572,33.4,20,0,0,0,0,0,0,9.599999999999966,304.4,52504.799999999996,0.19,492.02
2176,M17035,2,299.5,309.2,1590,35.9,22,0,0,0,0,0,0,9.699999999999989,304.35,57081.0,0.18,387.87
2177,M17036,2,299.6,309.3,1387,48.3,25,0,0,0,0,0,0,9.699999999999989,304.45000000000005,66992.09999999999,0.2,323.92
2178,M17037,2,299.6,309.2,1393,47.7,28,0,0,0,0,0,0,9.599999999999966,304.4,66446.1,0.23,350.4
2179,L49358,1,299.6,309.2,1602,37.3,31,0,0,0,0,0,0,9.599999999999966,304.4,59754.6,0.27,107.1
2180,L49359,1,299.6,309.2,1601,33.3,33,0,0,0,0,0,0,9.599999999999966,304.4,53313.299999999996,0.28,397.13
2181,H31594,0,299.6,309.2,1597,36.3,35,0,0,0,0,0,0,9.599999999999966,304.4,57971.1,0.19,399.83
2182,H31595,0,299.5,309.1,1548,44.3,40,0,0,0,0,0,0,9.600000000000023,304.3,68576.4,0.29,524.75
2183,M17042,2,299.5,309.2,1314,61.8,45,0,0,0,0,0,0,9.699999999999989,304.35,81205.2,0.27,864.88
2184,M17043,2,299.6,309.3,1577,39.8,48,0,0,0,0,0,0,9.699999999999989,304.45000000000005,62764.6,0.0,282.14
2185,L49364,1,299.8,309.4,1475,43.4,51,0,0,0,0,0,0,9.599999999999966,304.6,64015.0,0.19,539.52
2186,L49365,1,299.8,309.4,1630,32.4,53,0,0,0,0,0,0,9.599999999999966,304.6,52812.0,0.05,489.74
2187,L49366,1,299.7,309.4,1445,42.9,55,0,0,0,0,0,0,9.699999999999989,304.54999999999995,61990.5,0.09,446.08
2188,M17047,2,299.8,309.4,1439,47.4,57,0,0,0,0,0,0,9.599999999999966,304.6,68208.59999999999,0.09,362.09
2189,L49368,1,299.7,309.3,1420,44.1,60,0,0,0,0,0,0,9.600000000000023,304.5,62622.0,0.14,427.82
2190,H31603,0,299.7,309.2,1554,41.6,62,0,0,0,0,0,0,9.5,304.45,64646.4,0.0,257.4
2191,M17050,2,299.6,309.1,1471,44.3,67,0,0,0,0,0,0,9.5,304.35,65165.299999999996,0.07,471.63
2192,L49371,1,299.6,309.0,1648,33.6,70,0,0,0,0,0,0,9.399999999999977,304.3,55372.8,0.01,334.45
2193,L49372,1,299.6,309.0,1472,48.8,72,0,0,0,0,0,0,9.399999999999977,304.3,71833.59999999999,0.2,653.74
2194,M17053,2,299.5,308.9,1448,42.9,74,0,0,0,0,0,0,9.399999999999977,304.2,62119.2,0.27,488.64
2195,M17054,2,299.6,308.9,1568,35.3,77,0,0,0,0,0,0,9.299999999999955,304.25,55350.399999999994,0.3,707.03
2196,L49375,1,299.6,308.9,1613,30.8,80,0,0,0,0,0,0,9.299999999999955,304.25,49680.4,0.13,762.81
2197,M17056,2,299.7,308.9,1551,35.4,82,0,0,0,0,0,0,9.199999999999989,304.29999999999995,54905.399999999994,0.08,456.31
2198,L49377,1,299.7,309.0,1412,49.2,85,0,0,0,0,0,0,9.300000000000011,304.35,69470.40000000001,0.26,961.45
2199,M17058,2,299.7,308.9,1478,41.0,87,0,0,0,0,0,0,9.199999999999989,304.29999999999995,60598.0,0.03,489.55
2200,M17059,2,299.8,309.1,1268,58.0,90,0,0,0,0,0,0,9.300000000000011,304.45000000000005,73544.0,0.29,731.52
2201,L49380,1,299.8,309.1,1546,35.6,93,0,0,0,0,0,0,9.300000000000011,304.45000000000005,55037.600000000006,0.21,692.49
2202,L49381,1,299.8,309.0,1567,36.1,95,0,0,0,0,0,0,9.199999999999989,304.4,56568.700000000004,0.15,578.29
2203,M17062,2,299.9,309.2,1548,35.7,97,0,0,0,0,0,0,9.300000000000011,304.54999999999995,55263.600000000006,0.03,217.92
2204,L49383,1,299.8,309.0,1614,30.8,100,0,0,0,0,0,0,9.199999999999989,304.4,49711.200000000004,0.01,642.03
2205,M17064,2,299.7,309.1,1352,46.1,102,0,0,0,0,0,0,9.400000000000034,304.4,62327.200000000004,0.16,998.91
2206,L49385,1,299.9,309.2,1624,34.6,105,0,0,0,0,0,0,9.300000000000011,304.54999999999995,56190.4,0.12,717.06
2207,L49386,1,299.9,309.2,1436,52.0,107,0,0,0,0,0,0,9.300000000000011,304.54999999999995,74672.0,0.25,866.2
2208,L49387,1,299.8,309.2,1591,37.5,109,0,0,0,0,0,0,9.399999999999977,304.5,59662.5,0.19,707.61
2209,H31622,0,299.8,309.2,1435,42.6,111,0,0,0,0,0,0,9.399999999999977,304.5,61131.0,0.13,858.67
2210,L49389,1,299.8,309.3,1386,49.4,116,0,0,0,0,0,0,9.5,304.55,68468.4,0.07,644.11
2211,L49390,1,299.7,309.2,1401,54.1,118,0,0,0,0,0,0,9.5,304.45,75794.1,0.14,770.08
2212,M17071,2,299.6,309.0,1245,64.0,120,0,0,0,0,0,0,9.399999999999977,304.3,79680.0,0.05,415.22
2213,L49392,1,299.7,309.1,1475,40.0,123,0,0,0,0,0,0,9.400000000000034,304.4,59000.0,0.2,735.6
2214,L49393,1,299.7,309.1,1473,39.4,125,0,0,0,0,0,0,9.400000000000034,304.4,58036.2,0.18,860.1
2215,H31628,0,299.7,309.2,1355,44.8,127,0,0,0,0,0,0,9.5,304.45,60703.99999999999,0.24,1011.08
2216,H31629,0,299.7,309.2,1468,49.6,132,0,0,0,0,0,0,9.5,304.45,72812.8,0.13,930.24
2217,L49396,1,299.7,309.2,1645,30.8,137,0,0,0,0,0,0,9.5,304.45,50666.0,0.08,528.12
2218,L49397,1,299.7,309.1,1347,55.3,139,0,0,0,0,0,0,9.400000000000034,304.4,74489.09999999999,0.25,723.33
2219,L49398,1,299.7,309.1,1713,33.5,141,0,0,0,0,0,0,9.400000000000034,304.4,57385.5,0.21,1002.62
2220,M17079,2,299.6,309.1,1435,48.4,143,0,0,0,0,0,0,9.5,304.35,69454.0,0.21,812.98
2221,M17080,2,299.6,309.0,1736,26.1,146,0,0,0,0,0,0,9.399999999999977,304.3,45309.600000000006,0.16,1024.19
2222,L49401,1,299.6,309.0,1372,60.4,149,0,0,0,0,0,0,9.399999999999977,304.3,82868.8,0.26,760.47
2223,L49402,1,299.7,309.0,1605,33.0,151,0,0,0,0,0,0,9.300000000000011,304.35,52965.0,0.07,810.24
2224,L49403,1,299.6,309.0,1413,48.5,153,0,0,0,0,0,0,9.399999999999977,304.3,68530.5,0.12,879.86
2225,M17084,2,299.7,309.0,1645,31.9,155,0,0,0,0,0,0,9.300000000000011,304.35,52475.5,0.24,1087.07
2226,M17085,2,299.7,309.0,1465,49.0,158,0,0,0,0,0,0,9.300000000000011,304.35,71785.0,0.04,675.33
2227,M17086,2,299.6,308.9,1685,27.8,161,0,0,0,0,0,0,9.299999999999955,304.25,46843.0,0.24,749.99
2228,L49407,1,299.5,308.8,1965,20.4,164,0,0,0,0,0,0,9.300000000000011,304.15,40086.0,0.11,955.69
2229,H31642,0,299.4,308.6,1542,41.8,166,0,0,0,0,0,0,9.200000000000045,304.0,64455.6,0.04,948.96
2230,L49409,1,299.4,308.7,1681,30.8,171,0,0,0,0,0,0,9.300000000000011,304.04999999999995,51774.8,0.02,1026.12
2231,L49410,1,299.5,308.7,1446,45.7,173,0,0,0,0,0,0,9.199999999999989,304.1,66082.2,0.25,1061.22
2232,L49411,1,299.4,308.6,1415,56.4,175,0,0,0,0,0,0,9.200000000000045,304.0,79806.0,0.23,1221.35
2233,L49412,1,299.5,308.6,1672,30.5,177,0,0,0,0,0,0,9.100000000000023,304.05,50996.0,0.09,1047.87
2234,L49413,1,299.5,308.7,2549,13.0,179,1,0,0,1,0,0,9.199999999999989,304.1,33137.0,7.27,8363.36
2235,L49414,1,299.4,308.6,1492,40.5,181,0,0,0,0,0,0,9.200000000000045,304.0,60426.0,0.07,966.69
2236,M17095,2,299.4,308.6,1455,42.7,183,0,0,0,0,0,0,9.200000000000045,304.0,62128.50000000001,0.06,715.52
2237,M17096,2,299.3,308.5,1422,43.1,186,0,0,0,0,0,0,9.199999999999989,303.9,61288.200000000004,0.22,1139.85
2238,L49417,1,299.3,308.6,1403,50.6,189,0,0,0,0,0,0,9.300000000000011,303.95000000000005,70991.8,0.06,1018.27
2239,L49418,1,299.3,308.6,1474,49.6,191,0,0,0,0,0,0,9.300000000000011,303.95000000000005,73110.40000000001,0.06,1092.73
2240,L49419,1,299.2,308.6,1381,50.0,193,0,0,0,0,0,0,9.400000000000034,303.9,69050.0,0.01,745.1
2241,L49420,1,299.2,308.5,1457,44.7,195,0,0,0,0,0,0,9.300000000000011,303.85,65127.9,0.18,1108.19
2242,L49421,1,299.2,308.4,1711,28.9,197,0,0,0,0,0,0,9.199999999999989,303.79999999999995,49447.899999999994,0.21,1325.22
2243,L49422,1,299.2,308.4,1667,29.0,199,0,0,0,0,0,0,9.199999999999989,303.79999999999995,48343.0,0.2,1179.39
2244,L49423,1,299.2,308.4,1465,35.0,201,0,0,0,0,0,0,9.199999999999989,303.79999999999995,51275.0,0.17,1129.14
2245,M17104,2,299.3,308.4,1542,37.5,203,1,1,0,0,0,0,9.099999999999966,303.85,57825.0,2.39,3690.95
2246,M17105,2,299.3,308.4,1438,42.3,0,0,0,0,0,0,0,9.099999999999966,303.85,60827.399999999994,0.14,0.0
2247,L49426,1,299.3,308.4,1406,47.4,3,0,0,0,0,0,0,9.099999999999966,303.85,66644.4,0.26,459.97
2248,M17107,2,299.2,308.4,1396,48.5,5,0,0,0,0,0,0,9.199999999999989,303.79999999999995,67706.0,0.19,368.19
2249,M17108,2,299.3,308.5,1304,60.6,8,0,0,0,0,0,0,9.199999999999989,303.9,79022.40000000001,0.03,36.23
2250,L49429,1,299.2,308.5,1442,46.5,11,0,0,0,0,0,0,9.300000000000011,303.85,67053.0,0.24,290.07
2251,M17110,2,299.2,308.4,1396,48.7,13,0,0,0,0,0,0,9.199999999999989,303.79999999999995,67985.2,0.18,239.53
2252,H31665,0,299.1,308.3,1424,43.4,16,0,0,0,0,0,0,9.199999999999989,303.70000000000005,61801.6,0.2,307.29
2253,H31666,0,299.1,308.3,1451,42.8,21,0,0,0,0,0,0,9.199999999999989,303.70000000000005,62102.799999999996,0.05,65.82
2254,L49433,1,299.2,308.4,1386,54.1,26,0,0,0,0,0,0,9.199999999999989,303.79999999999995,74982.6,0.13,195.78
2255,L49434,1,299.1,308.3,1325,46.9,28,0,0,0,0,0,0,9.199999999999989,303.70000000000005,62142.5,0.26,346.72
2256,L49435,1,299.1,308.3,1559,33.7,30,0,0,0,0,0,0,9.199999999999989,303.70000000000005,52538.3,0.06,161.51
2257,L49436,1,299.1,308.3,1489,38.1,32,0,0,0,0,0,0,9.199999999999989,303.70000000000005,56730.9,0.0,113.39
2258,L49437,1,299.1,308.3,1892,25.2,34,0,0,0,0,0,0,9.199999999999989,303.70000000000005,47678.4,0.08,0.0
2259,L49438,1,299.1,308.2,1319,60.3,36,0,0,0,0,0,0,9.099999999999966,303.65,79535.7,0.15,344.65
2260,L49439,1,299.1,308.3,1431,52.3,38,0,0,0,0,0,0,9.199999999999989,303.70000000000005,74841.3,0.25,360.88
2261,H31674,0,299.1,308.3,1521,36.5,40,0,0,0,0,0,0,9.199999999999989,303.70000000000005,55516.5,0.19,109.98
2262,M17121,2,299.1,308.2,1435,45.2,45,0,0,0,0,0,0,9.099999999999966,303.65,64862.00000000001,0.28,452.49
2263,L49442,1,299.1,308.3,1533,42.4,48,0,0,0,0,0,0,9.199999999999989,303.70000000000005,64999.2,0.14,322.86
2264,M17123,2,299.2,308.4,1529,43.0,50,0,0,0,0,0,0,9.199999999999989,303.79999999999995,65747.0,0.12,561.29
2265,M17124,2,299.2,308.4,1415,43.5,53,0,0,0,0,0,0,9.199999999999989,303.79999999999995,61552.5,0.07,254.12
2266,M17125,2,299.2,308.4,1330,51.2,56,0,0,0,0,0,0,9.199999999999989,303.79999999999995,68096.0,0.07,450.17
2267,L49446,1,299.2,308.5,1381,60.6,59,0,0,0,0,0,0,9.300000000000011,303.85,83688.6,0.22,722.42
2268,L49447,1,299.2,308.5,1370,52.4,61,0,0,0,0,0,0,9.300000000000011,303.85,71788.0,0.02,230.79
2269,L49448,1,299.2,308.5,1438,46.6,63,0,0,0,0,0,0,9.300000000000011,303.85,67010.8,0.07,377.88
2270,L49449,1,299.3,308.6,1314,48.2,65,0,0,0,0,0,0,9.300000000000011,303.95000000000005,63334.8,0.27,854.3
2271,L49450,1,299.3,308.6,1437,48.1,67,0,0,0,0,0,0,9.300000000000011,303.95000000000005,69119.7,0.17,539.35
2272,L49451,1,299.2,308.5,1821,26.1,69,0,0,0,0,0,0,9.300000000000011,303.85,47528.100000000006,0.01,411.06
2273,M17132,2,299.3,308.6,1448,52.1,71,0,0,0,0,0,0,9.300000000000011,303.95000000000005,75440.8,0.21,503.91
2274,L49453,1,299.3,308.5,1589,32.7,74,0,0,0,0,0,0,9.199999999999989,303.9,51960.3,0.15,623.06
2275,L49454,1,299.3,308.6,1520,33.7,76,0,0,0,0,0,0,9.300000000000011,303.95000000000005,51224.00000000001,0.26,634.05
2276,L49455,1,299.3,308.6,1605,37.0,78,0,0,0,0,0,0,9.300000000000011,303.95000000000005,59385.0,0.2,315.18
2277,L49456,1,299.3,308.7,1393,54.2,80,0,0,0,0,0,0,9.399999999999977,304.0,75500.6,0.0,346.72
2278,H31691,0,299.3,308.7,1408,44.4,82,0,0,0,0,0,0,9.399999999999977,304.0,62515.2,0.06,292.52
2279,M17138,2,299.3,308.7,1459,35.6,87,0,0,0,0,0,0,9.399999999999977,304.0,51940.4,0.08,531.84
2280,L49459,1,299.4,308.7,1525,39.0,90,0,0,0,0,0,0,9.300000000000011,304.04999999999995,59475.0,0.21,522.47
2281,L49460,1,299.4,308.8,1390,57.0,92,0,0,0,0,0,0,9.400000000000034,304.1,79230.0,0.15,681.72
2282,L49461,1,299.3,308.7,1536,38.9,94,0,0,0,0,0,0,9.399999999999977,304.0,59750.399999999994,0.22,696.71
2283,L49462,1,299.4,308.7,1459,47.6,96,0,0,0,0,0,0,9.300000000000011,304.04999999999995,69448.40000000001,0.15,442.8
2284,L49463,1,299.2,308.5,1387,51.1,98,0,0,0,0,0,0,9.300000000000011,303.85,70875.7,0.1,516.12
2285,L49464,1,299.2,308.5,1378,53.4,100,0,0,0,0,0,0,9.300000000000011,303.85,73585.2,0.03,623.08
2286,L49465,1,299.4,308.7,1381,56.7,102,0,0,0,0,0,0,9.300000000000011,304.04999999999995,78302.7,0.06,742.2
2287,M17146,2,299.4,308.7,1289,60.5,104,0,0,0,0,0,0,9.300000000000011,304.04999999999995,77984.5,0.12,504.64
2288,L49467,1,299.4,308.6,1746,26.8,107,0,0,0,0,0,0,9.200000000000045,304.0,46792.8,0.17,540.38
2289,M17148,2,299.4,308.6,1541,39.1,109,0,0,0,0,0,0,9.200000000000045,304.0,60253.100000000006,0.28,1117.65
2290,L49469,1,299.4,308.7,1504,37.8,112,0,0,0,0,0,0,9.300000000000011,304.04999999999995,56851.2,0.07,628.53
2291,M17150,2,299.5,308.7,1321,51.9,114,0,0,0,0,0,0,9.199999999999989,304.1,68559.9,0.2,783.72
2292,M17151,2,299.5,308.8,1886,20.9,117,0,0,0,0,0,0,9.300000000000011,304.15,39417.399999999994,0.05,524.09
2293,L49472,1,299.6,308.9,1422,53.2,120,0,0,0,0,0,0,9.299999999999955,304.25,75650.40000000001,0.21,842.28
2294,L49473,1,299.5,308.9,1520,38.3,122,0,0,0,0,0,0,9.399999999999977,304.2,58215.99999999999,0.0,867.26
2295,L49474,1,299.4,308.8,1627,32.6,124,0,0,0,0,0,0,9.400000000000034,304.1,53040.200000000004,0.2,858.15
2296,L49475,1,299.4,308.7,1512,37.2,126,0,0,0,0,0,0,9.300000000000011,304.04999999999995,56246.4,0.05,839.74
2297,L49476,1,299.4,308.7,1553,42.7,128,0,0,0,0,0,0,9.300000000000011,304.04999999999995,66313.1,0.05,694.35
2298,L49477,1,299.3,308.7,1802,26.0,130,0,0,0,0,0,0,9.399999999999977,304.0,46852.0,0.17,666.13
2299,L49478,1,299.3,308.6,1482,37.6,132,0,0,0,0,0,0,9.300000000000011,303.95000000000005,55723.200000000004,0.11,667.51
2300,L49479,1,299.4,308.7,1446,62.9,134,1,0,0,1,0,0,9.300000000000011,304.04999999999995,90953.4,5.76,6262.33
2301,L49480,1,299.3,308.6,1371,50.5,136,0,0,0,0,0,0,9.300000000000011,303.95000000000005,69235.5,0.09,802.67
2302,M17161,2,299.2,308.6,1586,35.7,138,0,0,0,0,0,0,9.400000000000034,303.9,56620.200000000004,0.29,1163.58
2303,L49482,1,299.2,308.5,1515,39.8,141,0,0,0,0,0,0,9.300000000000011,303.85,60296.99999999999,0.09,819.15
2304,L49483,1,299.2,308.5,1374,53.6,143,0,0,0,0,0,0,9.300000000000011,303.85,73646.40000000001,0.16,828.83
2305,L49484,1,299.1,308.5,1455,39.8,145,0,0,0,0,0,0,9.399999999999977,303.8,57908.99999999999,0.26,866.55
2306,H31719,0,299.2,308.5,1342,47.5,147,0,0,0,0,0,0,9.300000000000011,303.85,63745.0,0.2,988.32
2307,L49486,1,299.1,308.6,1260,57.8,152,0,0,0,0,0,0,9.5,303.85,72828.0,0.1,674.28
2308,H31721,0,299.0,308.5,1623,33.5,154,0,0,0,0,0,0,9.5,303.75,54370.5,0.17,769.88
2309,L49488,1,299.1,308.5,1371,55.5,159,0,0,0,0,0,0,9.399999999999977,303.8,76090.5,0.02,950.02
2310,L49489,1,299.1,308.6,1611,31.4,161,0,0,0,0,0,0,9.5,303.85,50585.399999999994,0.16,923.34
2311,M17170,2,299.0,308.4,1535,47.5,163,0,0,0,0,0,0,9.399999999999977,303.7,72912.5,0.13,900.38
2312,M17171,2,299.1,308.6,1491,38.5,166,0,0,0,0,0,0,9.5,303.85,57403.5,0.23,1034.64
2313,M17172,2,299.1,308.6,1441,36.2,169,0,0,0,0,0,0,9.5,303.85,52164.200000000004,0.25,1203.88
2314,M17173,2,299.1,308.8,1725,26.6,172,0,0,0,0,0,0,9.699999999999989,303.95000000000005,45885.0,0.06,944.83
2315,L49494,1,299.2,308.9,1368,47.2,175,0,0,0,0,0,0,9.699999999999989,304.04999999999995,64569.600000000006,0.02,783.54
2316,L49495,1,299.2,308.9,1526,37.9,177,0,0,0,0,0,0,9.699999999999989,304.04999999999995,57835.4,0.12,898.94
2317,L49496,1,299.2,308.8,1542,39.2,179,0,0,0,0,0,0,9.600000000000023,304.0,60446.4,0.16,1025.73
2318,L49497,1,299.2,308.8,1605,31.1,181,0,0,0,0,0,0,9.600000000000023,304.0,49915.5,0.11,1060.33
2319,L49498,1,299.2,308.8,1405,51.4,183,0,0,0,0,0,0,9.600000000000023,304.0,72217.0,0.19,1099.67
2320,M17179,2,299.2,308.8,1700,33.5,185,0,0,0,0,0,0,9.600000000000023,304.0,56950.0,0.15,1056.33
2321,H31734,0,299.2,308.8,1440,39.1,188,0,0,0,0,0,0,9.600000000000023,304.0,56304.0,0.28,1226.94
2322,M17181,2,299.2,308.8,1314,52.5,193,0,0,0,0,0,0,9.600000000000023,304.0,68985.0,0.12,1079.57
2323,L49502,1,299.2,308.7,1514,41.9,196,0,0,0,0,0,0,9.5,303.95,63436.6,0.02,882.94
2324,M17183,2,299.2,308.7,1401,47.0,198,0,0,0,0,0,0,9.5,303.95,65847.0,0.09,1246.06
2325,L49504,1,299.3,308.8,1636,29.9,201,0,0,0,0,0,0,9.5,304.05,48916.399999999994,0.18,1112.65
2326,L49505,1,299.3,308.8,1603,33.9,203,0,0,0,0,0,0,9.5,304.05,54341.7,0.08,1114.38
2327,M17186,2,299.4,308.7,1487,52.6,205,0,0,0,0,0,0,9.300000000000011,304.04999999999995,78216.2,0.08,795.95
2328,M17187,2,299.3,308.7,1420,50.3,208,0,0,0,0,0,0,9.399999999999977,304.0,71426.0,0.1,1107.72
2329,L49508,1,299.3,308.7,1579,36.3,211,0,0,0,0,0,0,9.399999999999977,304.0,57317.7,0.22,1110.06
2330,L49509,1,299.3,308.7,1484,40.5,213,0,0,0,0,0,0,9.399999999999977,304.0,60102.0,0.28,1198.15
2331,M17190,2,299.3,308.7,1390,49.3,215,0,0,0,0,0,0,9.399999999999977,304.0,68527.0,0.11,1548.33
2332,L49511,1,299.3,308.6,1384,53.6,218,1,0,0,0,1,0,9.300000000000011,303.95000000000005,74182.40000000001,6.76,7887.43
2333,L49512,1,299.2,308.5,1378,50.4,220,1,0,0,0,1,0,9.300000000000011,303.85,69451.2,8.21,9493.9
2334,L49513,1,299.2,308.5,1445,45.2,222,0,0,0,0,0,0,9.300000000000011,303.85,65314.00000000001,0.11,1348.3
2335,L49514,1,299.2,308.4,1445,43.5,224,0,0,0,0,0,0,9.199999999999989,303.79999999999995,62857.5,0.3,1567.49
2336,L49515,1,299.2,308.4,1509,39.4,0,0,0,0,0,0,0,9.199999999999989,303.79999999999995,59454.6,0.14,110.14
2337,L49516,1,299.2,308.4,1434,46.8,2,0,0,0,0,0,0,9.199999999999989,303.79999999999995,67111.2,0.2,450.96
2338,L49517,1,299.2,308.4,1877,23.9,4,0,0,0,0,0,0,9.199999999999989,303.79999999999995,44860.299999999996,0.27,417.0
2339,L49518,1,299.3,308.3,1651,28.0,6,0,0,0,0,0,0,9.0,303.8,46228.0,0.19,226.2
2340,L49519,1,299.2,308.2,1466,41.3,8,0,0,0,0,0,0,9.0,303.7,60545.799999999996,0.07,149.49
2341,L49520,1,299.1,308.1,1479,40.7,10,0,0,0,0,0,0,9.0,303.6,60195.3,0.18,209.49
2342,L49521,1,299.1,308.2,1409,46.4,12,0,0,0,0,0,0,9.099999999999966,303.65,65377.6,0.12,187.84
2343,M17202,2,299.2,308.2,1674,28.2,14,0,0,0,0,0,0,9.0,303.7,47206.799999999996,0.13,193.46
2344,L49523,1,299.1,308.3,1305,61.4,17,0,0,0,0,0,0,9.199999999999989,303.70000000000005,80127.0,0.29,432.23
2345,M17204,2,299.2,308.3,1755,26.4,19,0,0,0,0,0,0,9.100000000000023,303.75,46332.0,0.08,436.0
2346,L49525,1,299.2,308.4,1475,38.7,22,0,0,0,0,0,0,9.199999999999989,303.79999999999995,57082.50000000001,0.14,69.22
2347,L49526,1,299.2,308.4,1402,47.7,24,0,0,0,0,0,0,9.199999999999989,303.79999999999995,66875.40000000001,0.05,341.35
2348,L49527,1,299.2,308.3,1410,43.0,26,0,0,0,0,0,0,9.100000000000023,303.75,60630.0,0.05,124.76
2349,L49528,1,299.2,308.4,1436,41.8,28,0,0,0,0,0,0,9.199999999999989,303.79999999999995,60024.799999999996,0.18,510.45
2350,M17209,2,299.3,308.5,1386,42.2,30,0,0,0,0,0,0,9.199999999999989,303.9,58489.200000000004,0.23,329.98
2351,L49530,1,299.3,308.6,1744,26.4,33,0,0,0,0,0,0,9.300000000000011,303.95000000000005,46041.6,0.19,416.91
2352,L49531,1,299.2,308.4,1393,48.4,35,0,0,0,0,0,0,9.199999999999989,303.79999999999995,67421.2,0.1,251.17
2353,M17212,2,299.3,308.5,1422,45.4,37,0,0,0,0,0,0,9.199999999999989,303.9,64558.799999999996,0.02,0.0
2354,L49533,1,299.2,308.4,1841,22.8,40,0,0,0,0,0,0,9.199999999999989,303.79999999999995,41974.8,0.14,600.85
2355,L49534,1,299.3,308.6,1433,37.7,42,0,0,0,0,0,0,9.300000000000011,303.95000000000005,54024.100000000006,0.15,218.59
2356,M17215,2,299.3,308.5,1305,60.6,44,0,0,0,0,0,0,9.199999999999989,303.9,79083.0,0.23,462.58
2357,H31770,0,299.3,308.6,1498,39.5,47,0,0,0,0,0,0,9.300000000000011,303.95000000000005,59171.0,0.19,267.14
2358,L49537,1,299.3,308.5,1772,26.1,52,0,0,0,0,0,0,9.199999999999989,303.9,46249.200000000004,0.26,319.45
2359,M17218,2,299.2,308.4,1381,42.5,54,0,0,0,0,0,0,9.199999999999989,303.79999999999995,58692.5,0.23,469.26
2360,L49539,1,299.3,308.5,1413,38.5,57,0,0,0,0,0,0,9.199999999999989,303.9,54400.5,0.11,305.97
2361,H31774,0,299.2,308.4,1388,53.2,59,0,0,0,0,0,0,9.199999999999989,303.79999999999995,73841.6,0.19,309.68
2362,M17221,2,299.2,308.6,1631,35.4,64,0,0,0,0,0,0,9.400000000000034,303.9,57737.399999999994,0.22,534.69
2363,H31776,0,299.3,308.6,1520,41.4,67,0,0,0,0,0,0,9.300000000000011,303.95000000000005,62928.0,0.29,402.71
2364,L49543,1,299.3,308.5,1510,45.4,72,0,0,0,0,0,0,9.199999999999989,303.9,68554.0,0.13,508.82
2365,L49544,1,299.2,308.5,1366,49.7,74,0,0,0,0,0,0,9.300000000000011,303.85,67890.2,0.19,540.9
2366,L49545,1,299.4,308.5,1845,22.9,76,0,0,0,0,0,0,9.100000000000023,303.95,42250.5,0.12,127.94
2367,L49546,1,299.3,308.5,1485,44.7,78,0,0,0,0,0,0,9.199999999999989,303.9,66379.5,0.22,531.53
2368,M17227,2,299.3,308.5,1496,39.4,80,0,0,0,0,0,0,9.199999999999989,303.9,58942.4,0.27,740.26
2369,M17228,2,299.3,308.4,1468,42.2,83,0,0,0,0,0,0,9.099999999999966,303.85,61949.600000000006,0.28,535.47
2370,M17229,2,299.2,308.4,1856,22.7,86,0,0,0,0,0,0,9.199999999999989,303.79999999999995,42131.2,0.05,556.77
2371,L49550,1,299.2,308.4,1620,34.1,89,0,0,0,0,0,0,9.199999999999989,303.79999999999995,55242.0,0.06,569.9
2372,L49551,1,299.3,308.5,1409,44.8,91,0,0,0,0,0,0,9.199999999999989,303.9,63123.2,0.23,532.34
2373,M17232,2,299.3,308.5,1404,49.4,93,0,0,0,0,0,0,9.199999999999989,303.9,69357.59999999999,0.19,653.16
2374,L49553,1,299.2,308.4,1350,51.3,96,0,0,0,0,0,0,9.199999999999989,303.79999999999995,69255.0,0.27,873.75
2375,M17234,2,299.2,308.4,1538,38.0,98,0,0,0,0,0,0,9.199999999999989,303.79999999999995,58444.0,0.09,448.54
2376,M17235,2,299.2,308.4,1476,32.7,101,0,0,0,0,0,0,9.199999999999989,303.79999999999995,48265.200000000004,0.25,724.13
2377,M17236,2,299.2,308.3,1364,51.8,104,0,0,0,0,0,0,9.100000000000023,303.75,70655.2,0.21,902.54
2378,M17237,2,299.2,308.3,1582,45.5,107,0,0,0,0,0,0,9.100000000000023,303.75,71981.0,0.06,466.36
2379,L49558,1,299.1,308.2,1348,56.1,110,0,0,0,0,0,0,9.099999999999966,303.65,75622.8,0.04,658.87
2380,H31793,0,299.1,308.2,1450,46.1,112,0,0,0,0,0,0,9.099999999999966,303.65,66845.0,0.21,608.12
2381,L49560,1,299.0,308.1,1242,60.9,117,0,0,0,0,0,0,9.100000000000023,303.55,75637.8,0.05,610.86
2382,L49561,1,299.1,308.2,1493,34.9,119,0,0,0,0,0,0,9.099999999999966,303.65,52105.7,0.24,902.01
2383,L49562,1,299.1,308.3,1601,31.4,121,0,0,0,0,0,0,9.199999999999989,303.70000000000005,50271.399999999994,0.17,414.32
2384,L49563,1,299.1,308.2,1568,33.3,123,0,0,0,0,0,0,9.099999999999966,303.65,52214.399999999994,0.14,674.85
2385,M17244,2,299.1,308.3,1506,38.0,125,0,0,0,0,0,0,9.199999999999989,303.70000000000005,57228.0,0.08,769.4
2386,L49565,1,299.1,308.3,1524,34.1,128,0,0,0,0,0,0,9.199999999999989,303.70000000000005,51968.4,0.3,973.88
2387,L49566,1,299.1,308.4,1543,37.9,130,0,0,0,0,0,0,9.299999999999955,303.75,58479.7,0.22,791.64
2388,M17247,2,299.2,308.5,1474,47.2,132,0,0,0,0,0,0,9.300000000000011,303.85,69572.8,0.23,724.31
2389,M17248,2,299.2,308.5,1526,37.3,135,0,0,0,0,0,0,9.300000000000011,303.85,56919.799999999996,0.23,999.27
2390,L49569,1,299.2,308.5,1867,27.0,138,0,0,0,0,0,0,9.300000000000011,303.85,50409.0,0.18,821.64
2391,L49570,1,299.2,308.5,1487,41.2,140,0,0,0,0,0,0,9.300000000000011,303.85,61264.4,0.28,1061.8
2392,L49571,1,299.2,308.4,1580,32.6,142,0,0,0,0,0,0,9.199999999999989,303.79999999999995,51508.0,0.18,947.03
2393,L49572,1,299.2,308.5,1340,50.0,144,0,0,0,0,0,0,9.300000000000011,303.85,67000.0,0.16,812.89
2394,L49573,1,299.2,308.5,1544,41.6,146,0,0,0,0,0,0,9.300000000000011,303.85,64230.4,0.08,970.88
2395,L49574,1,299.2,308.5,1488,40.3,148,0,0,0,0,0,0,9.300000000000011,303.85,59966.399999999994,0.08,730.86
2396,M17255,2,299.2,308.5,1742,28.9,150,0,0,0,0,0,0,9.300000000000011,303.85,50343.799999999996,0.22,1148.57
2397,M17256,2,299.1,308.5,1592,34.2,153,0,0,0,0,0,0,9.399999999999977,303.8,54446.4,0.1,1063.19
2398,L49577,1,299.2,308.6,1582,38.8,156,0,0,0,0,0,0,9.400000000000034,303.9,61381.6,0.22,1157.52
2399,L49578,1,299.2,308.5,1490,43.2,158,0,0,0,0,0,0,9.300000000000011,303.85,64368.00000000001,0.29,1052.92
2400,M17259,2,299.2,308.5,1594,35.8,160,0,0,0,0,0,0,9.300000000000011,303.85,57065.2,0.13,1312.06
2401,H31814,0,299.2,308.6,1462,55.0,163,0,0,0,0,0,0,9.400000000000034,303.9,80410.0,0.03,867.78
2402,M17261,2,299.2,308.6,1367,47.6,168,0,0,0,0,0,0,9.400000000000034,303.9,65069.200000000004,0.2,1076.16
2403,L49582,1,299.2,308.7,1325,51.0,171,0,0,0,0,0,0,9.5,303.95,67575.0,0.0,851.69
2404,H31817,0,299.2,308.7,1448,51.4,173,0,0,0,0,0,0,9.5,303.95,74427.2,0.24,935.54
2405,M17264,2,299.1,308.7,2008,20.3,178,0,0,0,0,0,0,9.599999999999966,303.9,40762.4,0.16,1244.26
2406,L49585,1,299.1,308.7,1498,38.9,181,0,0,0,0,0,0,9.599999999999966,303.9,58272.2,0.15,969.14
2407,L49586,1,299.1,308.6,1437,41.6,183,0,0,0,0,0,0,9.5,303.85,59779.200000000004,0.17,1222.94
2408,M17267,2,299.1,308.6,1499,45.1,185,0,0,0,0,0,0,9.5,303.85,67604.90000000001,0.15,1248.93
2409,L49588,1,299.0,308.4,1356,52.6,188,0,0,0,0,0,0,9.399999999999977,303.7,71325.6,0.1,1130.5
2410,L49589,1,299.1,308.5,1539,46.8,190,0,0,0,0,0,0,9.399999999999977,303.8,72025.2,0.08,926.2
2411,L49590,1,299.1,308.5,1689,32.1,192,0,0,0,0,0,0,9.399999999999977,303.8,54216.9,0.12,1028.84
2412,L49591,1,299.0,308.5,1559,38.1,194,0,0,0,0,0,0,9.5,303.75,59397.9,0.27,838.44
2413,L49592,1,299.1,308.6,1408,46.7,196,0,0,0,0,0,0,9.5,303.85,65753.6,0.04,1002.53
2414,L49593,1,299.0,308.5,1886,23.0,198,0,0,0,0,0,0,9.5,303.75,43378.0,0.1,1210.41
2415,L49594,1,299.1,308.5,1415,43.4,0,0,0,0,0,0,0,9.399999999999977,303.8,61411.0,0.06,24.37
2416,M17275,2,299.1,308.5,1587,35.6,2,0,0,0,0,0,0,9.399999999999977,303.8,56497.200000000004,0.13,51.49
2417,L49596,1,299.0,308.4,1571,38.6,5,0,0,0,0,0,0,9.399999999999977,303.7,60640.600000000006,0.04,20.34
2418,L49597,1,298.9,308.3,1576,36.6,7,0,0,0,0,0,0,9.400000000000034,303.6,57681.600000000006,0.23,447.3
2419,L49598,1,298.9,308.3,1660,34.4,9,0,0,0,0,0,0,9.400000000000034,303.6,57104.0,0.03,66.85
2420,M17279,2,298.9,308.2,1328,49.2,11,0,0,0,0,0,0,9.300000000000011,303.54999999999995,65337.600000000006,0.2,533.69
2421,H31834,0,298.8,308.2,1450,44.7,14,0,0,0,0,0,0,9.399999999999977,303.5,64815.00000000001,0.08,64.39
2422,L49601,1,298.9,308.2,2384,15.0,19,0,0,0,0,0,0,9.300000000000011,303.54999999999995,35760.0,0.14,267.58
2423,L49602,1,298.8,308.2,1443,53.4,21,0,0,0,0,0,0,9.399999999999977,303.5,77056.2,0.06,99.99
2424,M17283,2,298.9,308.2,2022,20.0,23,0,0,0,0,0,0,9.300000000000011,303.54999999999995,40440.0,0.22,646.17
2425,L49604,1,298.9,308.2,1828,23.8,26,0,0,0,0,0,0,9.300000000000011,303.54999999999995,43506.4,0.28,436.96
2426,L49605,1,298.8,308.1,1472,53.5,28,0,0,0,0,0,0,9.300000000000011,303.45000000000005,78752.0,0.07,529.21
2427,M17286,2,298.9,308.2,1372,63.6,30,1,0,0,1,0,0,9.300000000000011,303.54999999999995,87259.2,7.69,7776.98
2428,L49607,1,298.9,308.3,1855,23.8,33,0,0,0,0,0,0,9.400000000000034,303.6,44149.0,0.1,494.14
2429,M17288,2,299.0,308.3,1377,47.2,35,0,0,0,0,0,0,9.300000000000011,303.65,64994.4,0.17,362.7
2430,L49609,1,298.9,308.3,1432,48.9,38,0,0,0,0,0,0,9.400000000000034,303.6,70024.8,0.21,525.5
2431,M17290,2,298.9,308.2,1335,47.8,40,0,0,0,0,0,0,9.300000000000011,303.54999999999995,63812.99999999999,0.06,77.04
2432,M17291,2,298.9,308.2,1411,51.3,43,0,0,0,0,0,0,9.300000000000011,303.54999999999995,72384.3,0.13,397.26
2433,L49612,1,298.9,308.2,1510,43.5,46,0,0,0,0,0,0,9.300000000000011,303.54999999999995,65685.0,0.02,89.63
2434,L49613,1,299.0,308.3,1441,44.0,48,0,0,0,0,0,0,9.300000000000011,303.65,63404.0,0.21,488.56
2435,M17294,2,299.0,308.2,1358,42.7,50,0,0,0,0,0,0,9.199999999999989,303.6,57986.600000000006,0.12,142.24
2436,L49615,1,298.9,308.2,1686,30.4,53,0,0,0,0,0,0,9.300000000000011,303.54999999999995,51254.399999999994,0.27,520.89
2437,H31850,0,299.0,308.2,1662,30.4,55,0,0,0,0,0,0,9.199999999999989,303.6,50524.799999999996,0.08,519.34
2438,L49617,1,299.1,308.3,1426,40.1,60,0,0,0,0,0,0,9.199999999999989,303.70000000000005,57182.6,0.28,662.13
2439,M17298,2,299.1,308.4,1330,53.6,62,0,0,0,0,0,0,9.299999999999955,303.75,71288.0,0.04,164.91
2440,L49619,1,299.1,308.4,1693,31.6,65,0,0,0,0,0,0,9.299999999999955,303.75,53498.8,0.18,220.24
2441,L49620,1,299.1,308.4,1426,47.9,67,0,0,0,0,0,0,9.299999999999955,303.75,68305.4,0.09,499.54
2442,L49621,1,299.1,308.5,1676,31.0,69,0,0,0,0,0,0,9.399999999999977,303.8,51956.0,0.05,632.18
2443,M17302,2,299.1,308.4,1332,51.7,71,0,0,0,0,0,0,9.299999999999955,303.75,68864.40000000001,0.03,240.41
2444,L49623,1,299.1,308.5,1647,35.0,74,0,0,0,0,0,0,9.399999999999977,303.8,57645.0,0.2,884.61
2445,L49624,1,299.2,308.6,1267,68.2,76,1,0,0,1,0,0,9.400000000000034,303.9,86409.40000000001,6.66,7039.03
2446,H31859,0,299.2,308.7,1375,55.1,78,0,0,0,0,0,0,9.5,303.95,75762.5,0.17,266.2
2447,L49626,1,299.3,308.6,1422,48.9,83,0,0,0,0,0,0,9.300000000000011,303.95000000000005,69535.8,0.29,470.87
2448,L49627,1,299.3,308.7,1408,48.7,85,0,0,0,0,0,0,9.399999999999977,304.0,68569.6,0.09,630.49
2449,L49628,1,299.4,308.9,1440,42.5,87,0,0,0,0,0,0,9.5,304.15,61200.0,0.01,464.44
2450,L49629,1,299.3,308.8,1772,25.2,89,0,0,0,0,0,0,9.5,304.05,44654.4,0.04,707.33
2451,L49630,1,299.2,308.7,1492,37.8,91,0,0,0,0,0,0,9.5,303.95,56397.6,0.04,315.28
2452,L49631,1,299.2,308.7,1650,30.5,93,0,0,0,0,0,0,9.5,303.95,50325.0,0.14,622.77
2453,M17312,2,299.1,308.6,2329,14.6,95,0,0,0,0,0,0,9.5,303.85,34003.4,0.22,696.01
2454,L49633,1,299.0,308.6,1648,30.8,98,0,0,0,0,0,0,9.600000000000023,303.8,50758.4,0.09,558.55
2455,L49634,1,299.0,308.6,1653,31.7,100,0,0,0,0,0,0,9.600000000000023,303.8,52400.1,0.04,482.61
2456,L49635,1,299.0,308.6,1946,22.3,102,0,0,0,0,0,0,9.600000000000023,303.8,43395.8,0.19,645.6
2457,L49636,1,299.1,308.6,1555,36.6,104,0,0,0,0,0,0,9.5,303.85,56913.0,0.09,636.2
2458,L49637,1,299.0,308.6,1661,32.2,106,0,0,0,0,0,0,9.600000000000023,303.8,53484.200000000004,0.17,745.39
2459,L49638,1,299.0,308.6,1434,45.9,108,0,0,0,0,0,0,9.600000000000023,303.8,65820.59999999999,0.28,857.89
2460,L49639,1,299.0,308.6,1297,54.2,110,0,0,0,0,0,0,9.600000000000023,303.8,70297.40000000001,0.09,820.9
2461,L49640,1,299.0,308.6,1466,46.4,112,0,0,0,0,0,0,9.600000000000023,303.8,68022.4,0.15,529.81
2462,M17321,2,298.9,308.6,1517,39.8,114,0,0,0,0,0,0,9.700000000000045,303.75,60376.6,0.24,538.25
2463,L49642,1,298.9,308.5,1742,34.5,117,0,0,0,0,0,0,9.600000000000023,303.7,60099.0,0.21,947.54
2464,L49643,1,298.9,308.5,1580,39.1,119,0,0,0,0,0,0,9.600000000000023,303.7,61778.0,0.23,683.47
2465,M17324,2,298.9,308.5,1534,42.9,121,0,0,0,0,0,0,9.600000000000023,303.7,65808.59999999999,0.23,778.08
2466,L49645,1,298.9,308.6,1481,40.7,124,0,0,0,0,0,0,9.700000000000045,303.75,60276.700000000004,0.16,688.19
2467,L49646,1,299.0,308.6,1429,37.7,126,0,0,0,0,0,0,9.600000000000023,303.8,53873.3,0.16,694.97
2468,M17327,2,298.9,308.6,1574,33.5,128,0,0,0,0,0,0,9.700000000000045,303.75,52729.0,0.22,641.26
2469,M17328,2,298.9,308.6,1524,40.4,131,0,0,0,0,0,0,9.700000000000045,303.75,61569.6,0.21,779.57
2470,L49649,1,299.0,308.7,1507,37.5,134,0,0,0,0,0,0,9.699999999999989,303.85,56512.5,0.2,967.4
2471,L49650,1,298.9,308.5,1467,44.7,136,0,0,0,0,0,0,9.600000000000023,303.7,65574.90000000001,0.11,789.41
2472,L49651,1,298.9,308.4,1301,51.1,138,0,0,0,0,0,0,9.5,303.65,66481.1,0.25,1015.68
2473,L49652,1,298.9,308.5,1429,55.1,140,0,0,0,0,0,0,9.600000000000023,303.7,78737.90000000001,0.07,695.59
2474,M17333,2,298.9,308.5,1555,37.6,142,0,0,0,0,0,0,9.600000000000023,303.7,58468.0,0.05,895.43
2475,L49654,1,298.9,308.5,1503,40.6,145,0,0,0,0,0,0,9.600000000000023,303.7,61021.8,0.1,748.75
2476,L49655,1,298.9,308.5,1459,43.1,147,0,0,0,0,0,0,9.600000000000023,303.7,62882.9,0.08,498.72
2477,H31890,0,298.9,308.4,1449,42.4,149,0,0,0,0,0,0,9.5,303.65,61437.6,0.2,992.49
2478,L49657,1,298.9,308.5,1387,57.3,154,0,0,0,0,0,0,9.600000000000023,303.7,79475.09999999999,0.07,955.11
2479,M17338,2,298.9,308.5,1456,50.0,156,0,0,0,0,0,0,9.600000000000023,303.7,72800.0,0.2,896.11
2480,L49659,1,299.0,308.5,1604,34.7,159,0,0,0,0,0,0,9.5,303.75,55658.8,0.15,1124.88
2481,L49660,1,299.0,308.6,1734,32.4,161,0,0,0,0,0,0,9.600000000000023,303.8,56181.6,0.05,727.4
2482,L49661,1,299.0,308.6,1378,47.8,163,0,0,0,0,0,0,9.600000000000023,303.8,65868.4,0.08,995.61
2483,L49662,1,298.9,308.7,1504,41.8,165,0,0,0,0,0,0,9.800000000000011,303.79999999999995,62867.2,0.16,1246.72
2484,M17343,2,298.9,308.7,1402,49.8,167,0,0,0,0,0,0,9.800000000000011,303.79999999999995,69819.59999999999,0.22,1060.51
2485,H31898,0,298.8,308.6,1524,37.7,170,0,0,0,0,0,0,9.800000000000011,303.70000000000005,57454.8,0.12,936.03
2486,L49665,1,298.8,308.6,1593,35.5,175,0,0,0,0,0,0,9.800000000000011,303.70000000000005,56551.5,0.07,929.15
2487,M17346,2,298.9,308.7,1772,28.4,177,0,0,0,0,0,0,9.800000000000011,303.79999999999995,50324.799999999996,0.09,1219.24
2488,H31901,0,298.9,308.6,1623,31.0,180,0,0,0,0,0,0,9.700000000000045,303.75,50313.0,0.03,990.42
2489,L49668,1,298.9,308.7,1356,50.7,185,0,0,0,0,0,0,9.800000000000011,303.79999999999995,68749.2,0.01,1256.63
2490,H31903,0,298.9,308.7,1500,41.6,187,0,0,0,0,0,0,9.800000000000011,303.79999999999995,62400.0,0.29,1266.89
2491,H31904,0,299.1,308.8,1566,46.6,192,0,0,0,0,0,0,9.699999999999989,303.95000000000005,72975.6,0.03,891.93
2492,L49671,1,299.1,308.9,1445,43.4,197,0,0,0,0,0,0,9.799999999999955,304.0,62713.0,0.04,937.47
2493,H31906,0,299.0,308.8,1382,58.5,199,0,0,0,0,0,0,9.800000000000011,303.9,80847.0,0.26,1264.24
2494,M17353,2,299.0,308.8,1418,45.7,204,0,0,0,0,0,0,9.800000000000011,303.9,64802.600000000006,0.2,913.8
2495,L49674,1,299.1,308.8,1329,53.6,207,1,0,0,0,1,0,9.699999999999989,303.95000000000005,71234.40000000001,8.87,9833.75
2496,M17355,2,299.1,308.8,1491,41.0,209,0,0,0,0,0,0,9.699999999999989,303.95000000000005,61131.0,0.19,1167.08
2497,M17356,2,299.2,308.9,1573,37.4,212,0,0,0,0,0,0,9.699999999999989,304.04999999999995,58830.2,0.28,1375.97
2498,M17357,2,299.2,308.9,1521,42.3,215,0,0,0,0,0,0,9.699999999999989,304.04999999999995,64338.299999999996,0.03,1396.27
2499,L49678,1,299.1,308.9,1467,47.2,218,0,0,0,0,0,0,9.799999999999955,304.0,69242.40000000001,0.07,1168.22
2500,M17359,2,299.1,308.9,1325,48.4,220,0,0,0,0,0,0,9.799999999999955,304.0,64130.0,0.26,1071.6
2501,L49680,1,299.1,308.9,1617,32.3,223,0,0,0,0,0,0,9.799999999999955,304.0,52229.1,0.23,1207.91
2502,M17361,2,299.1,308.9,1476,42.7,225,0,0,0,0,0,0,9.799999999999955,304.0,63025.200000000004,0.3,1464.34
2503,L49682,1,299.2,309.0,1515,48.9,228,1,0,0,0,1,0,9.800000000000011,304.1,74083.5,8.81,9963.95
2504,L49683,1,299.2,309.0,1408,47.2,0,0,0,0,0,0,0,9.800000000000011,304.1,66457.6,0.28,523.67
2505,L49684,1,299.2,309.1,1468,45.6,2,0,0,0,0,0,0,9.900000000000034,304.15,66940.8,0.1,254.01
2506,L49685,1,299.2,309.1,1387,48.7,4,0,0,0,0,0,0,9.900000000000034,304.15,67546.90000000001,0.21,369.52
2507,M17366,2,299.2,309.1,1503,34.7,6,0,0,0,0,0,0,9.900000000000034,304.15,52154.100000000006,0.26,257.43
2508,H31921,0,299.2,309.1,1410,47.1,9,0,0,0,0,0,0,9.900000000000034,304.15,66411.0,0.05,259.87
2509,L49688,1,299.0,308.9,1615,30.6,14,0,0,0,0,0,0,9.899999999999977,303.95,49419.0,0.06,0.0
2510,L49689,1,299.0,308.9,1511,35.9,16,0,0,0,0,0,0,9.899999999999977,303.95,54244.9,0.17,395.24
2511,L49690,1,299.1,309.0,1405,53.8,18,0,0,0,0,0,0,9.899999999999977,304.05,75589.0,0.25,297.64
2512,M17371,2,299.0,308.9,1526,41.1,20,0,0,0,0,0,0,9.899999999999977,303.95,62718.6,0.02,0.0
2513,L49692,1,298.9,308.8,1530,38.3,23,0,0,0,0,0,0,9.900000000000034,303.85,58598.99999999999,0.26,463.99
2514,L49693,1,299.0,308.7,1583,32.5,25,0,0,0,0,0,0,9.699999999999989,303.85,51447.5,0.1,434.63
2515,L49694,1,298.9,308.6,2069,18.7,27,0,0,0,0,0,0,9.700000000000045,303.75,38690.299999999996,0.12,194.01
2516,L49695,1,298.8,308.5,1490,35.0,29,0,0,0,0,0,0,9.699999999999989,303.65,52150.0,0.1,479.41
2517,L49696,1,298.8,308.5,1736,29.0,31,0,0,0,0,0,0,9.699999999999989,303.65,50344.0,0.27,176.61
2518,L49697,1,298.8,308.5,1395,44.4,33,0,0,0,0,0,0,9.699999999999989,303.65,61938.0,0.04,25.48
2519,M17378,2,298.9,308.6,1425,49.6,35,0,0,0,0,0,0,9.700000000000045,303.75,70680.0,0.17,322.99
2520,L49699,1,298.8,308.6,1631,32.4,38,0,0,0,0,0,0,9.800000000000011,303.70000000000005,52844.399999999994,0.04,174.39
2521,L49700,1,298.8,308.6,1535,41.2,40,0,0,0,0,0,0,9.800000000000011,303.70000000000005,63242.00000000001,0.28,379.93
2522,L49701,1,298.8,308.6,1584,34.4,42,0,0,0,0,0,0,9.800000000000011,303.70000000000005,54489.6,0.24,470.05
2523,M17382,2,298.8,308.7,1543,38.2,44,0,0,0,0,0,0,9.899999999999977,303.75,58942.600000000006,0.07,210.71
2524,L49703,1,298.8,308.7,1635,35.2,47,0,0,0,0,0,0,9.899999999999977,303.75,57552.00000000001,0.09,271.15
2525,M17384,2,298.8,308.7,1446,45.5,49,0,0,0,0,0,0,9.899999999999977,303.75,65793.0,0.11,396.76
2526,M17385,2,298.8,308.6,1598,35.1,52,0,0,0,0,0,0,9.800000000000011,303.70000000000005,56089.8,0.12,279.87
2527,L49706,1,298.8,308.6,1501,35.0,55,0,0,0,0,0,0,9.800000000000011,303.70000000000005,52535.0,0.25,509.1
2528,L49707,1,298.8,308.5,1450,50.8,57,0,0,0,0,0,0,9.699999999999989,303.65,73660.0,0.17,358.17
2529,L49708,1,298.8,308.6,1730,25.9,59,0,0,0,0,0,0,9.800000000000011,303.70000000000005,44807.0,0.13,244.16
2530,M17389,2,298.8,308.6,1571,33.7,61,0,0,0,0,0,0,9.800000000000011,303.70000000000005,52942.700000000004,0.22,639.56
2531,L49710,1,298.9,308.7,1438,51.7,64,0,0,0,0,0,0,9.800000000000011,303.79999999999995,74344.6,0.14,716.17
2532,M17391,2,298.8,308.5,1510,38.7,66,0,0,0,0,0,0,9.699999999999989,303.65,58437.00000000001,0.04,529.69
2533,L49712,1,298.9,308.7,1389,44.9,69,0,0,0,0,0,0,9.800000000000011,303.79999999999995,62366.1,0.03,424.76
2534,L49713,1,298.8,308.7,1490,33.6,71,0,0,0,0,0,0,9.899999999999977,303.75,50064.0,0.1,358.77
2535,L49714,1,298.9,308.7,1729,26.6,73,0,0,0,0,0,0,9.800000000000011,303.79999999999995,45991.4,0.18,501.96
2536,L49715,1,299.0,308.8,1495,38.4,75,0,0,0,0,0,0,9.800000000000011,303.9,57408.0,0.04,573.55
2537,L49716,1,298.9,308.8,1281,53.9,77,0,0,0,0,0,0,9.900000000000034,303.85,69045.9,0.17,212.78
2538,H31951,0,298.9,308.7,1353,48.1,79,0,0,0,0,0,0,9.800000000000011,303.79999999999995,65079.3,0.08,420.51
2539,L49718,1,299.1,308.8,1429,50.1,84,0,0,0,0,0,0,9.699999999999989,303.95000000000005,71592.90000000001,0.21,740.12
2540,L49719,1,299.1,308.8,1413,42.1,86,0,0,0,0,0,0,9.699999999999989,303.95000000000005,59487.3,0.01,269.26
2541,L49720,1,299.1,308.8,1502,38.3,88,0,0,0,0,0,0,9.699999999999989,303.95000000000005,57526.6,0.14,643.51
2542,H31955,0,299.1,308.8,1553,32.6,90,0,0,0,0,0,0,9.699999999999989,303.95000000000005,50627.8,0.02,526.55
2543,H31956,0,299.2,308.9,1712,26.4,95,0,0,0,0,0,0,9.699999999999989,304.04999999999995,45196.799999999996,0.1,356.85
2544,L49723,1,299.3,309.0,1786,23.5,100,0,0,0,0,0,0,9.699999999999989,304.15,41971.0,0.0,513.05
2545,L49724,1,299.2,309.0,1951,21.4,102,0,0,0,0,0,0,9.800000000000011,304.1,41751.399999999994,0.14,557.38
2546,M17405,2,299.2,309.0,1541,36.3,104,0,0,0,0,0,0,9.800000000000011,304.1,55938.299999999996,0.23,812.41
2547,L49726,1,299.2,309.1,1605,34.3,107,0,0,0,0,0,0,9.900000000000034,304.15,55051.49999999999,0.03,665.47
2548,L49727,1,299.2,309.1,1578,38.1,109,0,0,0,0,0,0,9.900000000000034,304.15,60121.8,0.22,824.84
2549,M17408,2,299.3,309.2,1440,37.5,111,0,0,0,0,0,0,9.899999999999977,304.25,54000.0,0.18,745.89
2550,L49729,1,299.4,309.2,1489,42.3,114,0,0,0,0,0,0,9.800000000000011,304.29999999999995,62984.7,0.15,763.33
2551,L49730,1,299.4,309.3,1366,48.4,116,0,0,0,0,0,0,9.900000000000034,304.35,66114.4,0.18,583.59
2552,L49731,1,299.3,309.2,1541,37.2,118,0,0,0,0,0,0,9.899999999999977,304.25,57325.200000000004,0.1,685.39
2553,H31966,0,299.3,309.1,1552,40.7,120,0,0,0,0,0,0,9.800000000000011,304.20000000000005,63166.4,0.21,690.53
2554,L49733,1,299.3,309.1,1473,40.3,125,0,0,0,0,0,0,9.800000000000011,304.20000000000005,59361.899999999994,0.23,1009.73
2555,L49734,1,299.3,309.1,1531,37.9,127,0,0,0,0,0,0,9.800000000000011,304.20000000000005,58024.9,0.23,967.49
2556,L49735,1,299.3,309.2,1511,37.2,129,0,0,0,0,0,0,9.899999999999977,304.25,56209.200000000004,0.08,827.06
2557,M17416,2,299.3,309.1,1449,47.9,131,0,0,0,0,0,0,9.800000000000011,304.20000000000005,69407.09999999999,0.2,1112.02
2558,M17417,2,299.4,309.1,1440,50.0,134,0,0,0,0,0,0,9.700000000000045,304.25,72000.0,0.04,660.5
2559,M17418,2,299.2,309.0,1881,23.9,137,0,0,0,0,0,0,9.800000000000011,304.1,44955.899999999994,0.15,752.65
2560,L49739,1,299.3,309.0,1447,50.4,140,0,0,0,0,0,1,9.699999999999989,304.15,72928.8,4.19,4836.96
2561,M17420,2,299.4,309.1,1326,62.0,142,0,0,0,0,0,0,9.700000000000045,304.25,82212.0,0.06,529.66
2562,L49741,1,299.4,309.2,1607,31.7,145,0,0,0,0,0,0,9.800000000000011,304.29999999999995,50941.9,0.19,686.46
2563,L49742,1,299.3,309.1,1551,39.1,147,0,0,0,0,0,0,9.800000000000011,304.20000000000005,60644.100000000006,0.26,1088.17
2564,L49743,1,299.3,309.1,1496,37.2,149,0,0,0,0,0,0,9.800000000000011,304.20000000000005,55651.200000000004,0.01,545.73
2565,L49744,1,299.3,309.1,1493,38.0,151,0,0,0,0,0,0,9.800000000000011,304.20000000000005,56734.0,0.17,763.76
2566,L49745,1,299.4,309.1,1304,50.5,153,0,0,0,0,0,0,9.700000000000045,304.25,65852.0,0.19,939.74
2567,M17426,2,299.3,309.0,1420,41.6,155,0,0,0,0,0,0,9.699999999999989,304.15,59072.0,0.28,993.17
2568,L49747,1,299.4,309.1,1766,24.6,158,0,0,0,0,0,0,9.700000000000045,304.25,43443.600000000006,0.2,1122.85
2569,L49748,1,299.6,309.2,1450,43.1,160,0,0,0,0,0,0,9.599999999999966,304.4,62495.0,0.03,839.07
2570,H31983,0,299.5,309.2,1872,22.6,162,0,0,0,0,0,0,9.699999999999989,304.35,42307.200000000004,0.04,730.23
2571,L49750,1,299.6,309.2,1713,26.5,167,0,0,0,0,0,0,9.599999999999966,304.4,45394.5,0.19,1170.74
2572,M17431,2,299.5,309.2,1497,40.9,169,0,0,0,0,0,0,9.699999999999989,304.35,61227.299999999996,0.06,1014.32
2573,M17432,2,299.4,309.1,1352,44.7,172,0,0,0,0,0,0,9.700000000000045,304.25,60434.4,0.28,928.35
2574,L49753,1,299.5,309.2,1499,41.5,175,0,0,0,0,0,0,9.699999999999989,304.35,62208.5,0.28,1192.84
2575,L49754,1,299.5,309.3,1972,19.3,177,0,0,0,0,0,0,9.800000000000011,304.4,38059.6,0.28,1057.74
2576,L49755,1,299.5,309.3,1422,49.2,179,0,0,0,0,0,0,9.800000000000011,304.4,69962.40000000001,0.09,873.78
2577,L49756,1,299.5,309.3,1523,41.5,181,0,0,0,0,0,0,9.800000000000011,304.4,63204.5,0.22,1405.43
2578,L49757,1,299.5,309.4,1563,41.5,183,0,0,0,0,0,0,9.899999999999977,304.45,64864.5,0.2,1133.64
2579,L49758,1,299.4,309.3,1391,46.6,185,0,0,0,0,0,0,9.900000000000034,304.35,64820.6,0.01,902.37
2580,L49759,1,299.3,309.1,1795,24.7,187,0,0,0,0,0,0,9.800000000000011,304.20000000000005,44336.5,0.08,1027.74
2581,L49760,1,299.3,309.1,1293,53.7,189,0,0,0,0,0,0,9.800000000000011,304.20000000000005,69434.1,0.06,1136.14
2582,L49761,1,299.2,309.1,1345,60.7,191,1,0,0,0,1,0,9.900000000000034,304.15,81641.5,8.77,9619.76
2583,L49762,1,299.2,309.0,1615,33.7,193,0,0,0,0,0,0,9.800000000000011,304.1,54425.50000000001,0.29,1175.37
2584,L49763,1,299.2,308.9,1342,50.8,195,0,0,0,0,0,0,9.699999999999989,304.04999999999995,68173.59999999999,0.25,1323.5
2585,L49764,1,299.1,308.8,1502,46.7,197,0,0,0,0,0,0,9.699999999999989,303.95000000000005,70143.40000000001,0.09,847.54
2586,M17445,2,299.0,308.7,1620,35.4,199,0,0,0,0,0,0,9.699999999999989,303.85,57348.0,0.16,1303.62
2587,L49766,1,299.0,308.7,1537,42.8,202,0,0,0,0,0,0,9.699999999999989,303.85,65783.59999999999,0.06,829.22
2588,L49767,1,299.0,308.7,2248,16.8,204,0,0,0,0,0,0,9.699999999999989,303.85,37766.4,0.08,1063.13
2589,L49768,1,299.0,308.7,1706,28.6,206,0,0,0,0,0,0,9.699999999999989,303.85,48791.600000000006,0.02,810.18
2590,L49769,1,299.0,308.7,2250,16.6,208,0,0,0,0,0,0,9.699999999999989,303.85,37350.0,0.19,1071.56
2591,L49770,1,299.0,308.7,1396,48.6,0,0,0,0,0,0,0,9.699999999999989,303.85,67845.6,0.2,394.65
2592,L49771,1,298.9,308.6,1522,46.4,2,0,0,0,0,0,0,9.700000000000045,303.75,70620.8,0.25,416.67
2593,L49772,1,298.9,308.6,1539,45.4,4,0,0,0,0,0,0,9.700000000000045,303.75,69870.59999999999,0.26,452.7
2594,H32007,0,298.9,308.5,1415,54.0,6,0,0,0,0,0,0,9.600000000000023,303.7,76410.0,0.05,0.0
2595,L49774,1,298.8,308.5,1446,37.0,11,0,0,0,0,0,0,9.699999999999989,303.65,53502.0,0.22,117.34
2596,M17455,2,298.8,308.6,1486,41.1,13,0,0,0,0,0,0,9.800000000000011,303.70000000000005,61074.6,0.04,155.98
2597,L49776,1,299.0,308.7,1426,38.6,16,0,0,0,0,0,0,9.699999999999989,303.85,55043.6,0.11,297.3
2598,L49777,1,299.0,308.7,1449,38.9,18,0,0,0,0,0,0,9.699999999999989,303.85,56366.1,0.15,120.07
2599,L49778,1,299.1,308.8,1320,67.5,20,1,0,0,1,0,0,9.699999999999989,303.95000000000005,89100.0,4.47,4483.16
2600,M17459,2,299.2,308.9,1447,39.6,22,0,0,0,0,0,0,9.699999999999989,304.04999999999995,57301.200000000004,0.05,0.0
2601,L49780,1,299.3,309.0,1422,47.3,25,0,0,0,0,0,0,9.699999999999989,304.15,67260.59999999999,0.08,453.74
2602,L49781,1,299.3,309.1,1399,52.1,27,0,0,0,0,0,0,9.800000000000011,304.20000000000005,72887.90000000001,0.04,103.76
2603,L49782,1,299.4,309.2,1427,41.5,29,0,0,0,0,0,0,9.800000000000011,304.29999999999995,59220.5,0.28,429.69
2604,M17463,2,299.3,309.2,1334,46.3,31,0,0,0,0,0,0,9.899999999999977,304.25,61764.2,0.09,257.55
2605,M17464,2,299.3,309.1,1385,45.6,34,0,0,0,0,0,0,9.800000000000011,304.20000000000005,63156.0,0.15,485.84
2606,L49785,1,299.4,309.2,1552,37.4,37,0,0,0,0,0,0,9.800000000000011,304.29999999999995,58044.799999999996,0.3,342.13
2607,H32020,0,299.4,309.3,1534,37.5,39,0,0,0,0,0,0,9.900000000000034,304.35,57525.0,0.17,540.24
2608,L49787,1,299.4,309.3,1448,48.6,44,0,0,0,0,0,0,9.900000000000034,304.35,70372.8,0.12,148.19
2609,L49788,1,299.5,309.3,1409,44.7,46,0,0,0,0,0,0,9.800000000000011,304.4,62982.3,0.28,684.86
2610,L49789,1,299.4,309.2,1621,34.5,48,0,0,0,0,0,0,9.800000000000011,304.29999999999995,55924.5,0.07,52.71
2611,H32024,0,299.4,309.1,1547,40.9,50,0,0,0,0,0,0,9.700000000000045,304.25,63272.299999999996,0.05,284.32
2612,L49791,1,299.4,309.1,1957,22.1,55,0,0,0,0,0,0,9.700000000000045,304.25,43249.700000000004,0.16,678.82
2613,L49792,1,299.4,309.1,2421,14.2,57,0,0,0,0,0,0,9.700000000000045,304.25,34378.2,0.13,519.59
2614,M17473,2,299.3,309.1,1571,38.3,59,0,0,0,0,0,0,9.800000000000011,304.20000000000005,60169.299999999996,0.24,598.19
2615,L49794,1,299.3,309.1,1634,36.8,62,0,0,0,0,0,0,9.800000000000011,304.20000000000005,60131.2,0.01,162.74
2616,L49795,1,299.3,309.0,1516,38.7,64,0,0,0,0,0,0,9.699999999999989,304.15,58669.200000000004,0.19,399.78
2617,L49796,1,299.4,309.1,1207,66.5,66,0,0,0,0,0,0,9.700000000000045,304.25,80265.5,0.21,741.66
2618,L49797,1,299.4,309.1,1670,35.9,68,0,0,0,0,0,0,9.700000000000045,304.25,59953.0,0.29,700.85
2619,M17478,2,299.4,309.1,1461,48.6,70,0,0,0,0,0,0,9.700000000000045,304.25,71004.6,0.04,523.54
2620,L49799,1,299.4,309.2,1569,40.8,73,0,0,0,0,0,0,9.800000000000011,304.29999999999995,64015.2,0.07,446.07
2621,L49800,1,299.4,309.2,1556,35.7,75,0,0,0,0,0,0,9.800000000000011,304.29999999999995,55549.200000000004,0.28,612.74
2622,M17481,2,299.5,309.3,1506,41.5,77,0,0,0,0,0,0,9.800000000000011,304.4,62499.0,0.19,690.0
2623,M17482,2,299.6,309.4,1642,30.3,80,0,0,0,0,0,0,9.799999999999955,304.5,49752.6,0.01,448.9
2624,M17483,2,299.6,309.4,1283,62.1,83,0,0,0,0,0,0,9.799999999999955,304.5,79674.3,0.02,409.51
2625,H32038,0,299.7,309.5,1375,46.8,86,0,0,0,0,0,0,9.800000000000011,304.6,64349.99999999999,0.24,457.9
2626,L49805,1,299.7,309.4,1399,39.9,91,0,0,0,0,0,0,9.699999999999989,304.54999999999995,55820.1,0.17,768.09
2627,L49806,1,299.7,309.4,1650,29.8,93,0,0,0,0,0,0,9.699999999999989,304.54999999999995,49170.0,0.17,701.0
2628,M17487,2,299.8,309.6,1346,53.2,95,0,0,0,0,0,0,9.800000000000011,304.70000000000005,71607.2,0.26,644.06
2629,H32042,0,299.9,309.6,1410,51.2,98,0,0,0,0,0,0,9.700000000000045,304.75,72192.0,0.07,736.89
2630,L49809,1,300.0,309.7,1586,37.8,103,0,0,0,0,0,0,9.699999999999989,304.85,59950.799999999996,0.05,601.57
2631,L49810,1,300.0,309.8,1372,39.6,105,0,0,0,0,0,0,9.800000000000011,304.9,54331.200000000004,0.18,744.51
2632,H32045,0,300.0,309.7,1529,42.4,107,0,0,0,0,0,0,9.699999999999989,304.85,64829.6,0.26,927.58
2633,M17492,2,300.0,309.7,1652,28.6,112,0,0,0,0,0,0,9.699999999999989,304.85,47247.200000000004,0.08,740.31
2634,L49813,1,300.1,309.8,1532,39.8,115,0,0,0,0,0,0,9.699999999999989,304.95000000000005,60973.6,0.2,819.05
2635,L49814,1,300.0,309.7,1554,32.0,117,0,0,0,0,0,0,9.699999999999989,304.85,49728.0,0.05,606.71
2636,H32049,0,299.9,309.6,1462,51.0,119,0,0,0,0,0,0,9.700000000000045,304.75,74562.0,0.05,942.55
2637,L49816,1,299.9,309.6,1254,61.3,124,0,0,0,0,0,0,9.700000000000045,304.75,76870.2,0.27,779.93
2638,L49817,1,299.9,309.6,1294,49.7,126,0,0,0,0,0,0,9.700000000000045,304.75,64311.8,0.04,781.9
2639,L49818,1,299.8,309.5,1739,27.5,128,0,0,0,0,0,0,9.699999999999989,304.65,47822.5,0.01,637.42
2640,M17499,2,299.8,309.4,1412,47.8,130,0,0,0,0,0,0,9.599999999999966,304.6,67493.59999999999,0.23,948.21
2641,M17500,2,299.9,309.5,1372,56.2,133,0,0,0,0,0,0,9.600000000000023,304.7,77106.40000000001,0.11,960.01
2642,H32055,0,299.8,309.5,1420,46.7,136,0,0,0,0,0,0,9.699999999999989,304.65,66314.0,0.12,753.26
2643,L49822,1,299.8,309.5,1542,40.3,141,0,0,0,0,0,0,9.699999999999989,304.65,62142.6,0.24,1035.28
2644,M17503,2,299.8,309.4,1401,48.1,143,0,0,0,0,0,0,9.599999999999966,304.6,67388.1,0.05,804.83
2645,L49824,1,299.8,309.4,1510,42.5,146,0,0,0,0,0,0,9.599999999999966,304.6,64175.0,0.2,833.8
2646,H32059,0,299.9,309.5,1547,38.5,148,0,0,0,0,0,0,9.600000000000023,304.7,59559.5,0.09,1018.71
2647,M17506,2,299.8,309.5,1453,43.2,153,0,0,0,0,0,0,9.699999999999989,304.65,62769.600000000006,0.03,901.68
2648,L49827,1,299.8,309.4,1408,45.6,156,0,0,0,0,0,0,9.599999999999966,304.6,64204.8,0.21,924.82
2649,L49828,1,299.8,309.4,1436,51.6,158,0,0,0,0,0,0,9.599999999999966,304.6,74097.6,0.1,1055.54
2650,M17509,2,299.9,309.5,1582,38.2,160,0,0,0,0,0,0,9.600000000000023,304.7,60432.4,0.26,935.29
2651,L49830,1,299.9,309.6,1280,59.3,163,0,0,0,0,0,0,9.700000000000045,304.75,75904.0,0.28,1090.66
2652,L49831,1,299.9,309.5,2008,20.4,165,0,0,0,0,0,0,9.600000000000023,304.7,40963.2,0.25,1010.62
2653,L49832,1,299.9,309.5,1772,23.5,167,0,0,0,0,0,0,9.600000000000023,304.7,41642.0,0.1,1047.7
2654,L49833,1,299.9,309.5,1779,26.1,169,0,0,0,0,0,0,9.600000000000023,304.7,46431.9,0.07,843.05
2655,L49834,1,299.9,309.5,1567,35.5,171,0,0,0,0,0,0,9.600000000000023,304.7,55628.5,0.27,1238.77
2656,M17515,2,299.8,309.4,1751,27.0,173,0,0,0,0,0,0,9.599999999999966,304.6,47277.0,0.14,1094.17
2657,L49836,1,299.9,309.5,1349,51.3,176,0,0,0,0,0,0,9.600000000000023,304.7,69203.7,0.21,1033.71
2658,M17517,2,300.0,309.5,1425,40.8,178,0,0,0,0,0,0,9.5,304.75,58139.99999999999,0.25,1414.46
2659,L49838,1,300.0,309.4,1395,44.5,181,0,0,0,0,0,0,9.399999999999977,304.7,62077.5,0.08,873.21
2660,H32073,0,299.8,309.3,1595,32.1,183,0,0,0,0,0,0,9.5,304.55,51199.5,0.04,743.65
2661,L49840,1,299.8,309.3,1291,56.4,188,0,0,0,0,0,0,9.5,304.55,72812.4,0.19,1258.41
2662,M17521,2,299.9,309.4,1509,42.8,190,0,0,0,0,0,0,9.5,304.65,64585.2,0.18,807.59
2663,M17522,2,299.9,309.4,1483,38.1,193,0,0,0,0,0,0,9.5,304.65,56502.3,0.08,1268.77
2664,L49843,1,299.9,309.3,1620,31.1,196,0,0,0,0,0,0,9.400000000000034,304.6,50382.0,0.18,1175.26
2665,M17524,2,299.9,309.4,1487,42.2,198,0,0,0,0,0,0,9.5,304.65,62751.4,0.24,1015.95
2666,L49845,1,299.8,309.4,2256,15.9,201,0,0,0,0,0,0,9.599999999999966,304.6,35870.4,0.11,972.73
2667,H32080,0,299.7,309.2,1691,27.7,203,0,0,0,0,0,0,9.5,304.45,46840.7,0.07,839.89
2668,M17527,2,299.8,309.3,1663,35.2,208,0,0,0,0,0,0,9.5,304.55,58537.600000000006,0.22,1317.43
2669,M17528,2,299.8,309.3,1640,31.1,211,0,0,0,0,0,0,9.5,304.55,51004.0,0.24,1095.96
2670,H32083,0,299.7,309.3,1494,37.8,214,0,0,0,0,0,0,9.600000000000023,304.5,56473.2,0.29,1435.31
2671,L49850,1,299.8,309.4,1467,46.2,219,0,0,0,0,0,0,9.599999999999966,304.6,67775.40000000001,0.04,1089.28
2672,M17531,2,299.7,309.3,1399,41.9,221,1,1,0,0,0,0,9.600000000000023,304.5,58618.1,3.15,4183.7
2673,L49852,1,299.7,309.3,1445,42.6,0,0,0,0,0,0,0,9.600000000000023,304.5,61557.0,0.23,306.4
2674,L49853,1,299.8,309.4,1480,40.9,2,0,0,0,0,0,0,9.599999999999966,304.6,60532.0,0.21,313.53
2675,L49854,1,299.7,309.3,1546,37.2,4,0,0,0,0,0,0,9.600000000000023,304.5,57511.200000000004,0.09,281.87
2676,L49855,1,299.7,309.3,1574,35.8,6,0,0,0,0,0,0,9.600000000000023,304.5,56349.2,0.01,0.0
2677,L49856,1,299.7,309.3,1592,34.2,8,0,0,0,0,0,0,9.600000000000023,304.5,54446.4,0.15,185.53
2678,L49857,1,299.8,309.5,1495,39.6,10,0,0,0,0,0,0,9.699999999999989,304.65,59202.0,0.09,44.7
2679,L49858,1,299.8,309.6,1447,43.1,12,0,0,0,0,0,0,9.800000000000011,304.70000000000005,62365.700000000004,0.09,174.45
2680,L49859,1,299.8,309.5,1476,44.4,14,0,0,0,0,0,0,9.699999999999989,304.65,65534.4,0.28,233.26
2681,L49860,1,299.8,309.5,1641,27.1,16,0,0,0,0,0,0,9.699999999999989,304.65,44471.100000000006,0.05,66.39
2682,L49861,1,299.8,309.5,1545,32.2,18,0,0,0,0,0,0,9.699999999999989,304.65,49749.00000000001,0.28,307.15
2683,M17542,2,299.9,309.6,1364,44.4,20,0,0,0,0,0,0,9.700000000000045,304.75,60561.6,0.15,294.0
2684,L49863,1,299.8,309.5,1590,28.5,23,0,0,0,0,0,0,9.699999999999989,304.65,45315.0,0.25,365.44
2685,L49864,1,299.8,309.4,1460,37.4,25,0,0,0,0,0,0,9.599999999999966,304.6,54604.0,0.09,290.95
2686,L49865,1,299.8,309.4,1609,32.5,27,0,0,0,0,0,0,9.599999999999966,304.6,52292.5,0.19,308.95
2687,L49866,1,299.8,309.4,1633,27.5,29,0,0,0,0,0,0,9.599999999999966,304.6,44907.5,0.17,228.04
2688,L49867,1,299.9,309.4,1348,52.8,31,0,0,0,0,0,0,9.5,304.65,71174.4,0.28,463.69
2689,L49868,1,299.9,309.4,1322,53.9,33,0,0,0,0,0,0,9.5,304.65,71255.8,0.05,77.42
2690,L49869,1,300.0,309.5,1641,30.1,35,0,0,0,0,0,0,9.5,304.75,49394.100000000006,0.06,320.37
2691,L49870,1,300.0,309.5,1728,26.0,37,0,0,0,0,0,0,9.5,304.75,44928.0,0.28,422.18
2692,L49871,1,300.0,309.6,1431,47.7,39,0,0,0,0,0,0,9.600000000000023,304.8,68258.7,0.03,255.68
2693,L49872,1,300.1,309.7,1641,30.4,41,0,0,0,0,0,0,9.599999999999966,304.9,49886.399999999994,0.19,428.0
2694,M17553,2,300.1,309.6,1622,36.1,43,0,0,0,0,0,0,9.5,304.85,58554.200000000004,0.02,475.23
2695,M17554,2,300.1,309.6,1625,38.0,46,0,0,0,0,0,0,9.5,304.85,61750.0,0.02,307.24
2696,L49875,1,300.0,309.5,1869,22.7,49,0,0,0,0,0,0,9.5,304.75,42426.299999999996,0.18,435.98
2697,L49876,1,300.0,309.6,1452,46.0,51,0,0,0,0,0,0,9.600000000000023,304.8,66792.0,0.17,321.14
2698,L49877,1,300.0,309.6,1618,28.7,53,0,0,0,0,0,0,9.600000000000023,304.8,46436.6,0.17,555.36
2699,L49878,1,300.0,309.4,2010,20.0,55,0,0,0,0,0,0,9.399999999999977,304.7,40200.0,0.14,374.47
2700,L49879,1,299.9,309.4,1363,60.9,57,0,0,0,0,0,0,9.5,304.65,83006.7,0.22,276.18
2701,L49880,1,299.9,309.3,1473,40.4,59,0,0,0,0,0,0,9.400000000000034,304.6,59509.2,0.3,565.74
2702,L49881,1,299.9,309.2,1333,50.8,61,0,0,0,0,0,0,9.300000000000011,304.54999999999995,67716.4,0.08,413.72
2703,L49882,1,299.8,309.2,1760,25.9,63,0,0,0,0,0,0,9.399999999999977,304.5,45584.0,0.1,292.22
2704,M17563,2,299.8,309.2,1372,58.2,65,0,0,0,0,0,0,9.399999999999977,304.5,79850.40000000001,0.1,407.27
2705,M17564,2,299.7,309.2,1608,34.4,68,0,0,0,0,0,0,9.5,304.45,55315.2,0.23,559.28
2706,L49885,1,299.7,309.2,1326,64.8,71,0,0,0,0,0,0,9.5,304.45,85924.8,0.1,446.61
2707,M17566,2,299.6,309.1,1560,37.1,73,0,0,0,0,0,0,9.5,304.35,57876.0,0.2,750.2
2708,M17567,2,299.6,309.0,1539,36.1,76,0,0,0,0,0,0,9.399999999999977,304.3,55557.9,0.13,313.27
2709,L49888,1,299.6,309.1,2266,15.3,79,0,0,0,0,0,0,9.5,304.35,34669.8,0.18,880.07
2710,L49889,1,299.6,309.1,1641,35.8,81,0,0,0,0,0,0,9.5,304.35,58747.799999999996,0.25,650.07
2711,L49890,1,299.6,309.1,1574,39.2,83,0,0,0,0,0,0,9.5,304.35,61700.8,0.15,652.03
2712,L49891,1,299.6,309.1,1407,50.6,85,0,0,0,0,0,0,9.5,304.35,71194.2,0.14,584.18
2713,H32126,0,299.7,309.2,1302,55.5,87,0,0,0,0,0,0,9.5,304.45,72261.0,0.08,256.1
2714,M17573,2,299.6,309.2,1651,30.8,92,0,0,0,0,0,0,9.599999999999966,304.4,50850.8,0.15,451.51
2715,M17574,2,299.6,309.1,1366,55.2,95,0,0,0,0,0,0,9.5,304.35,75403.2,0.08,476.36
2716,M17575,2,299.5,309.0,1701,28.6,98,0,0,0,0,0,0,9.5,304.25,48648.600000000006,0.25,889.06
2717,L49896,1,299.5,309.0,1498,44.6,101,0,0,0,0,0,0,9.5,304.25,66810.8,0.12,417.35
2718,M17577,2,299.5,309.1,1422,45.3,103,0,0,0,0,0,0,9.600000000000023,304.3,64416.6,0.04,426.64
2719,L49898,1,299.5,309.1,1357,47.3,106,0,0,0,0,0,0,9.600000000000023,304.3,64186.1,0.07,624.73
2720,L49899,1,299.5,309.2,1690,29.2,108,0,0,0,0,0,0,9.699999999999989,304.35,49348.0,0.16,770.93
2721,L49900,1,299.6,309.2,1559,39.1,110,0,0,0,0,0,0,9.599999999999966,304.4,60956.9,0.27,886.41
2722,M17581,2,299.6,309.3,1553,32.4,112,0,0,0,0,0,0,9.699999999999989,304.45000000000005,50317.2,0.09,502.4
2723,L49902,1,299.6,309.3,1558,34.8,115,0,0,0,0,0,0,9.699999999999989,304.45000000000005,54218.399999999994,0.08,415.3
2724,L49903,1,299.7,309.4,1362,51.9,117,0,0,0,0,0,0,9.699999999999989,304.54999999999995,70687.8,0.12,785.86
2725,M17584,2,299.8,309.3,1470,42.7,119,0,0,0,0,0,0,9.5,304.55,62769.00000000001,0.29,1099.97
2726,L49905,1,299.8,309.4,1555,34.8,122,0,0,0,0,0,0,9.599999999999966,304.6,54113.99999999999,0.25,808.2
2727,M17586,2,299.8,309.4,1423,42.9,124,0,0,0,0,0,0,9.599999999999966,304.6,61046.7,0.04,488.3
2728,L49907,1,299.7,309.3,1434,38.5,127,0,0,0,0,0,0,9.600000000000023,304.5,55209.0,0.18,750.52
2729,L49908,1,299.7,309.3,1779,25.5,129,0,0,0,0,0,0,9.600000000000023,304.5,45364.5,0.24,944.11
2730,L49909,1,299.7,309.3,1417,54.6,131,0,0,0,0,0,0,9.600000000000023,304.5,77368.2,0.23,850.03
2731,L49910,1,299.6,309.2,1425,45.9,133,0,0,0,0,0,0,9.599999999999966,304.4,65407.5,0.15,1026.08
2732,M17591,2,299.7,309.2,1597,32.9,135,0,0,0,0,0,0,9.5,304.45,52541.299999999996,0.22,1033.75
2733,L49912,1,299.7,309.2,1346,57.4,138,0,0,0,0,0,0,9.5,304.45,77260.4,0.18,897.65
2734,L49913,1,299.7,309.2,1422,40.4,140,0,0,0,0,0,0,9.5,304.45,57448.799999999996,0.06,466.85
2735,H32148,0,299.7,309.2,1572,32.8,142,0,0,0,0,0,0,9.5,304.45,51561.6,0.02,626.16
2736,L49915,1,299.7,309.2,1412,45.4,147,0,0,0,0,0,0,9.5,304.45,64104.799999999996,0.11,762.8
2737,M17596,2,299.7,309.1,1576,36.4,149,0,0,0,0,0,0,9.400000000000034,304.4,57366.399999999994,0.02,653.01
2738,M17597,2,299.7,309.1,1508,41.2,152,0,0,0,0,0,0,9.400000000000034,304.4,62129.600000000006,0.12,908.62
2739,M17598,2,299.8,309.1,1496,44.4,155,0,0,0,0,0,0,9.300000000000011,304.45000000000005,66422.4,0.25,1056.72
2740,L49919,1,299.8,309.2,1572,35.4,158,0,0,0,0,0,0,9.399999999999977,304.5,55648.799999999996,0.25,788.89
2741,L49920,1,299.6,309.0,1525,42.8,160,0,0,0,0,0,0,9.399999999999977,304.3,65269.99999999999,0.01,930.69
2742,L49921,1,299.6,309.0,1378,51.9,162,0,0,0,0,0,0,9.399999999999977,304.3,71518.2,0.02,832.42
2743,L49922,1,299.6,309.1,1369,51.4,164,0,0,0,0,0,0,9.5,304.35,70366.59999999999,0.2,1073.65
2744,L49923,1,299.6,309.1,1476,45.3,166,0,0,0,0,0,0,9.5,304.35,66862.8,0.15,1091.72
2745,L49924,1,299.7,309.2,1620,30.0,168,0,0,0,0,0,0,9.5,304.45,48600.0,0.04,764.95
2746,M17605,2,299.7,309.1,1603,38.5,170,0,0,0,0,0,0,9.400000000000034,304.4,61715.5,0.24,1278.84
2747,L49926,1,299.7,309.2,1411,46.1,173,0,0,0,0,0,0,9.5,304.45,65047.1,0.06,903.73
2748,L49927,1,299.7,309.2,1616,31.6,175,0,0,0,0,0,0,9.5,304.45,51065.600000000006,0.02,1121.88
2749,L49928,1,299.7,309.2,1631,35.1,177,0,0,0,0,0,0,9.5,304.45,57248.100000000006,0.22,970.91
2750,M17609,2,299.7,309.2,1685,28.9,179,1,0,0,0,0,0,9.5,304.45,48696.5,0.18,1290.74
2751,H32164,0,299.7,309.2,1456,40.6,182,0,0,0,0,0,0,9.5,304.45,59113.6,0.12,894.4
2752,L49931,1,299.7,309.1,1417,50.1,187,0,0,0,0,0,0,9.400000000000034,304.4,70991.7,0.21,1527.32
2753,M17612,2,299.7,309.1,1851,24.7,189,0,0,0,0,0,0,9.400000000000034,304.4,45719.7,0.27,1072.22
2754,L49933,1,299.7,309.1,1715,27.8,192,0,0,0,0,0,0,9.400000000000034,304.4,47677.0,0.01,1128.49
2755,H32168,0,299.6,309.1,1630,32.3,194,0,0,0,0,0,0,9.5,304.35,52648.99999999999,0.19,1105.64
2756,L49935,1,299.7,309.2,1478,38.8,199,0,0,0,0,0,0,9.5,304.45,57346.399999999994,0.07,1172.25
2757,L49936,1,299.7,309.2,1781,29.6,201,0,0,0,0,0,0,9.5,304.45,52717.600000000006,0.14,1138.92
2758,L49937,1,299.8,309.2,1439,36.1,203,0,0,0,0,0,0,9.399999999999977,304.5,51947.9,0.13,981.32
2759,M17618,2,299.7,309.2,1412,45.3,205,0,0,0,0,0,0,9.5,304.45,63963.6,0.12,725.48
2760,L49939,1,299.7,309.1,1483,41.1,208,0,0,0,0,0,0,9.400000000000034,304.4,60951.3,0.06,1476.14
2761,L49940,1,299.8,309.2,1400,42.6,210,0,0,0,0,0,0,9.399999999999977,304.5,59640.0,0.24,1300.95
2762,L49941,1,299.8,309.3,1299,65.1,212,1,0,0,0,1,0,9.5,304.55,84564.9,6.71,7328.47
2763,L49942,1,299.8,309.2,1479,44.4,214,0,0,0,0,0,0,9.399999999999977,304.5,65667.59999999999,0.27,1385.39
2764,L49943,1,299.8,309.2,1491,47.5,216,0,0,0,0,0,0,9.399999999999977,304.5,70822.5,0.11,1293.44
2765,M17624,2,299.9,309.3,1389,52.8,0,0,0,0,0,0,0,9.400000000000034,304.6,73339.2,0.25,142.74
2766,M17625,2,299.9,309.4,1399,54.8,3,0,0,0,0,0,0,9.5,304.65,76665.2,0.16,68.75
2767,M17626,2,299.9,309.4,1889,26.0,6,0,0,0,0,0,0,9.5,304.65,49114.0,0.12,147.02
2768,L49947,1,300.0,309.5,1925,21.9,9,0,0,0,0,0,0,9.5,304.75,42157.5,0.21,435.39
2769,L49948,1,300.0,309.5,1675,30.2,11,0,0,0,0,0,0,9.5,304.75,50585.0,0.24,309.99
2770,M17629,2,300.0,309.6,1477,38.1,13,0,0,0,0,0,0,9.600000000000023,304.8,56273.700000000004,0.14,424.48
2771,L49950,1,300.0,309.6,1364,45.9,16,0,0,0,0,0,0,9.600000000000023,304.8,62607.6,0.13,379.68
2772,L49951,1,299.9,309.5,1451,39.4,18,0,0,0,0,0,0,9.600000000000023,304.7,57169.4,0.17,225.68
2773,L49952,1,299.9,309.4,1467,41.2,20,0,0,0,0,0,0,9.5,304.65,60440.4,0.18,44.42
2774,L49953,1,299.9,309.4,1858,22.5,22,0,0,0,0,0,0,9.5,304.65,41805.0,0.13,206.0
2775,L49954,1,300.1,309.4,1559,39.7,24,0,0,0,0,0,0,9.299999999999955,304.75,61892.3,0.23,428.97
2776,L49955,1,300.1,309.4,1560,47.7,26,0,0,0,0,0,0,9.299999999999955,304.75,74412.0,0.12,258.98
2777,L49956,1,300.1,309.4,1453,47.6,28,0,0,0,0,0,0,9.299999999999955,304.75,69162.8,0.14,375.16
2778,L49957,1,300.1,309.4,1464,41.7,30,0,0,0,0,0,0,9.299999999999955,304.75,61048.8,0.18,459.51
2779,L49958,1,300.0,309.4,1308,50.2,32,0,0,0,0,0,0,9.399999999999977,304.7,65661.6,0.3,539.63
2780,L49959,1,300.1,309.5,1353,50.9,34,0,0,0,0,0,0,9.399999999999977,304.8,68867.7,0.08,208.7
2781,M17640,2,300.2,309.6,1556,35.8,36,0,0,0,0,0,0,9.400000000000034,304.9,55704.799999999996,0.07,327.98
2782,L49961,1,300.2,309.5,2183,17.8,39,0,0,0,0,0,0,9.300000000000011,304.85,38857.4,0.05,580.32
2783,M17642,2,300.2,309.6,1491,41.8,41,0,0,0,0,0,0,9.400000000000034,304.9,62323.799999999996,0.21,191.52
2784,M17643,2,300.2,309.6,1528,35.1,44,0,0,0,0,0,0,9.400000000000034,304.9,53632.8,0.13,423.09
2785,L49964,1,300.2,309.6,1430,52.7,47,0,0,0,0,0,0,9.400000000000034,304.9,75361.0,0.12,629.8
2786,L49965,1,300.2,309.5,1495,32.6,49,0,0,0,0,0,0,9.300000000000011,304.85,48737.0,0.06,128.81
2787,M17646,2,300.2,309.5,1630,28.3,51,0,0,0,0,0,0,9.300000000000011,304.85,46129.0,0.27,675.17
2788,M17647,2,300.3,309.6,1524,38.4,54,0,0,0,0,0,0,9.300000000000011,304.95000000000005,58521.6,0.13,570.21
2789,L49968,1,300.3,309.6,1326,52.4,57,0,0,0,0,0,0,9.300000000000011,304.95000000000005,69482.4,0.18,243.47
2790,H32203,0,300.3,309.5,1438,44.0,59,0,0,0,0,0,0,9.199999999999989,304.9,63272.0,0.03,431.85
2791,L49970,1,300.4,309.6,1356,45.9,64,0,0,0,0,0,0,9.200000000000045,305.0,62240.4,0.03,309.3
2792,H32205,0,300.4,309.6,1416,43.3,66,0,0,0,0,0,0,9.200000000000045,305.0,61312.799999999996,0.02,340.93
2793,L49972,1,300.4,309.7,1584,32.6,71,0,0,0,0,0,0,9.300000000000011,305.04999999999995,51638.4,0.11,416.26
2794,L49973,1,300.3,309.6,1597,31.8,73,0,0,0,0,0,0,9.300000000000011,304.95000000000005,50784.6,0.14,701.9
2795,L49974,1,300.4,309.6,1553,43.9,75,0,0,0,0,0,0,9.200000000000045,305.0,68176.7,0.07,428.18
2796,M17655,2,300.3,309.5,1405,49.4,77,0,0,0,0,0,0,9.199999999999989,304.9,69407.0,0.1,415.5
2797,L49976,1,300.2,309.5,1539,35.3,80,0,0,0,0,0,0,9.300000000000011,304.85,54326.7,0.0,333.04
2798,M17657,2,300.3,309.6,1398,53.7,82,0,0,0,0,0,0,9.300000000000011,304.95000000000005,75072.6,0.11,468.85
2799,L49978,1,300.3,309.6,1568,39.6,85,0,0,0,0,0,0,9.300000000000011,304.95000000000005,62092.8,0.04,303.07
2800,L49979,1,300.3,309.6,1404,44.6,87,0,0,0,0,0,0,9.300000000000011,304.95000000000005,62618.4,0.04,404.18
2801,M17660,2,300.2,309.5,1500,45.7,89,0,0,0,0,0,0,9.300000000000011,304.85,68550.0,0.0,462.65
2802,M17661,2,300.2,309.5,1642,28.8,92,0,0,0,0,0,0,9.300000000000011,304.85,47289.6,0.21,730.66
2803,M17662,2,300.3,309.6,1509,46.6,95,0,0,0,0,0,0,9.300000000000011,304.95000000000005,70319.40000000001,0.28,935.61
2804,L49983,1,300.2,309.5,1343,50.2,98,0,0,0,0,0,0,9.300000000000011,304.85,67418.6,0.19,716.15
2805,L49984,1,300.1,309.5,1450,40.1,100,0,0,0,0,0,0,9.399999999999977,304.8,58145.0,0.03,458.83
2806,L49985,1,300.0,309.4,1460,43.5,102,0,0,0,0,0,0,9.399999999999977,304.7,63510.0,0.3,658.34
2807,L49986,1,300.0,309.3,1364,41.2,104,0,0,0,0,0,0,9.300000000000011,304.65,56196.8,0.29,854.17
2808,M17667,2,299.9,309.3,1452,41.9,106,0,0,0,0,0,0,9.400000000000034,304.6,60838.799999999996,0.14,652.39
2809,L49988,1,299.9,309.3,1471,41.8,109,0,0,0,0,0,0,9.400000000000034,304.6,61487.799999999996,0.03,562.35
2810,L49989,1,299.9,309.2,1598,34.6,111,0,0,0,0,0,0,9.300000000000011,304.54999999999995,55290.8,0.22,814.38
2811,L49990,1,299.8,309.1,1772,24.8,113,0,0,0,0,0,0,9.300000000000011,304.45000000000005,43945.6,0.29,932.91
2812,L49991,1,299.9,309.2,1761,25.6,115,0,0,0,0,0,0,9.300000000000011,304.54999999999995,45081.600000000006,0.23,845.46
2813,M17672,2,300.0,309.3,1413,40.7,117,0,0,0,0,0,0,9.300000000000011,304.65,57509.100000000006,0.19,749.42
2814,L49993,1,300.0,309.3,1887,22.6,120,0,0,0,0,0,0,9.300000000000011,304.65,42646.200000000004,0.18,659.79
2815,L49994,1,300.0,309.3,1395,56.5,122,0,0,0,0,0,0,9.300000000000011,304.65,78817.5,0.29,808.08
2816,M17675,2,300.1,309.4,1569,31.6,124,0,0,0,0,0,0,9.299999999999955,304.75,49580.4,0.02,767.24
2817,L49996,1,300.1,309.4,1434,47.3,127,0,0,0,0,0,0,9.299999999999955,304.75,67828.2,0.04,611.46
2818,L49997,1,300.2,309.5,1417,41.1,129,0,0,0,0,0,0,9.300000000000011,304.85,58238.700000000004,0.25,693.09
2819,L49998,1,300.2,309.5,1729,28.4,131,0,0,0,0,0,0,9.300000000000011,304.85,49103.6,0.04,868.94
2820,L49999,1,300.2,309.5,1356,51.1,133,0,0,0,0,0,0,9.300000000000011,304.85,69291.6,0.11,633.64
2821,L50000,1,300.2,309.5,1436,48.8,135,0,0,0,0,0,0,9.300000000000011,304.85,70076.8,0.08,760.29
2822,M17681,2,300.3,309.6,1419,42.5,137,0,0,0,0,0,0,9.300000000000011,304.95000000000005,60307.5,0.07,828.67
2823,L50002,1,300.3,309.6,1593,38.1,140,0,0,0,0,0,0,9.300000000000011,304.95000000000005,60693.3,0.01,710.48
2824,M17683,2,300.3,309.5,1320,62.2,142,0,0,0,0,0,0,9.199999999999989,304.9,82104.0,0.17,508.28
2825,M17684,2,300.3,309.5,1448,42.4,145,0,0,0,0,0,0,9.199999999999989,304.9,61395.2,0.12,903.57
2826,L50005,1,300.3,309.4,1470,33.5,148,0,0,0,0,0,0,9.099999999999966,304.85,49245.0,0.17,1108.97
2827,M17686,2,300.3,309.4,1612,33.1,150,0,0,0,0,0,0,9.099999999999966,304.85,53357.200000000004,0.09,957.98
2828,L50007,1,300.4,309.4,1412,51.6,153,0,0,0,0,0,0,9.0,304.9,72859.2,0.28,726.4
2829,M17688,2,300.4,309.4,1875,23.9,155,0,0,0,0,0,0,9.0,304.9,44812.5,0.18,1274.09
2830,L50009,1,300.3,309.3,1612,36.0,158,0,0,0,0,0,0,9.0,304.8,58032.0,0.29,881.12
2831,M17690,2,300.4,309.3,1411,41.6,160,0,0,0,0,0,0,8.900000000000034,304.85,58697.6,0.11,748.24
2832,M17691,2,300.3,309.2,1490,47.9,163,0,0,0,0,0,0,8.899999999999977,304.75,71371.0,0.0,932.28
2833,M17692,2,300.4,309.3,1467,40.3,166,0,0,0,0,0,0,8.900000000000034,304.85,59120.1,0.23,1127.93
2834,L50013,1,300.3,309.2,1807,26.4,169,0,0,0,0,0,0,8.899999999999977,304.75,47704.799999999996,0.25,1107.05
2835,L50014,1,300.3,309.1,1368,46.0,171,0,0,0,0,0,0,8.800000000000011,304.70000000000005,62928.0,0.02,789.59
2836,L50015,1,300.3,309.2,1572,32.0,173,0,0,0,0,0,0,8.899999999999977,304.75,50304.0,0.19,1254.63
2837,M17696,2,300.3,309.1,1458,44.3,175,0,0,0,0,0,0,8.800000000000011,304.70000000000005,64589.399999999994,0.2,1069.1
2838,L50017,1,300.3,309.1,1699,30.3,178,0,0,0,0,0,0,8.800000000000011,304.70000000000005,51479.700000000004,0.04,695.13
2839,L50018,1,300.3,309.3,1478,39.5,180,0,0,0,0,0,0,9.0,304.8,58381.0,0.17,1254.84
2840,M17699,2,300.4,309.4,1362,42.1,182,0,0,0,0,0,0,9.0,304.9,57340.200000000004,0.07,1012.89
2841,H32254,0,300.4,309.4,1487,38.9,185,0,0,0,0,0,0,9.0,304.9,57844.299999999996,0.0,1092.25
2842,L50021,1,300.3,309.4,1705,29.4,190,0,0,0,0,0,0,9.099999999999966,304.85,50127.0,0.26,1295.88
2843,L50022,1,300.3,309.3,1345,53.5,192,0,0,0,0,0,0,9.0,304.8,71957.5,0.15,1468.74
2844,L50023,1,300.3,309.2,1532,40.2,194,0,0,0,0,0,0,8.899999999999977,304.75,61586.4,0.23,1153.5
2845,L50024,1,300.3,309.2,1650,35.2,196,0,0,0,0,0,0,8.899999999999977,304.75,58080.00000000001,0.22,1202.41
2846,L50025,1,300.3,309.2,1398,54.4,198,0,0,0,0,0,0,8.899999999999977,304.75,76051.2,0.3,1397.97
2847,L50026,1,300.3,309.2,1412,44.8,200,0,0,0,0,0,0,8.899999999999977,304.75,63257.6,0.13,1084.43
2848,L50027,1,300.4,309.3,1525,39.6,202,0,0,0,0,0,0,8.900000000000034,304.85,60390.0,0.13,1260.4
2849,M17708,2,300.3,309.3,1391,57.9,204,0,0,0,0,0,0,9.0,304.8,80538.9,0.08,657.89
2850,L50029,1,300.4,309.3,1766,28.2,207,0,0,0,0,0,0,8.900000000000034,304.85,49801.2,0.19,1214.08
2851,L50030,1,300.4,309.3,1671,35.0,209,0,0,0,0,0,0,8.900000000000034,304.85,58485.0,0.15,1179.55
2852,L50031,1,300.5,309.3,1373,48.8,211,0,0,0,0,0,0,8.800000000000011,304.9,67002.4,0.22,1254.12
2853,M17712,2,300.5,309.4,1347,50.1,213,0,0,0,0,0,0,8.899999999999977,304.95,67484.7,0.11,1043.46
2854,M17713,2,300.5,309.3,1539,39.1,216,0,0,0,0,0,0,8.800000000000011,304.9,60174.9,0.04,1255.92
2855,L50034,1,300.5,309.3,1470,40.8,219,0,0,0,0,0,0,8.800000000000011,304.9,59975.99999999999,0.26,1279.33
2856,L50035,1,300.5,309.3,1528,37.0,221,0,0,0,0,0,0,8.800000000000011,304.9,56536.0,0.25,1385.04
2857,H32270,0,300.5,309.3,1471,45.2,223,0,0,0,0,0,0,8.800000000000011,304.9,66489.2,0.11,1219.43
2858,M17717,2,300.4,309.2,1528,37.2,228,0,0,0,0,0,0,8.800000000000011,304.79999999999995,56841.600000000006,0.21,1425.05
2859,L50038,1,300.5,309.3,1417,51.5,231,1,0,0,0,1,0,8.800000000000011,304.9,72975.5,7.73,9099.64
2860,L50039,1,300.6,309.4,1549,43.4,233,0,0,0,0,0,0,8.799999999999955,305.0,67226.59999999999,0.23,1424.27
2861,H32274,0,300.6,309.4,1463,49.2,235,0,0,0,0,0,0,8.799999999999955,305.0,71979.6,0.12,1421.21
2862,L50041,1,300.7,309.5,1479,43.6,240,0,0,0,0,0,0,8.800000000000011,305.1,64484.4,0.16,1381.73
2863,L50042,1,300.6,309.5,1867,23.0,242,0,0,0,0,0,0,8.899999999999977,305.05,42941.0,0.02,1154.1
2864,L50043,1,300.6,309.4,1471,44.1,244,0,0,0,0,0,0,8.799999999999955,305.0,64871.1,0.05,1248.77
2865,H32278,0,300.6,309.4,1380,47.6,246,1,1,0,0,0,0,8.799999999999955,305.0,65688.0,1.13,2317.47
2866,H32279,0,300.7,309.7,1623,32.7,0,0,0,0,0,0,0,9.0,305.2,53072.100000000006,0.11,195.22
2867,L50046,1,300.8,309.7,1997,20.7,5,0,0,0,0,0,0,8.899999999999977,305.25,41337.9,0.01,51.0
2868,H32281,0,300.7,309.6,1390,48.5,7,0,0,0,0,0,0,8.900000000000034,305.15,67415.0,0.05,0.0
2869,L50048,1,300.8,309.7,1418,46.6,12,0,0,0,0,0,0,8.899999999999977,305.25,66078.8,0.12,146.71
2870,L50049,1,300.8,309.7,1519,35.8,14,0,0,0,0,0,0,8.899999999999977,305.25,54380.2,0.22,61.11
2871,M17730,2,300.8,309.7,1519,39.7,16,0,0,0,0,0,0,8.899999999999977,305.25,60304.3,0.11,162.31
2872,M17731,2,300.7,309.6,1536,37.2,19,0,0,0,0,0,0,8.900000000000034,305.15,57139.200000000004,0.22,315.2
2873,L50052,1,300.8,309.6,1680,28.7,22,0,0,0,0,0,0,8.800000000000011,305.20000000000005,48216.0,0.26,641.27
2874,H32287,0,300.6,309.4,1555,37.9,24,0,0,0,0,0,0,8.799999999999955,305.0,58934.5,0.1,422.27
2875,L50054,1,300.6,309.5,1471,49.6,29,0,0,0,0,0,0,8.899999999999977,305.05,72961.6,0.24,229.89
2876,M17735,2,300.5,309.4,1877,23.8,31,0,0,0,0,0,0,8.899999999999977,304.95,44672.6,0.04,225.27
2877,M17736,2,300.5,309.3,1578,30.5,34,0,0,0,0,0,0,8.800000000000011,304.9,48129.0,0.12,322.9
2878,M17737,2,300.5,309.4,1655,32.1,37,0,0,0,0,0,0,8.899999999999977,304.95,53125.5,0.03,180.43
2879,H32292,0,300.5,309.4,1502,34.3,40,0,0,0,0,0,0,8.899999999999977,304.95,51518.6,0.02,195.0
2880,M17739,2,300.6,309.4,1367,63.2,45,1,0,0,1,0,0,8.799999999999955,305.0,86394.40000000001,6.32,6491.91
2881,L50060,1,300.7,309.5,1541,37.2,48,0,0,0,0,0,0,8.800000000000011,305.1,57325.200000000004,0.03,550.91
2882,M17741,2,300.6,309.6,1588,37.0,50,0,0,0,0,0,0,9.0,305.1,58756.0,0.25,437.57
2883,L50062,1,300.6,309.6,1684,32.8,53,0,0,0,0,0,0,9.0,305.1,55235.2,0.16,476.14
2884,L50063,1,300.6,309.5,1437,40.0,55,0,0,0,0,0,0,8.899999999999977,305.05,57480.0,0.28,175.65
2885,L50064,1,300.6,309.6,1409,42.4,57,0,0,0,0,0,0,9.0,305.1,59741.6,0.16,568.54
2886,M17745,2,300.5,309.5,1320,49.9,59,0,0,0,0,0,0,9.0,305.0,65868.0,0.19,662.64
2887,H32300,0,300.5,309.5,1635,34.2,62,0,0,0,0,0,0,9.0,305.0,55917.00000000001,0.06,212.2
2888,M17747,2,300.5,309.5,1691,27.6,67,0,0,0,0,0,0,9.0,305.0,46671.600000000006,0.16,418.22
2889,M17748,2,300.6,309.6,1365,50.0,70,0,0,0,0,0,0,9.0,305.1,68250.0,0.12,537.73
2890,M17749,2,300.7,309.7,1523,38.2,73,0,0,0,0,0,0,9.0,305.2,58178.600000000006,0.28,647.92
2891,L50070,1,300.6,309.7,1593,32.4,76,0,0,0,0,0,0,9.099999999999966,305.15,51613.2,0.28,729.96
2892,L50071,1,300.6,309.6,1682,30.7,78,0,0,0,0,0,0,9.0,305.1,51637.4,0.06,406.91
2893,L50072,1,300.7,309.6,1329,54.3,80,0,0,0,0,0,0,8.900000000000034,305.15,72164.7,0.19,869.49
2894,M17753,2,300.7,309.6,1568,35.2,82,0,0,0,0,0,0,8.900000000000034,305.15,55193.600000000006,0.19,499.54
2895,L50074,1,300.7,309.6,1733,24.8,85,0,0,0,0,0,0,8.900000000000034,305.15,42978.4,0.17,998.74
2896,M17755,2,300.7,309.6,1473,48.1,87,0,0,0,0,0,0,8.900000000000034,305.15,70851.3,0.04,661.29
2897,M17756,2,300.7,309.5,1633,31.3,90,0,0,0,0,0,0,8.800000000000011,305.1,51112.9,0.2,774.82
2898,M17757,2,300.6,309.5,1530,40.2,93,0,0,0,0,0,0,8.899999999999977,305.05,61506.00000000001,0.24,548.93
2899,M17758,2,300.6,309.5,1550,40.2,96,0,0,0,0,0,0,8.899999999999977,305.05,62310.00000000001,0.1,716.45
2900,L50079,1,300.6,309.4,1410,40.6,99,0,0,0,0,0,0,8.799999999999955,305.0,57246.0,0.15,735.59
2901,L50080,1,300.5,309.3,1574,33.5,101,0,0,0,0,0,0,8.800000000000011,304.9,52729.0,0.03,217.06
2902,L50081,1,300.6,309.4,1425,40.3,103,0,0,0,0,0,0,8.799999999999955,305.0,57427.49999999999,0.28,584.31
2903,M17762,2,300.6,309.4,1541,35.2,105,0,0,0,0,0,0,8.799999999999955,305.0,54243.200000000004,0.03,608.64
2904,M17763,2,300.7,309.5,1733,26.7,108,0,0,0,0,0,0,8.800000000000011,305.1,46271.1,0.06,580.01
2905,L50084,1,300.6,309.4,2496,13.5,111,0,0,0,0,0,0,8.799999999999955,305.0,33696.0,0.09,567.53
2906,L50085,1,300.6,309.4,1552,36.4,113,0,0,0,0,0,0,8.799999999999955,305.0,56492.799999999996,0.25,976.84
2907,L50086,1,300.6,309.3,1409,38.7,115,0,0,0,0,0,0,8.699999999999989,304.95000000000005,54528.3,0.21,652.43
2908,M17767,2,300.6,309.4,1581,35.7,117,0,0,0,0,0,0,8.799999999999955,305.0,56441.700000000004,0.0,516.71
2909,L50088,1,300.7,309.5,1251,59.9,120,0,0,0,0,0,0,8.800000000000011,305.1,74934.9,0.06,562.95
2910,L50089,1,300.7,309.6,1500,44.1,122,0,0,0,0,0,0,8.900000000000034,305.15,66150.0,0.23,916.53
2911,L50090,1,300.6,309.5,1576,38.8,124,0,0,0,0,0,0,8.899999999999977,305.05,61148.799999999996,0.12,482.08
2912,M17771,2,300.7,309.5,1352,44.0,126,0,0,0,0,0,0,8.800000000000011,305.1,59488.0,0.01,565.35
2913,L50092,1,300.7,309.6,1661,30.3,129,0,0,0,0,0,0,8.900000000000034,305.15,50328.3,0.29,676.59
2914,L50093,1,300.7,309.6,1541,34.6,131,0,0,0,0,0,0,8.900000000000034,305.15,53318.600000000006,0.05,658.07
2915,H32328,0,300.6,309.6,1888,20.5,133,0,0,0,0,0,0,9.0,305.1,38704.0,0.15,923.46
2916,L50095,1,300.5,309.5,1255,62.1,138,0,0,0,0,0,0,9.0,305.0,77935.5,0.07,871.13
2917,L50096,1,300.6,309.6,1411,41.6,140,0,0,0,0,0,0,9.0,305.1,58697.6,0.22,810.86
2918,L50097,1,300.6,309.5,1516,39.0,142,0,0,0,0,0,0,8.899999999999977,305.05,59124.0,0.23,1020.0
2919,M17778,2,300.6,309.5,1492,34.0,144,0,0,0,0,0,0,8.899999999999977,305.05,50728.0,0.12,812.23
2920,L50099,1,300.6,309.6,1726,30.0,147,0,0,0,0,0,0,9.0,305.1,51780.0,0.2,1139.16
2921,L50100,1,300.7,309.7,1598,33.7,149,0,0,0,0,0,0,9.0,305.2,53852.600000000006,0.27,995.51
2922,L50101,1,300.8,309.8,1657,31.1,151,0,0,0,0,0,0,9.0,305.3,51532.700000000004,0.24,549.04
2923,L50102,1,300.8,309.7,1481,38.1,153,0,0,0,0,0,0,8.899999999999977,305.25,56426.1,0.12,1019.2
2924,M17783,2,300.7,309.7,1397,51.3,155,0,0,0,0,0,0,9.0,305.2,71666.09999999999,0.13,836.14
2925,L50104,1,300.8,309.7,1461,44.3,158,0,0,0,0,0,0,8.899999999999977,305.25,64722.299999999996,0.27,1018.87
2926,M17785,2,300.7,309.6,1388,51.1,160,0,0,0,0,0,0,8.900000000000034,305.15,70926.8,0.01,860.39
2927,L50106,1,300.7,309.7,1507,52.4,163,0,0,0,0,0,0,9.0,305.2,78966.8,0.01,611.29
2928,M17787,2,300.7,309.6,1421,49.8,165,0,0,0,0,0,0,8.900000000000034,305.15,70765.8,0.06,896.2
2929,M17788,2,300.8,309.7,1258,54.9,168,0,0,0,0,0,0,8.899999999999977,305.25,69064.2,0.25,1170.17
2930,M17789,2,300.8,309.7,1482,39.0,171,0,0,0,0,0,0,8.899999999999977,305.25,57798.0,0.05,959.61
2931,H32344,0,300.7,309.6,1403,51.3,174,0,0,0,0,0,0,8.900000000000034,305.15,71973.9,0.09,870.16
2932,L50111,1,300.8,309.7,1373,45.4,179,0,0,0,0,0,0,8.899999999999977,305.25,62334.2,0.19,1233.79
2933,L50112,1,300.9,309.7,1460,42.1,181,0,0,0,0,0,0,8.800000000000011,305.29999999999995,61466.0,0.06,815.38
2934,M17793,2,300.8,309.7,1751,27.9,183,0,0,0,0,0,0,8.899999999999977,305.25,48852.899999999994,0.09,911.17
2935,M17794,2,300.8,309.6,1546,42.3,186,0,0,0,0,0,0,8.800000000000011,305.20000000000005,65395.799999999996,0.14,1049.6
2936,M17795,2,300.8,309.7,1680,28.2,189,0,0,0,0,0,0,8.899999999999977,305.25,47376.0,0.07,1059.32
2937,M17796,2,300.9,309.7,1394,48.8,192,0,0,0,0,0,0,8.800000000000011,305.29999999999995,68027.2,0.3,1211.32
2938,L50117,1,300.7,309.6,1810,26.0,195,0,0,0,0,0,0,8.900000000000034,305.15,47060.0,0.05,1209.29
2939,L50118,1,300.7,309.5,1479,34.5,197,0,0,0,0,0,0,8.800000000000011,305.1,51025.5,0.25,1279.29
2940,L50119,1,300.9,309.7,1431,41.4,199,0,0,0,0,0,0,8.800000000000011,305.29999999999995,59243.4,0.14,1146.35
2941,L50120,1,300.9,309.7,2355,14.4,201,0,0,0,0,0,0,8.800000000000011,305.29999999999995,33912.0,0.04,1084.02
2942,M17801,2,300.7,309.6,1996,19.8,203,1,1,0,0,0,0,8.900000000000034,305.15,39520.8,3.01,4134.94
2943,L50122,1,300.7,309.5,1461,49.9,0,0,0,0,0,0,0,8.800000000000011,305.1,72903.9,0.15,186.12
2944,H32357,0,300.7,309.5,2007,19.7,2,0,0,0,0,0,0,8.800000000000011,305.1,39537.9,0.11,0.0
2945,L50124,1,300.7,309.6,1505,34.9,7,0,0,0,0,0,0,8.900000000000034,305.15,52524.5,0.07,268.43
2946,H32359,0,300.7,309.6,1925,20.5,9,0,0,0,0,0,0,8.900000000000034,305.15,39462.5,0.29,352.95
2947,M17806,2,300.7,309.5,1622,30.5,14,0,0,0,0,0,0,8.800000000000011,305.1,49471.0,0.14,312.73
2948,L50127,1,300.7,309.5,1592,29.0,17,0,0,0,0,0,0,8.800000000000011,305.1,46168.0,0.28,304.11
2949,L50128,1,300.7,309.5,1850,24.5,19,0,0,0,0,0,0,8.800000000000011,305.1,45325.0,0.05,0.0
2950,M17809,2,300.7,309.5,1470,48.7,21,0,0,0,0,0,0,8.800000000000011,305.1,71589.0,0.06,0.0
2951,M17810,2,300.7,309.5,1445,46.4,24,0,0,0,0,0,0,8.800000000000011,305.1,67048.0,0.18,158.34
2952,L50131,1,300.7,309.5,1685,31.1,27,0,0,0,0,0,0,8.800000000000011,305.1,52403.5,0.08,292.59
2953,H32366,0,300.7,309.5,1667,30.5,29,0,0,0,0,0,0,8.800000000000011,305.1,50843.5,0.06,399.68
2954,L50133,1,300.7,309.5,1578,35.4,34,0,0,0,0,0,0,8.800000000000011,305.1,55861.2,0.03,245.3
2955,H32368,0,300.6,309.4,1691,28.0,36,0,0,0,0,0,0,8.799999999999955,305.0,47348.0,0.02,42.17
2956,M17815,2,300.7,309.5,1439,43.8,41,0,0,0,0,0,0,8.800000000000011,305.1,63028.2,0.23,317.38
2957,M17816,2,300.8,309.6,1404,38.7,44,0,0,0,0,0,0,8.800000000000011,305.20000000000005,54334.8,0.08,504.12
2958,L50137,1,300.8,309.6,1498,45.8,47,0,0,0,0,0,0,8.800000000000011,305.20000000000005,68608.4,0.29,328.38
2959,M17818,2,300.8,309.5,1481,44.5,49,0,0,0,0,0,0,8.699999999999989,305.15,65904.5,0.05,610.27
2960,M17819,2,300.7,309.4,1589,35.0,52,0,0,0,0,0,0,8.699999999999989,305.04999999999995,55615.0,0.11,651.41
2961,L50140,1,300.7,309.5,1467,44.3,55,0,0,0,0,0,0,8.800000000000011,305.1,64988.1,0.11,705.21
2962,L50141,1,300.6,309.4,1654,32.8,57,0,0,0,0,0,0,8.799999999999955,305.0,54251.2,0.15,492.11
2963,L50142,1,300.7,309.5,1508,39.9,59,0,0,0,0,0,0,8.800000000000011,305.1,60169.2,0.26,503.77
2964,M17823,2,300.7,309.6,1439,43.0,61,0,0,0,0,0,0,8.900000000000034,305.15,61877.0,0.25,608.45
2965,L50144,1,300.7,309.5,1692,30.3,64,0,0,0,0,0,0,8.800000000000011,305.1,51267.6,0.0,456.29
2966,M17825,2,300.7,309.5,1838,24.9,66,0,0,0,0,0,0,8.800000000000011,305.1,45766.2,0.12,352.38
2967,L50146,1,300.6,309.3,1601,40.2,69,0,0,0,0,0,0,8.699999999999989,304.95000000000005,64360.200000000004,0.25,429.82
2968,L50147,1,300.6,309.4,1369,51.6,71,0,0,0,0,0,0,8.799999999999955,305.0,70640.40000000001,0.0,312.41
2969,M17828,2,300.6,309.4,1312,45.2,73,0,0,0,0,0,0,8.799999999999955,305.0,59302.4,0.16,409.15
2970,L50149,1,300.6,309.4,1468,44.1,76,0,0,0,0,0,0,8.799999999999955,305.0,64738.8,0.08,646.13
2971,M17830,2,300.6,309.4,1452,39.4,78,0,0,0,0,0,0,8.799999999999955,305.0,57208.799999999996,0.12,417.54
2972,M17831,2,300.7,309.5,1393,43.9,81,0,0,0,0,0,0,8.800000000000011,305.1,61152.7,0.13,549.35
2973,M17832,2,300.6,309.4,1432,44.2,84,0,0,0,0,0,0,8.799999999999955,305.0,63294.4,0.12,687.46
2974,M17833,2,300.6,309.3,1510,46.0,87,0,0,0,0,0,0,8.699999999999989,304.95000000000005,69460.0,0.27,896.98
2975,M17834,2,300.6,309.4,1521,37.2,90,0,0,0,0,0,0,8.799999999999955,305.0,56581.200000000004,0.16,641.28
2976,H32389,0,300.5,309.4,1360,46.2,93,0,0,0,0,0,0,8.899999999999977,304.95,62832.00000000001,0.27,792.64
2977,M17836,2,300.5,309.3,1881,25.5,98,0,0,0,0,0,0,8.800000000000011,304.9,47965.5,0.22,557.45
2978,L50157,1,300.4,309.3,1413,50.3,101,0,0,0,0,0,0,8.900000000000034,304.85,71073.9,0.11,768.46
2979,H32392,0,300.5,309.4,1642,36.2,103,0,0,0,0,0,0,8.899999999999977,304.95,59440.4,0.15,854.53
2980,L50159,1,300.5,309.5,1542,38.5,108,0,0,0,0,0,0,9.0,305.0,59367.0,0.12,379.45
2981,L50160,1,300.4,309.5,1447,39.3,110,0,0,0,0,0,0,9.100000000000023,304.95,56867.1,0.25,1064.44
2982,H32395,0,300.4,309.4,1530,40.4,112,0,0,0,0,0,0,9.0,304.9,61812.0,0.06,514.9
2983,L50162,1,300.5,309.5,1795,27.7,117,0,0,0,0,0,0,9.0,305.0,49721.5,0.28,954.19
2984,L50163,1,300.6,309.6,1290,57.4,119,0,0,0,0,0,0,9.0,305.1,74046.0,0.17,776.63
2985,L50164,1,300.6,309.7,1639,30.4,121,0,0,0,0,0,0,9.099999999999966,305.15,49825.6,0.18,775.94
2986,L50165,1,300.7,309.8,1596,31.5,123,0,0,0,0,0,0,9.100000000000023,305.25,50274.0,0.16,744.02
2987,L50166,1,300.6,309.8,1455,48.0,125,0,0,0,0,0,0,9.199999999999989,305.20000000000005,69840.0,0.17,646.12
2988,M17847,2,300.6,309.8,1659,28.9,127,0,0,0,0,0,0,9.199999999999989,305.20000000000005,47945.1,0.2,913.57
2989,M17848,2,300.6,309.8,1532,42.5,130,0,0,0,0,0,0,9.199999999999989,305.20000000000005,65110.0,0.2,807.09
2990,L50169,1,300.6,309.8,1502,42.4,133,0,0,0,0,0,0,9.199999999999989,305.20000000000005,63684.799999999996,0.06,528.59
2991,L50170,1,300.6,309.8,1688,28.6,135,0,0,0,0,0,0,9.199999999999989,305.20000000000005,48276.8,0.17,689.75
2992,M17851,2,300.5,309.7,1341,50.9,137,0,0,0,0,0,0,9.199999999999989,305.1,68256.9,0.11,601.13
2993,M17852,2,300.5,309.7,1685,29.4,140,0,0,0,0,0,0,9.199999999999989,305.1,49539.0,0.19,811.31
2994,M17853,2,300.5,309.8,1370,55.9,143,0,0,0,0,0,0,9.300000000000011,305.15,76583.0,0.16,947.76
2995,L50174,1,300.5,309.8,1461,52.5,146,0,0,0,0,0,0,9.300000000000011,305.15,76702.5,0.05,673.33
2996,L50175,1,300.5,309.8,1550,37.4,148,0,0,0,0,0,0,9.300000000000011,305.15,57970.0,0.22,1106.32
2997,M17856,2,300.5,309.8,1508,37.8,150,0,0,0,0,0,0,9.300000000000011,305.15,57002.399999999994,0.14,872.12
2998,L50177,1,300.5,309.8,1345,62.7,153,0,0,0,0,0,0,9.300000000000011,305.15,84331.5,0.17,891.59
2999,L50178,1,300.5,309.7,1616,34.5,155,0,0,0,0,0,0,9.199999999999989,305.1,55752.0,0.2,977.51
3000,L50179,1,300.5,309.7,1395,61.0,157,0,0,0,0,0,0,9.199999999999989,305.1,85095.0,0.2,1194.27
3001,H32414,0,300.5,309.8,1324,72.8,159,1,0,0,1,0,0,9.300000000000011,305.15,96387.2,7.0,7589.3
3002,L50181,1,300.5,309.8,1445,43.9,164,0,0,0,0,0,0,9.300000000000011,305.15,63435.5,0.06,1128.46
3003,M17862,2,300.5,309.8,1555,38.9,166,0,0,0,0,0,0,9.300000000000011,305.15,60489.5,0.03,1004.02
3004,M17863,2,300.6,309.9,1449,42.4,169,0,0,0,0,0,0,9.299999999999955,305.25,61437.6,0.2,1041.75
3005,M17864,2,300.5,309.9,1466,53.2,172,0,0,0,0,0,0,9.399999999999977,305.2,77991.2,0.07,1107.45
3006,L50185,1,300.5,309.9,1503,37.4,175,0,0,0,0,0,0,9.399999999999977,305.2,56212.2,0.03,856.63
3007,L50186,1,300.4,309.7,1488,35.7,177,0,0,0,0,0,0,9.300000000000011,305.04999999999995,53121.600000000006,0.04,967.85
3008,L50187,1,300.4,309.7,1314,50.2,179,0,0,0,0,0,0,9.300000000000011,305.04999999999995,65962.8,0.09,903.79
3009,M17868,2,300.4,309.7,1547,38.0,181,0,0,0,0,0,0,9.300000000000011,305.04999999999995,58786.0,0.3,1349.97
3010,M17869,2,300.4,309.7,1466,39.8,184,0,0,0,0,0,0,9.300000000000011,305.04999999999995,58346.799999999996,0.05,863.91
3011,L50190,1,300.3,309.6,1537,37.1,187,0,0,0,0,0,0,9.300000000000011,304.95000000000005,57022.700000000004,0.09,1017.29
3012,M17871,2,300.2,309.5,1434,51.5,189,0,0,0,0,0,0,9.300000000000011,304.85,73851.0,0.28,1326.87
3013,L50192,1,300.4,309.6,1432,44.7,192,0,0,0,0,0,0,9.200000000000045,305.0,64010.4,0.29,1407.23
3014,L50193,1,300.5,309.6,1390,48.4,194,0,0,0,0,0,0,9.100000000000023,305.05,67276.0,0.07,916.83
3015,L50194,1,300.5,309.7,1580,42.8,196,0,0,0,0,0,0,9.199999999999989,305.1,67624.0,0.26,1352.97
3016,L50195,1,300.5,309.7,1589,30.5,198,0,0,0,0,0,0,9.199999999999989,305.1,48464.5,0.04,882.7
3017,L50196,1,300.5,309.8,1441,48.8,200,0,0,0,0,0,0,9.300000000000011,305.15,70320.8,0.23,907.45
3018,L50197,1,300.5,309.8,1305,51.7,202,0,0,0,0,0,0,9.300000000000011,305.15,67468.5,0.0,897.79
3019,M17878,2,300.5,309.8,1566,35.9,204,0,0,0,0,0,0,9.300000000000011,305.15,56219.399999999994,0.12,1265.2
3020,L50199,1,300.5,309.8,1379,54.2,207,1,0,0,0,1,0,9.300000000000011,305.15,74741.8,6.36,7393.17
3021,L50200,1,300.4,309.6,1543,38.1,209,0,0,0,0,0,0,9.200000000000045,305.0,58788.3,0.21,1174.75
3022,L50201,1,300.5,309.8,1421,49.6,211,0,0,0,0,0,0,9.300000000000011,305.15,70481.6,0.0,1063.32
3023,L50202,1,300.5,309.6,1760,30.6,213,0,0,0,0,0,0,9.100000000000023,305.05,53856.0,0.14,1208.36
3024,L50203,1,300.4,309.5,1711,29.2,215,0,0,0,0,0,0,9.100000000000023,304.95,49961.2,0.21,1378.28
3025,L50204,1,300.5,309.6,1465,41.6,217,0,0,0,0,0,0,9.100000000000023,305.05,60944.0,0.01,853.24
3026,L50205,1,300.5,309.6,1366,50.2,219,0,0,0,0,0,0,9.100000000000023,305.05,68573.2,0.27,1349.65
3027,M17886,2,300.4,309.5,1888,21.9,221,0,0,0,0,0,0,9.100000000000023,304.95,41347.2,0.11,1233.64
3028,L50207,1,300.5,309.5,1777,23.6,0,0,0,0,0,0,0,9.0,305.0,41937.200000000004,0.05,0.0
3029,L50208,1,300.5,309.5,1379,55.6,2,0,0,0,0,0,0,9.0,305.0,76672.40000000001,0.07,0.0
3030,L50209,1,300.4,309.5,1525,51.3,4,0,0,0,0,0,0,9.100000000000023,304.95,78232.5,0.1,65.29
3031,M17890,2,300.4,309.6,1563,34.0,6,0,0,0,0,0,0,9.200000000000045,305.0,53142.0,0.06,91.28
3032,M17891,2,300.5,309.7,1389,43.3,9,0,0,0,0,0,0,9.199999999999989,305.1,60143.7,0.15,196.81
3033,M17892,2,300.6,309.8,1447,42.9,12,0,0,0,0,0,0,9.199999999999989,305.20000000000005,62076.299999999996,0.19,166.55
3034,M17893,2,300.6,309.7,1934,22.8,15,0,0,0,0,0,0,9.099999999999966,305.15,44095.200000000004,0.13,115.4
3035,H32448,0,300.6,309.7,1470,43.8,18,0,0,0,0,0,0,9.099999999999966,305.15,64385.99999999999,0.13,160.72
3036,M17895,2,300.6,309.7,1428,42.6,23,0,0,0,0,0,0,9.099999999999966,305.15,60832.8,0.23,389.78
3037,L50216,1,300.4,309.6,1319,48.1,26,0,0,0,0,0,0,9.200000000000045,305.0,63443.9,0.09,406.69
3038,L50217,1,300.5,309.7,1887,24.3,28,0,0,0,0,0,0,9.199999999999989,305.1,45854.1,0.19,0.0
3039,L50218,1,300.4,309.5,1349,50.4,30,0,0,0,0,0,0,9.100000000000023,304.95,67989.59999999999,0.27,513.45
3040,M17899,2,300.3,309.5,1665,31.4,32,0,0,0,0,0,0,9.199999999999989,304.9,52281.0,0.07,213.33
3041,L50220,1,300.3,309.5,1474,38.7,35,0,0,0,0,0,0,9.199999999999989,304.9,57043.8,0.19,443.86
3042,L50221,1,300.4,309.5,1543,38.9,37,0,0,0,0,0,0,9.100000000000023,304.95,60022.7,0.28,642.83
3043,M17902,2,300.2,309.4,1459,43.9,39,0,0,0,0,0,0,9.199999999999989,304.79999999999995,64050.1,0.16,241.73
3044,L50223,1,300.3,309.5,1551,37.9,42,0,0,0,0,0,0,9.199999999999989,304.9,58782.899999999994,0.29,641.65
3045,L50224,1,300.2,309.4,1981,21.4,44,0,0,0,0,0,0,9.199999999999989,304.79999999999995,42393.399999999994,0.09,121.89
3046,L50225,1,300.2,309.4,1526,35.3,46,0,0,0,0,0,0,9.199999999999989,304.79999999999995,53867.799999999996,0.17,419.14
3047,M17906,2,300.2,309.4,1501,40.0,48,0,0,0,0,0,0,9.199999999999989,304.79999999999995,60040.0,0.09,293.62
3048,L50227,1,300.2,309.4,1558,38.3,51,0,0,0,0,0,0,9.199999999999989,304.79999999999995,59671.399999999994,0.0,261.94
3049,L50228,1,300.2,309.3,1532,43.2,53,0,0,0,0,0,0,9.100000000000023,304.75,66182.40000000001,0.3,416.64
3050,L50229,1,300.1,309.2,1326,55.9,55,0,0,0,0,0,0,9.099999999999966,304.65,74123.4,0.07,410.53
3051,L50230,1,300.2,309.2,1431,51.3,57,0,0,0,0,0,0,9.0,304.7,73410.3,0.29,812.94
3052,L50231,1,300.2,309.3,1366,49.3,59,0,0,0,0,0,0,9.100000000000023,304.75,67343.8,0.2,349.22
3053,L50232,1,300.1,309.2,1421,42.5,61,0,0,0,0,0,0,9.099999999999966,304.65,60392.5,0.27,603.45
3054,H32467,0,300.2,309.3,1506,35.6,63,0,0,0,0,0,0,9.100000000000023,304.75,53613.6,0.29,733.38
3055,H32468,0,300.2,309.3,1342,48.7,68,0,0,0,0,0,0,9.100000000000023,304.75,65355.4,0.17,465.49
3056,L50235,1,300.1,309.2,1427,37.6,73,0,0,0,0,0,0,9.099999999999966,304.65,53655.200000000004,0.3,869.06
3057,L50236,1,300.2,309.2,1667,29.9,75,0,0,0,0,0,0,9.0,304.7,49843.299999999996,0.23,540.55
3058,L50237,1,300.1,309.1,1400,46.7,77,0,0,0,0,0,0,9.0,304.6,65380.00000000001,0.16,527.56
3059,L50238,1,300.0,309.0,1709,32.1,79,0,0,0,0,0,0,9.0,304.5,54858.9,0.2,446.03
3060,M17919,2,300.0,309.0,1368,45.8,81,0,0,0,0,0,0,9.0,304.5,62654.399999999994,0.06,483.99
3061,L50240,1,300.0,309.1,1882,23.8,84,0,0,0,0,0,0,9.100000000000023,304.55,44791.6,0.0,420.45
3062,L50241,1,300.1,309.1,1353,58.7,86,0,0,0,0,0,0,9.0,304.6,79421.1,0.08,605.39
3063,L50242,1,299.9,309.0,1553,40.0,88,0,0,0,0,0,0,9.100000000000023,304.45,62120.0,0.13,474.57
3064,L50243,1,300.0,309.1,1431,45.4,90,0,0,0,0,0,0,9.100000000000023,304.55,64967.4,0.07,417.7
3065,M17924,2,300.1,309.1,1731,30.4,92,0,0,0,0,0,0,9.0,304.6,52622.399999999994,0.15,679.37
3066,M17925,2,300.1,309.2,1687,27.7,95,0,0,0,0,0,1,9.099999999999966,304.65,46729.9,3.0,3684.58
3067,M17926,2,300.1,309.2,1457,44.3,98,0,0,0,0,0,0,9.099999999999966,304.65,64545.1,0.2,784.35
3068,L50247,1,300.1,309.2,1533,37.0,101,0,0,0,0,0,0,9.099999999999966,304.65,56721.0,0.27,1052.11
3069,H32482,0,300.0,309.0,1622,31.8,103,0,0,0,0,0,0,9.0,304.5,51579.6,0.29,888.3
3070,L50249,1,300.0,309.1,1791,28.2,108,0,0,0,0,0,0,9.100000000000023,304.55,50506.2,0.27,887.89
3071,L50250,1,300.0,309.1,1631,28.3,110,0,0,0,0,0,0,9.100000000000023,304.55,46157.3,0.19,841.89
3072,L50251,1,300.0,309.0,2174,16.9,112,0,0,0,0,0,0,9.0,304.5,36740.6,0.06,843.23
3073,L50252,1,300.1,309.0,1314,58.2,114,0,0,0,0,0,0,8.899999999999977,304.55,76474.8,0.28,1035.64
3074,L50253,1,300.1,309.1,1478,46.9,116,0,0,0,0,0,0,9.0,304.6,69318.2,0.05,467.27
3075,L50254,1,300.1,309.2,1783,27.3,118,0,0,0,0,0,0,9.099999999999966,304.65,48675.9,0.05,760.09
3076,M17935,2,300.1,309.2,1385,46.1,120,0,0,0,0,0,0,9.099999999999966,304.65,63848.5,0.1,739.8
3077,L50256,1,300.0,309.2,1444,43.6,123,0,0,0,0,0,0,9.199999999999989,304.6,62958.4,0.17,755.89
3078,L50257,1,300.1,309.3,1841,23.0,125,0,0,0,0,0,0,9.199999999999989,304.70000000000005,42343.0,0.2,559.06
3079,M17938,2,300.1,309.4,1349,56.2,127,0,0,0,0,0,0,9.299999999999955,304.75,75813.8,0.0,403.98
3080,L50259,1,300.1,309.3,1340,56.0,130,0,0,0,0,0,0,9.199999999999989,304.70000000000005,75040.0,0.23,825.33
3081,M17940,2,299.9,309.2,1539,43.2,132,0,0,0,0,0,0,9.300000000000011,304.54999999999995,66484.8,0.05,490.31
3082,M17941,2,300.0,309.3,1932,21.8,135,0,0,0,0,0,0,9.300000000000011,304.65,42117.6,0.09,713.44
3083,M17942,2,300.0,309.3,1407,43.9,138,0,0,0,0,0,0,9.300000000000011,304.65,61767.299999999996,0.1,897.15
3084,L50263,1,300.1,309.3,1712,28.5,141,0,0,0,0,0,0,9.199999999999989,304.70000000000005,48792.0,0.1,717.86
3085,H32498,0,300.1,309.4,1329,55.2,143,0,0,0,0,0,0,9.299999999999955,304.75,73360.8,0.23,957.52
3086,L50265,1,300.1,309.2,1441,42.9,148,0,0,0,0,0,0,9.099999999999966,304.65,61818.9,0.01,589.51
3087,L50266,1,300.0,309.2,1610,32.1,150,0,0,0,0,0,0,9.199999999999989,304.6,51681.0,0.06,854.82
3088,M17947,2,300.0,309.1,1474,45.2,152,0,0,0,0,0,0,9.100000000000023,304.55,66624.8,0.01,846.22
3089,M17948,2,300.0,309.1,1624,30.8,155,0,0,0,0,0,0,9.100000000000023,304.55,50019.200000000004,0.23,791.56
3090,H32503,0,300.1,309.3,1520,38.2,158,0,0,0,0,0,0,9.199999999999989,304.70000000000005,58064.00000000001,0.3,977.22
3091,H32504,0,300.1,309.3,1448,45.8,163,0,0,0,0,0,0,9.199999999999989,304.70000000000005,66318.4,0.2,824.92
3092,L50271,1,300.0,309.3,1558,29.7,168,0,0,0,0,0,0,9.300000000000011,304.65,46272.6,0.18,1096.38
3093,M17952,2,300.0,309.3,2293,16.3,170,0,0,0,0,0,0,9.300000000000011,304.65,37375.9,0.27,1144.6
3094,L50273,1,300.0,309.3,1397,51.2,173,0,0,0,0,0,0,9.300000000000011,304.65,71526.40000000001,0.08,937.54
3095,L50274,1,300.0,309.3,1972,22.0,175,0,0,0,0,0,0,9.300000000000011,304.65,43384.0,0.02,875.76
3096,M17955,2,299.9,309.2,1574,36.5,177,0,0,0,0,0,0,9.300000000000011,304.54999999999995,57451.0,0.15,1083.43
3097,L50276,1,299.9,309.2,1560,38.9,180,0,0,0,0,0,0,9.300000000000011,304.54999999999995,60684.0,0.08,1031.43
3098,M17957,2,299.9,309.2,1353,49.8,182,0,0,0,0,0,0,9.300000000000011,304.54999999999995,67379.4,0.14,975.66
3099,M17958,2,299.9,309.2,1389,51.2,185,0,0,0,0,0,0,9.300000000000011,304.54999999999995,71116.8,0.14,969.66
3100,M17959,2,299.9,309.1,1513,43.8,188,0,0,0,0,0,0,9.200000000000045,304.5,66269.4,0.1,1031.15
3101,L50280,1,299.8,309.1,1578,42.1,191,0,0,0,0,0,0,9.300000000000011,304.45000000000005,66433.8,0.15,1076.54
3102,H32515,0,299.8,309.0,1467,37.3,193,0,0,0,0,0,0,9.199999999999989,304.4,54719.1,0.11,1384.1
3103,L50282,1,299.9,309.1,1412,48.3,198,0,0,0,0,0,0,9.200000000000045,304.5,68199.59999999999,0.03,962.42
3104,L50283,1,299.8,309.1,1668,30.3,200,0,0,0,0,0,0,9.300000000000011,304.45000000000005,50540.4,0.26,1303.45
3105,M17964,2,299.8,309.2,1678,29.8,202,0,0,0,0,0,0,9.399999999999977,304.5,50004.4,0.21,1289.89
3106,L50285,1,299.8,309.1,1612,35.4,205,0,0,0,0,0,0,9.300000000000011,304.45000000000005,57064.799999999996,0.01,1245.08
3107,L50286,1,299.8,309.1,1485,39.9,207,0,0,0,0,0,0,9.300000000000011,304.45000000000005,59251.5,0.03,943.32
3108,M17967,2,299.8,309.1,1456,39.4,209,0,0,0,0,0,0,9.300000000000011,304.45000000000005,57366.4,0.03,1275.95
3109,L50288,1,299.8,309.2,1504,38.7,212,0,0,0,0,0,0,9.399999999999977,304.5,58204.8,0.02,1057.89
3110,L50289,1,299.9,309.2,1491,44.3,214,0,0,0,0,0,0,9.300000000000011,304.54999999999995,66051.3,0.02,1465.2
3111,H32524,0,299.9,309.2,1525,33.2,0,0,0,0,0,0,0,9.300000000000011,304.54999999999995,50630.00000000001,0.05,104.39
3112,L50291,1,300.0,309.2,1759,27.9,5,0,0,0,0,0,0,9.199999999999989,304.6,49076.1,0.25,90.66
3113,M17972,2,299.8,309.1,1355,56.7,7,0,0,0,0,0,0,9.300000000000011,304.45000000000005,76828.5,0.25,255.43
3114,M17973,2,299.9,309.1,1345,56.8,10,0,0,0,0,0,0,9.200000000000045,304.5,76396.0,0.23,480.44
3115,M17974,2,299.9,309.2,1683,30.5,13,0,0,0,0,0,0,9.300000000000011,304.54999999999995,51331.5,0.18,257.23
3116,L50295,1,299.9,309.2,1658,34.8,16,0,0,0,0,0,0,9.300000000000011,304.54999999999995,57698.399999999994,0.22,291.06
3117,L50296,1,300.0,309.2,1566,34.4,18,0,0,0,0,0,0,9.199999999999989,304.6,53870.399999999994,0.22,417.85
3118,M17977,2,300.1,309.3,1469,43.9,20,0,0,0,0,0,0,9.199999999999989,304.70000000000005,64489.1,0.27,318.25
3119,M17978,2,300.2,309.5,1458,46.9,23,0,0,0,0,0,0,9.300000000000011,304.85,68380.2,0.22,303.39
3120,L50299,1,300.1,309.4,1858,23.6,26,0,0,0,0,0,0,9.299999999999955,304.75,43848.8,0.22,208.3
3121,H32534,0,300.1,309.4,1563,40.8,28,0,0,0,0,0,0,9.299999999999955,304.75,63770.399999999994,0.24,639.32
3122,L50301,1,300.1,309.4,2141,17.9,33,0,0,0,0,0,0,9.299999999999955,304.75,38323.899999999994,0.17,151.61
3123,L50302,1,300.0,309.3,1473,46.0,35,0,0,0,0,0,0,9.300000000000011,304.65,67758.0,0.06,260.42
3124,H32537,0,300.0,309.4,1498,38.5,37,0,0,0,0,0,0,9.399999999999977,304.7,57673.0,0.03,286.98
3125,L50304,1,300.1,309.4,1568,39.7,42,0,0,0,0,0,0,9.299999999999955,304.75,62249.600000000006,0.13,337.95
3126,L50305,1,300.1,309.4,1694,27.4,44,0,0,0,0,0,0,9.299999999999955,304.75,46415.6,0.03,61.92
3127,L50306,1,300.0,309.4,1499,35.7,46,0,0,0,0,0,0,9.399999999999977,304.7,53514.3,0.05,130.19
3128,L50307,1,300.0,309.5,1717,28.3,48,0,0,0,0,0,0,9.5,304.75,48591.1,0.01,328.38
3129,M17988,2,300.1,309.5,1462,42.8,50,0,0,0,0,0,0,9.399999999999977,304.8,62573.6,0.09,223.02
3130,L50309,1,300.1,309.6,1642,34.5,53,0,0,0,0,0,0,9.5,304.85,56649.0,0.29,244.2
3131,L50310,1,300.1,309.6,1760,25.4,55,0,0,0,0,0,0,9.5,304.85,44704.0,0.11,443.05
3132,L50311,1,300.1,309.5,1660,32.7,57,0,0,0,0,0,0,9.399999999999977,304.8,54282.00000000001,0.07,224.13
3133,L50312,1,300.1,309.5,1557,40.6,59,0,0,0,0,0,0,9.399999999999977,304.8,63214.200000000004,0.12,509.68
3134,H32547,0,300.2,309.6,1442,49.2,61,0,0,0,0,0,0,9.400000000000034,304.9,70946.40000000001,0.09,364.76
3135,L50314,1,300.2,309.6,1359,51.5,66,0,0,0,0,0,0,9.400000000000034,304.9,69988.5,0.2,492.53
3136,L50315,1,300.4,309.8,1342,52.5,68,0,0,0,0,0,0,9.400000000000034,305.1,70455.0,0.19,537.84
3137,L50316,1,300.4,309.9,1435,54.8,70,0,0,0,0,0,0,9.5,305.15,78638.0,0.01,189.23
3138,L50317,1,300.4,309.9,1567,36.5,72,0,0,0,0,0,0,9.5,305.15,57195.5,0.15,386.18
3139,L50318,1,300.4,309.9,1376,43.5,74,0,0,0,0,0,0,9.5,305.15,59856.0,0.01,341.01
3140,H32553,0,300.4,309.9,1513,38.7,76,0,0,0,0,0,0,9.5,305.15,58553.100000000006,0.2,408.35
3141,H32554,0,300.4,309.9,2563,12.8,81,1,0,0,1,0,0,9.5,305.15,32806.4,5.85,6362.07
3142,L50321,1,300.5,310.0,1521,45.1,86,0,0,0,0,0,0,9.5,305.25,68597.1,0.27,653.89
3143,L50322,1,300.6,310.0,1658,34.7,88,0,0,0,0,0,0,9.399999999999977,305.3,57532.600000000006,0.06,282.58
3144,H32557,0,300.6,310.0,1419,42.4,90,0,0,0,0,0,0,9.399999999999977,305.3,60165.6,0.22,586.15
3145,M18004,2,300.6,310.0,1478,36.3,95,0,0,0,0,0,0,9.399999999999977,305.3,53651.399999999994,0.24,730.18
3146,M18005,2,300.5,310.0,1415,43.5,98,0,0,0,0,0,0,9.5,305.25,61552.5,0.26,683.09
3147,M18006,2,300.5,309.9,1780,26.5,101,0,0,0,0,0,0,9.399999999999977,305.2,47170.0,0.08,644.97
3148,M18007,2,300.4,309.7,1440,42.8,104,0,0,0,0,0,0,9.300000000000011,305.04999999999995,61631.99999999999,0.14,746.11
3149,H32562,0,300.4,309.8,1448,39.7,107,0,0,0,0,0,0,9.400000000000034,305.1,57485.600000000006,0.07,965.26
3150,H32563,0,300.4,309.7,1500,35.2,112,0,0,0,0,0,0,9.300000000000011,305.04999999999995,52800.00000000001,0.01,742.6
3151,L50330,1,300.4,309.8,1513,32.9,117,0,0,0,0,0,0,9.400000000000034,305.1,49777.7,0.2,539.54
3152,L50331,1,300.5,309.8,1428,43.8,119,0,0,0,0,0,0,9.300000000000011,305.15,62546.399999999994,0.13,670.97
3153,M18012,2,300.5,309.8,1473,42.3,121,0,0,0,0,0,0,9.300000000000011,305.15,62307.899999999994,0.07,635.0
3154,M18013,2,300.5,309.9,1483,49.3,124,0,0,0,0,0,0,9.399999999999977,305.2,73111.9,0.25,956.26
3155,L50334,1,300.4,309.7,1534,42.5,127,0,0,0,0,0,0,9.300000000000011,305.04999999999995,65195.0,0.15,644.96
3156,L50335,1,300.5,309.8,1367,54.0,129,0,0,0,0,0,0,9.300000000000011,305.15,73818.0,0.3,865.31
3157,L50336,1,300.4,309.7,1467,36.9,131,0,0,0,0,0,0,9.300000000000011,305.04999999999995,54132.299999999996,0.24,708.34
3158,M18017,2,300.4,309.7,1488,42.2,133,0,0,0,0,0,0,9.300000000000011,305.04999999999995,62793.600000000006,0.26,834.66
3159,L50338,1,300.4,309.7,1679,30.1,136,0,0,0,0,0,0,9.300000000000011,305.04999999999995,50537.9,0.23,825.26
3160,H32573,0,300.4,309.8,1409,47.5,138,0,0,0,0,0,0,9.400000000000034,305.1,66927.5,0.03,673.05
3161,M18020,2,300.4,309.7,1367,51.2,143,0,0,0,0,0,0,9.300000000000011,305.04999999999995,69990.40000000001,0.02,557.02
3162,L50341,1,300.4,309.8,1314,63.1,146,0,0,0,0,0,0,9.400000000000034,305.1,82913.40000000001,0.27,1147.3
3163,L50342,1,300.5,309.9,1480,40.0,148,0,0,0,0,0,0,9.399999999999977,305.2,59200.0,0.04,850.83
3164,L50343,1,300.4,309.8,1549,38.9,150,0,0,0,0,0,0,9.400000000000034,305.1,60256.1,0.12,652.68
3165,L50344,1,300.4,309.7,1685,31.3,152,0,0,0,0,0,0,9.300000000000011,305.04999999999995,52740.5,0.18,943.9
3166,L50345,1,300.4,309.6,1536,34.5,154,0,0,0,0,0,0,9.200000000000045,305.0,52992.0,0.06,595.21
3167,M18026,2,300.4,309.7,1539,37.7,156,0,0,0,0,0,0,9.300000000000011,305.04999999999995,58020.3,0.07,1051.34
3168,L50347,1,300.4,309.7,1384,45.1,159,0,0,0,0,0,0,9.300000000000011,305.04999999999995,62418.4,0.14,1177.12
3169,M18028,2,300.4,309.6,1614,30.3,161,0,0,0,0,0,0,9.200000000000045,305.0,48904.200000000004,0.11,906.64
3170,M18029,2,300.4,309.6,1675,35.5,164,0,0,0,0,0,0,9.200000000000045,305.0,59462.5,0.2,892.1
3171,M18030,2,300.4,309.7,1685,32.3,167,0,0,0,0,0,0,9.300000000000011,305.04999999999995,54425.49999999999,0.02,755.36
3172,L50351,1,300.4,309.6,1386,56.9,170,0,0,0,0,0,0,9.200000000000045,305.0,78863.4,0.15,931.94
3173,M18032,2,300.3,309.6,1488,41.3,172,0,0,0,0,0,0,9.300000000000011,304.95000000000005,61454.399999999994,0.05,893.98
3174,L50353,1,300.3,309.6,1624,32.6,175,0,0,0,0,0,0,9.300000000000011,304.95000000000005,52942.4,0.18,1260.57
3175,L50354,1,300.3,309.6,1600,34.6,177,0,0,0,0,0,0,9.300000000000011,304.95000000000005,55360.0,0.03,1058.34
3176,L50355,1,300.3,309.6,1468,44.7,179,0,0,0,0,0,0,9.300000000000011,304.95000000000005,65619.6,0.06,1100.65
3177,L50356,1,300.3,309.6,1435,45.4,181,0,0,0,0,0,0,9.300000000000011,304.95000000000005,65149.0,0.24,1170.59
3178,M18037,2,300.2,309.5,1564,33.4,183,0,0,0,0,0,0,9.300000000000011,304.85,52237.6,0.07,811.96
3179,M18038,2,300.2,309.4,1329,53.6,186,0,0,0,0,0,0,9.199999999999989,304.79999999999995,71234.40000000001,0.22,1034.49
3180,L50359,1,300.1,309.3,1570,36.8,189,0,0,0,0,0,0,9.199999999999989,304.70000000000005,57775.99999999999,0.08,1034.11
3181,M18040,2,300.2,309.4,1433,48.8,191,0,0,0,0,0,0,9.199999999999989,304.79999999999995,69930.4,0.07,844.83
3182,L50361,1,300.2,309.4,1527,37.0,194,0,0,0,0,0,0,9.199999999999989,304.79999999999995,56499.0,0.09,1105.6
3183,M18042,2,300.1,309.3,1443,50.3,196,0,0,0,0,0,0,9.199999999999989,304.70000000000005,72582.9,0.26,1360.77
3184,L50363,1,300.1,309.3,1616,32.0,199,0,0,0,0,0,0,9.199999999999989,304.70000000000005,51712.0,0.12,1196.8
3185,L50364,1,300.1,309.3,1654,31.0,201,0,0,0,0,0,0,9.199999999999989,304.70000000000005,51274.0,0.07,1150.78
3186,L50365,1,300.1,309.3,1685,27.1,203,0,0,0,0,0,0,9.199999999999989,304.70000000000005,45663.5,0.16,895.06
3187,M18046,2,300.2,309.4,1456,48.8,205,0,0,0,0,0,0,9.199999999999989,304.79999999999995,71052.8,0.12,1345.0
3188,M18047,2,300.2,309.4,1752,27.8,208,0,0,0,0,0,0,9.199999999999989,304.79999999999995,48705.6,0.24,1044.89
3189,M18048,2,300.1,309.2,1438,51.0,211,0,0,0,0,0,0,9.099999999999966,304.65,73338.0,0.3,1332.09
3190,L50369,1,300.1,309.1,1551,33.7,214,0,0,0,0,0,0,9.0,304.6,52268.700000000004,0.16,1322.78
3191,L50370,1,300.1,309.2,1599,30.1,216,0,0,0,0,0,0,9.099999999999966,304.65,48129.9,0.14,1273.79
3192,M18051,2,300.1,309.2,1732,33.7,218,0,0,0,0,0,0,9.099999999999966,304.65,58368.4,0.1,998.32
3193,M18052,2,300.1,309.2,1418,39.8,221,0,0,0,0,0,0,9.099999999999966,304.65,56436.399999999994,0.29,1230.25
3194,L50373,1,300.0,309.1,1401,44.5,0,0,0,0,0,0,0,9.100000000000023,304.55,62344.5,0.14,183.06
3195,L50374,1,300.0,309.0,1454,51.7,2,0,0,0,0,0,0,9.0,304.5,75171.8,0.05,136.63
3196,M18055,2,300.0,309.2,1635,32.4,4,0,0,0,0,0,0,9.199999999999989,304.6,52974.0,0.29,143.92
3197,L50376,1,300.0,309.1,1489,40.3,7,0,0,0,0,0,0,9.100000000000023,304.55,60006.7,0.29,383.89
3198,L50377,1,300.0,309.1,1465,40.6,9,0,0,0,0,0,0,9.100000000000023,304.55,59479.0,0.13,0.0
3199,M18058,2,300.0,309.1,1463,45.7,11,0,0,0,0,0,0,9.100000000000023,304.55,66859.1,0.1,248.66
3200,H32613,0,300.1,309.1,1560,35.4,14,0,0,0,0,0,0,9.0,304.6,55224.0,0.2,137.42
3201,M18060,2,300.1,309.2,1454,44.4,19,0,0,0,0,0,0,9.099999999999966,304.65,64557.6,0.25,357.08
3202,L50381,1,300.2,309.1,1479,47.0,22,0,0,0,0,0,0,8.900000000000034,304.65,69513.0,0.15,246.89
3203,L50382,1,300.2,309.2,1430,43.4,24,0,0,0,0,0,0,9.0,304.7,62062.0,0.1,394.1
3204,M18063,2,300.1,309.1,1533,38.0,26,0,0,0,0,0,0,9.0,304.6,58254.0,0.09,256.32
3205,L50384,1,300.1,309.0,1404,54.8,29,0,0,0,0,0,0,8.899999999999977,304.55,76939.2,0.1,155.13
3206,M18065,2,300.1,308.9,1548,38.4,31,0,0,0,0,0,0,8.799999999999955,304.5,59443.2,0.04,248.94
3207,M18066,2,300.1,309.0,1612,33.0,34,0,0,0,0,0,0,8.899999999999977,304.55,53196.0,0.23,721.36
3208,M18067,2,300.2,309.0,1642,31.2,37,0,0,0,0,0,0,8.800000000000011,304.6,51230.4,0.03,326.02
3209,M18068,2,300.2,309.1,1406,42.2,40,0,0,0,0,0,0,8.900000000000034,304.65,59333.200000000004,0.12,311.12
3210,L50389,1,300.3,309.2,1587,31.4,43,0,0,0,0,0,0,8.899999999999977,304.75,49831.799999999996,0.25,339.96
3211,M18070,2,300.3,309.2,1364,47.6,45,0,0,0,0,0,0,8.899999999999977,304.75,64926.4,0.12,252.53
3212,L50391,1,300.3,309.2,1462,51.4,48,0,0,0,0,0,0,8.899999999999977,304.75,75146.8,0.09,432.0
3213,L50392,1,300.3,309.2,1649,32.4,50,0,0,0,0,0,0,8.899999999999977,304.75,53427.6,0.28,397.13
3214,L50393,1,300.4,309.2,1752,29.0,52,0,0,0,0,0,0,8.800000000000011,304.79999999999995,50808.0,0.04,300.4
3215,H32628,0,300.4,309.3,1396,51.2,54,0,0,0,0,0,0,8.900000000000034,304.85,71475.2,0.27,755.64
3216,M18075,2,300.5,309.4,2179,16.3,59,0,0,0,0,0,0,8.899999999999977,304.95,35517.700000000004,0.02,337.56
3217,L50396,1,300.5,309.5,1653,27.6,62,0,0,0,0,0,0,9.0,305.0,45622.8,0.12,268.13
3218,L50397,1,300.6,309.5,2025,21.4,64,0,0,0,0,0,0,8.899999999999977,305.05,43335.0,0.19,836.68
3219,L50398,1,300.6,309.6,1426,53.6,66,0,0,0,0,0,0,9.0,305.1,76433.6,0.11,704.37
3220,M18079,2,300.6,309.6,1503,38.4,68,0,0,0,0,0,0,9.0,305.1,57715.2,0.16,575.18
3221,M18080,2,300.7,309.6,1525,36.5,71,0,0,0,0,0,0,8.900000000000034,305.15,55662.5,0.06,606.36
3222,L50401,1,300.6,309.6,1423,49.1,74,0,0,0,0,0,0,9.0,305.1,69869.3,0.17,499.95
3223,M18082,2,300.7,309.7,1435,44.7,76,0,0,0,0,0,0,9.0,305.2,64144.50000000001,0.04,528.67
3224,H32637,0,300.6,309.5,1495,36.5,79,0,0,0,0,0,0,8.899999999999977,305.05,54567.5,0.24,571.47
3225,M18084,2,300.6,309.5,1557,33.8,84,0,0,0,0,0,0,8.899999999999977,305.05,52626.6,0.18,396.69
3226,L50405,1,300.6,309.4,1474,40.7,87,0,0,0,0,0,0,8.799999999999955,305.0,59991.8,0.14,963.79
3227,L50406,1,300.5,309.3,1465,46.0,89,0,0,0,0,0,0,8.800000000000011,304.9,67390.0,0.02,254.02
3228,M18087,2,300.5,309.3,1589,34.9,91,0,0,0,0,0,0,8.800000000000011,304.9,55456.1,0.15,649.63
3229,L50408,1,300.5,309.3,1475,46.8,94,0,0,0,0,0,0,8.800000000000011,304.9,69030.0,0.17,682.88
3230,L50409,1,300.6,309.4,1442,43.2,96,0,0,0,0,0,0,8.799999999999955,305.0,62294.4,0.08,637.4
3231,L50410,1,300.6,309.4,1556,36.0,98,0,0,0,0,0,0,8.799999999999955,305.0,56016.0,0.2,676.55
3232,L50411,1,300.7,309.3,1425,45.3,100,0,0,0,0,0,0,8.600000000000023,305.0,64552.49999999999,0.02,508.11
3233,L50412,1,300.7,309.3,1580,38.3,102,0,0,0,0,0,0,8.600000000000023,305.0,60513.99999999999,0.06,590.76
3234,H32647,0,300.8,309.4,1474,40.7,104,0,0,0,0,0,0,8.599999999999966,305.1,59991.8,0.22,811.98
3235,L50414,1,300.8,309.4,1489,38.4,109,0,0,0,0,0,0,8.599999999999966,305.1,57177.6,0.04,584.73
3236,L50415,1,300.8,309.4,1946,20.5,111,0,0,0,0,0,0,8.599999999999966,305.1,39893.0,0.07,614.75
3237,M18096,2,300.8,309.4,1342,62.4,113,1,0,1,0,0,0,8.599999999999966,305.1,83740.8,4.88,5246.83
3238,M18097,2,300.9,309.5,1758,26.8,116,0,0,0,0,0,0,8.600000000000023,305.2,47114.4,0.22,1102.05
3239,M18098,2,300.9,309.4,1724,25.6,119,0,0,0,0,0,0,8.5,305.15,44134.4,0.02,695.35
3240,L50419,1,301.0,309.5,1430,48.5,122,0,0,0,0,0,0,8.5,305.25,69355.0,0.04,681.34
3241,L50420,1,300.9,309.5,1612,35.2,124,0,0,0,0,0,0,8.600000000000023,305.2,56742.4,0.13,656.33
3242,H32655,0,300.9,309.5,1469,43.4,126,0,0,0,0,0,0,8.600000000000023,305.2,63754.6,0.18,659.46
3243,L50422,1,300.9,309.6,1384,42.4,131,0,0,0,0,0,0,8.700000000000045,305.25,58681.6,0.14,924.0
3244,L50423,1,301.0,309.6,1724,28.1,133,0,0,0,0,0,0,8.600000000000023,305.3,48444.4,0.19,831.02
3245,M18104,2,301.0,309.6,1397,48.0,135,0,0,0,0,0,0,8.600000000000023,305.3,67056.0,0.23,998.16
3246,M18105,2,301.0,309.6,1588,32.7,138,0,0,0,0,0,0,8.600000000000023,305.3,51927.600000000006,0.28,767.18
3247,L50426,1,301.0,309.7,1468,42.0,141,0,0,0,0,0,0,8.699999999999989,305.35,61656.0,0.1,1037.03
3248,M18107,2,301.0,309.8,1594,31.1,143,0,0,0,0,0,0,8.800000000000011,305.4,49573.4,0.05,900.21
3249,M18108,2,301.0,309.7,1511,39.3,146,0,0,0,0,0,0,8.699999999999989,305.35,59382.299999999996,0.08,797.84
3250,L50429,1,301.1,309.8,1493,38.9,149,0,0,0,0,0,0,8.699999999999989,305.45000000000005,58077.7,0.04,855.14
3251,H32664,0,301.2,309.8,1709,27.0,151,0,0,0,0,0,0,8.600000000000023,305.5,46143.0,0.12,986.15
3252,L50431,1,301.1,309.6,1501,36.1,156,0,0,0,0,0,0,8.5,305.35,54186.1,0.26,839.45
3253,L50432,1,301.1,309.7,1668,30.8,158,0,0,0,0,0,0,8.599999999999966,305.4,51374.4,0.1,1141.67
3254,L50433,1,301.1,309.6,1502,48.9,160,0,0,0,0,0,0,8.5,305.35,73447.8,0.04,912.49
3255,M18114,2,301.0,309.7,1288,58.4,162,0,0,0,0,0,0,8.699999999999989,305.35,75219.2,0.16,864.38
3256,L50435,1,301.0,309.7,1491,42.9,165,0,0,0,0,0,0,8.699999999999989,305.35,63963.9,0.3,960.51
3257,L50436,1,301.1,309.8,1519,39.6,167,0,0,0,0,0,0,8.699999999999989,305.45000000000005,60152.4,0.06,1043.06
3258,L50437,1,301.2,309.9,1984,19.7,169,0,0,0,0,0,0,8.699999999999989,305.54999999999995,39084.799999999996,0.23,1106.67
3259,L50438,1,301.2,309.9,1643,32.9,171,0,0,0,0,0,0,8.699999999999989,305.54999999999995,54054.7,0.25,1177.39
3260,M18119,2,301.2,310.0,1625,31.6,173,0,0,0,0,0,0,8.800000000000011,305.6,51350.0,0.12,989.0
3261,M18120,2,301.3,310.0,2068,17.8,176,0,0,0,0,0,0,8.699999999999989,305.65,36810.4,0.19,919.59
3262,H32675,0,301.3,310.1,1469,39.7,179,0,0,0,0,0,0,8.800000000000011,305.70000000000005,58319.3,0.13,1101.29
3263,L50442,1,301.3,310.1,1558,36.3,184,0,0,0,0,0,0,8.800000000000011,305.70000000000005,56555.399999999994,0.08,970.37
3264,L50443,1,301.3,310.0,1344,54.8,186,0,0,0,0,0,0,8.699999999999989,305.65,73651.2,0.13,1056.75
3265,H32678,0,301.3,310.1,1455,44.1,188,0,0,0,0,0,0,8.800000000000011,305.70000000000005,64165.5,0.03,1326.55
3266,L50445,1,301.3,310.1,1355,53.6,193,0,0,0,0,0,0,8.800000000000011,305.70000000000005,72628.0,0.21,1305.36
3267,L50446,1,301.3,310.1,1269,56.8,195,1,0,0,0,1,0,8.800000000000011,305.70000000000005,72079.2,5.8,6914.01
3268,L50447,1,301.3,310.0,1550,41.5,197,0,0,0,0,0,0,8.699999999999989,305.65,64325.0,0.09,1483.08
3269,M18128,2,301.3,310.1,1525,37.8,199,0,0,0,0,0,0,8.800000000000011,305.70000000000005,57644.99999999999,0.17,1222.69
3270,M18129,2,301.3,310.0,1696,32.4,202,0,0,0,0,0,0,8.699999999999989,305.65,54950.399999999994,0.07,1097.96
3271,L50450,1,301.4,310.1,1937,21.8,205,0,0,0,0,0,0,8.700000000000045,305.75,42226.6,0.04,963.12
3272,M18131,2,301.4,310.0,1689,32.1,207,0,0,0,0,0,0,8.600000000000023,305.7,54216.9,0.2,1167.12
3273,M18132,2,301.3,310.0,1593,30.8,210,0,0,0,0,0,0,8.699999999999989,305.65,49064.4,0.04,782.93
3274,M18133,2,301.3,309.9,1565,36.0,213,0,0,0,0,0,0,8.599999999999966,305.6,56340.0,0.23,1413.56
3275,L50454,1,301.3,310.0,1665,31.4,0,0,0,0,0,0,0,8.699999999999989,305.65,52281.0,0.08,0.0
3276,H32689,0,301.3,310.0,1532,36.3,2,0,0,0,0,0,0,8.699999999999989,305.65,55611.6,0.25,395.41
3277,L50456,1,301.3,310.0,1438,40.9,7,0,0,0,0,0,0,8.699999999999989,305.65,58814.2,0.11,138.55
3278,L50457,1,301.3,310.1,1531,41.6,9,0,0,0,0,0,0,8.800000000000011,305.70000000000005,63689.6,0.11,174.21
3279,L50458,1,301.3,310.0,1506,40.8,11,0,0,0,0,0,0,8.699999999999989,305.65,61444.799999999996,0.23,278.64
3280,L50459,1,301.2,309.9,1382,52.4,13,0,0,0,0,0,0,8.699999999999989,305.54999999999995,72416.8,0.15,422.91
3281,M18140,2,301.2,309.9,1456,50.8,15,0,0,0,0,0,0,8.699999999999989,305.54999999999995,73964.8,0.06,316.42
3282,M18141,2,301.2,310.0,1445,45.6,18,0,0,0,0,0,0,8.800000000000011,305.6,65892.0,0.26,345.67
3283,L50462,1,301.2,309.9,1515,40.9,21,0,0,0,0,0,0,8.699999999999989,305.54999999999995,61963.5,0.1,70.15
3284,L50463,1,301.2,309.9,1449,45.5,23,0,0,0,0,0,0,8.699999999999989,305.54999999999995,65929.5,0.03,283.58
3285,H32698,0,301.2,309.9,1362,50.7,25,0,0,0,0,0,0,8.699999999999989,305.54999999999995,69053.40000000001,0.12,98.81
3286,L50465,1,301.2,309.9,1687,29.7,30,0,0,0,0,0,0,8.699999999999989,305.54999999999995,50103.9,0.17,86.77
3287,L50466,1,301.2,310.0,1618,37.6,32,0,0,0,0,0,0,8.800000000000011,305.6,60836.8,0.18,414.75
3288,M18147,2,301.2,310.1,1558,32.6,34,0,0,0,0,0,0,8.900000000000034,305.65,50790.8,0.25,602.77
3289,L50468,1,301.3,310.1,1662,31.0,37,0,0,0,0,0,0,8.800000000000011,305.70000000000005,51522.0,0.16,284.24
3290,M18149,2,301.2,310.1,1295,56.6,39,0,0,0,0,0,0,8.900000000000034,305.65,73297.0,0.07,325.68
3291,L50470,1,301.2,310.2,1385,42.3,42,0,0,0,0,0,0,9.0,305.7,58585.49999999999,0.08,227.65
3292,M18151,2,301.2,310.1,1479,45.5,44,0,0,0,0,0,0,8.900000000000034,305.65,67294.5,0.03,358.3
3293,L50472,1,301.3,310.3,1400,44.3,47,0,0,0,0,0,0,9.0,305.8,62019.99999999999,0.22,619.25
3294,M18153,2,301.2,310.3,1357,54.5,49,0,0,0,0,0,0,9.100000000000023,305.75,73956.5,0.03,235.57
3295,L50474,1,301.1,310.2,1657,34.1,52,0,0,0,0,0,0,9.099999999999966,305.65,56503.700000000004,0.18,285.86
3296,L50475,1,301.1,310.2,1496,43.4,54,0,0,0,0,0,0,9.099999999999966,305.65,64926.4,0.18,231.45
3297,M18156,2,301.2,310.3,1379,43.2,56,0,0,0,0,0,0,9.100000000000023,305.75,59572.8,0.24,658.85
3298,L50477,1,301.2,310.3,1548,38.6,59,0,0,0,0,0,0,9.100000000000023,305.75,59752.8,0.02,144.52
3299,L50478,1,301.2,310.3,1499,38.1,61,0,0,0,0,0,0,9.100000000000023,305.75,57111.9,0.06,420.8
3300,L50479,1,301.3,310.5,1390,45.8,63,0,0,0,0,0,0,9.199999999999989,305.9,63661.99999999999,0.27,701.61
3301,H32714,0,301.3,310.4,1538,38.4,65,0,0,0,0,0,0,9.099999999999966,305.85,59059.2,0.17,419.8
3302,L50481,1,301.3,310.5,1365,47.7,70,0,0,0,0,0,0,9.199999999999989,305.9,65110.50000000001,0.14,465.07
3303,L50482,1,301.3,310.5,1503,48.6,72,0,0,0,0,0,0,9.199999999999989,305.9,73045.8,0.22,729.86
3304,L50483,1,301.2,310.4,1390,49.9,74,0,0,0,0,0,0,9.199999999999989,305.79999999999995,69361.0,0.27,518.77
3305,L50484,1,301.2,310.3,1497,45.7,76,0,0,0,0,0,0,9.100000000000023,305.75,68412.90000000001,0.08,323.54
3306,M18165,2,301.3,310.4,1577,48.3,78,0,0,0,0,0,0,9.099999999999966,305.85,76169.09999999999,0.27,624.84
3307,L50486,1,301.4,310.5,1432,54.3,81,0,0,0,0,0,0,9.100000000000023,305.95,77757.59999999999,0.03,626.69
3308,M18167,2,301.4,310.5,1563,39.9,83,0,0,0,0,0,0,9.100000000000023,305.95,62363.7,0.29,946.61
3309,L50488,1,301.4,310.4,1433,43.4,86,0,0,0,0,0,0,9.0,305.9,62192.2,0.05,465.18
3310,L50489,1,301.3,310.4,1384,50.1,88,0,0,0,0,0,0,9.099999999999966,305.85,69338.40000000001,0.08,413.18
3311,L50490,1,301.3,310.4,1346,46.7,90,0,0,0,0,0,0,9.099999999999966,305.85,62858.200000000004,0.03,639.62
3312,L50491,1,301.3,310.4,1459,44.7,92,0,0,0,0,0,0,9.099999999999966,305.85,65217.3,0.24,449.61
3313,L50492,1,301.4,310.4,1639,28.9,94,0,0,0,0,0,0,9.0,305.9,47367.1,0.3,807.14
3314,L50493,1,301.4,310.4,1737,31.9,96,0,0,0,0,0,0,9.0,305.9,55410.299999999996,0.09,563.41
3315,L50494,1,301.4,310.5,1489,43.5,98,0,0,0,0,0,0,9.100000000000023,305.95,64771.5,0.1,784.07
3316,M18175,2,301.5,310.6,1492,43.0,100,0,0,0,0,0,0,9.100000000000023,306.05,64156.0,0.08,789.25
3317,M18176,2,301.4,310.5,1217,60.6,103,0,0,0,0,0,0,9.100000000000023,305.95,73750.2,0.05,423.62
3318,L50497,1,301.5,310.5,1636,28.7,106,0,0,0,0,0,0,9.0,306.0,46953.2,0.24,795.15
3319,L50498,1,301.4,310.4,1436,49.7,108,0,0,0,0,0,0,9.0,305.9,71369.2,0.02,474.41
3320,L50499,1,301.4,310.4,1689,30.6,110,0,0,0,0,0,0,9.0,305.9,51683.4,0.29,796.0
3321,L50500,1,301.5,310.5,2289,16.4,112,0,0,0,0,0,0,9.0,306.0,37539.6,0.28,932.61
3322,L50501,1,301.5,310.6,1522,41.0,114,0,0,0,0,0,0,9.100000000000023,306.05,62402.0,0.04,559.77
3323,L50502,1,301.5,310.5,1351,52.9,116,0,0,0,0,0,0,9.0,306.0,71467.9,0.16,769.09
3324,L50503,1,301.5,310.5,1589,36.7,118,0,0,0,0,0,0,9.0,306.0,58316.3,0.3,1033.59
3325,L50504,1,301.5,310.6,1578,34.1,120,0,0,0,0,0,0,9.100000000000023,306.05,53809.8,0.26,1087.27
3326,L50505,1,301.5,310.6,1587,33.7,122,0,0,0,0,0,0,9.100000000000023,306.05,53481.9,0.21,863.3
3327,L50506,1,301.5,310.6,1962,20.2,124,0,0,0,0,0,0,9.100000000000023,306.05,39632.4,0.01,647.66
3328,M18187,2,301.5,310.6,2432,14.2,126,0,0,0,0,0,0,9.100000000000023,306.05,34534.4,0.02,483.91
3329,L50508,1,301.6,310.6,1418,43.9,129,0,0,0,0,0,0,9.0,306.1,62250.2,0.24,1122.87
3330,L50509,1,301.6,310.7,1683,29.7,131,0,0,0,0,0,0,9.099999999999966,306.15,49985.1,0.11,839.36
3331,L50510,1,301.7,310.8,1385,50.7,133,0,0,0,0,0,0,9.100000000000023,306.25,70219.5,0.2,885.43
3332,L50511,1,301.7,310.8,1559,44.5,135,0,0,0,0,0,0,9.100000000000023,306.25,69375.5,0.22,907.76
3333,M18192,2,301.7,310.8,1671,31.6,137,0,0,0,0,0,0,9.100000000000023,306.25,52803.600000000006,0.13,869.1
3334,M18193,2,301.6,310.8,1343,49.5,140,0,0,0,0,0,0,9.199999999999989,306.20000000000005,66478.5,0.04,855.77
3335,M18194,2,301.6,310.8,1548,34.2,143,0,0,0,0,0,0,9.199999999999989,306.20000000000005,52941.600000000006,0.12,969.33
3336,L50515,1,301.7,310.9,1705,31.2,146,0,0,0,0,0,0,9.199999999999989,306.29999999999995,53196.0,0.26,1231.62
3337,L50516,1,301.6,310.8,1535,35.4,148,0,0,0,0,0,0,9.199999999999989,306.20000000000005,54339.0,0.1,876.4
3338,L50517,1,301.6,310.8,1564,34.1,150,0,0,0,0,0,0,9.199999999999989,306.20000000000005,53332.4,0.02,1033.13
3339,M18198,2,301.6,310.9,1510,40.9,152,0,0,0,0,0,0,9.299999999999955,306.25,61759.0,0.29,1208.66
3340,L50519,1,301.6,310.9,1492,45.2,155,0,0,0,0,0,0,9.299999999999955,306.25,67438.40000000001,0.2,965.98
3341,M18200,2,301.5,310.8,1452,44.1,157,0,0,0,0,0,0,9.300000000000011,306.15,64033.200000000004,0.16,694.89
3342,H32755,0,301.4,310.7,1329,52.0,160,0,0,0,0,0,0,9.300000000000011,306.04999999999995,69108.0,0.25,1062.83
3343,L50522,1,301.5,310.8,1382,52.4,165,0,0,0,0,0,0,9.300000000000011,306.15,72416.8,0.12,1178.77
3344,M18203,2,301.5,310.8,1628,36.4,167,0,0,0,0,0,0,9.300000000000011,306.15,59259.2,0.3,1018.71
3345,L50524,1,301.4,310.7,1706,27.9,170,0,0,0,0,0,0,9.300000000000011,306.04999999999995,47597.399999999994,0.26,1122.37
3346,L50525,1,301.3,310.7,1594,34.1,172,0,0,0,0,0,0,9.399999999999977,306.0,54355.4,0.08,964.78
3347,L50526,1,301.3,310.7,1761,24.3,174,0,0,0,0,0,0,9.399999999999977,306.0,42792.3,0.11,1121.32
3348,L50527,1,301.3,310.6,1529,41.8,176,0,0,0,0,0,0,9.300000000000011,305.95000000000005,63912.2,0.08,901.83
3349,M18208,2,301.3,310.7,1532,40.7,178,0,0,0,0,0,0,9.399999999999977,306.0,62352.4,0.2,959.59
3350,L50529,1,301.4,310.7,1673,27.8,181,0,0,0,0,0,0,9.300000000000011,306.04999999999995,46509.4,0.19,1180.5
3351,L50530,1,301.4,310.8,1285,62.6,183,1,0,0,0,1,0,9.400000000000034,306.1,80441.0,8.05,8853.49
3352,L50531,1,301.4,310.8,1680,31.4,185,0,0,0,0,0,0,9.400000000000034,306.1,52752.0,0.29,939.67
3353,L50532,1,301.4,310.8,1610,34.6,187,0,0,0,0,0,0,9.400000000000034,306.1,55706.0,0.14,1351.06
3354,L50533,1,301.6,310.9,1632,31.6,189,0,0,0,0,0,0,9.299999999999955,306.25,51571.200000000004,0.24,1324.05
3355,L50534,1,301.6,310.9,1559,40.2,191,0,0,0,0,0,0,9.299999999999955,306.25,62671.8,0.2,1437.51
3356,L50535,1,301.5,310.8,1367,49.0,193,0,0,0,0,0,0,9.300000000000011,306.15,66983.0,0.16,1256.1
3357,L50536,1,301.6,310.8,1355,57.8,195,1,0,0,0,1,0,9.199999999999989,306.20000000000005,78319.0,7.5,8577.05
3358,H32771,0,301.6,310.7,1414,51.7,197,0,0,0,0,0,0,9.099999999999966,306.15,73103.8,0.2,1240.43
3359,L50538,1,301.5,310.6,1522,36.6,202,0,0,0,0,0,0,9.100000000000023,306.05,55705.200000000004,0.19,1172.1
3360,L50539,1,301.5,310.6,1525,41.9,204,0,0,0,0,0,0,9.100000000000023,306.05,63897.5,0.04,1136.82
3361,L50540,1,301.5,310.6,1394,46.5,206,0,0,0,0,0,0,9.100000000000023,306.05,64821.0,0.24,1187.02
3362,L50541,1,301.5,310.6,1519,40.7,208,0,0,0,0,0,0,9.100000000000023,306.05,61823.3,0.14,1019.62
3363,L50542,1,301.4,310.6,1445,43.9,210,0,0,0,0,0,0,9.200000000000045,306.0,63435.5,0.1,1100.17
3364,L50543,1,301.4,310.6,1555,43.3,212,0,0,0,0,0,0,9.200000000000045,306.0,67331.5,0.25,1503.72
3365,L50544,1,301.4,310.5,1633,39.5,0,0,0,0,0,0,0,9.100000000000023,305.95,64503.5,0.1,0.0
3366,M18225,2,301.4,310.6,1630,30.3,2,0,0,0,0,0,0,9.200000000000045,306.0,49389.0,0.19,17.52
3367,M18226,2,301.4,310.7,1692,32.3,5,0,0,0,0,0,0,9.300000000000011,306.04999999999995,54651.6,0.19,303.7
3368,H32781,0,301.5,310.7,1790,26.2,8,0,0,0,0,0,0,9.199999999999989,306.1,46898.0,0.02,0.0
3369,L50548,1,301.5,310.8,1350,58.5,13,0,0,0,0,0,0,9.300000000000011,306.15,78975.0,0.13,267.82
3370,L50549,1,301.5,310.9,2760,8.0,15,1,0,0,1,0,0,9.399999999999977,306.2,22080.0,6.1,6323.48
3371,L50550,1,301.4,310.7,1584,32.2,17,0,0,0,0,0,0,9.300000000000011,306.04999999999995,51004.8,0.06,214.23
3372,L50551,1,301.4,310.7,1989,21.8,19,0,0,0,0,0,0,9.300000000000011,306.04999999999995,43360.200000000004,0.2,200.16
3373,L50552,1,301.4,310.8,1431,44.3,21,0,0,0,0,0,0,9.400000000000034,306.1,63393.299999999996,0.0,297.44
3374,L50553,1,301.4,310.7,1568,35.2,23,0,0,0,0,0,0,9.300000000000011,306.04999999999995,55193.600000000006,0.29,516.32
3375,L50554,1,301.4,310.7,1376,50.6,25,0,0,0,0,0,0,9.300000000000011,306.04999999999995,69625.6,0.12,249.02
3376,M18235,2,301.4,310.6,1459,46.9,27,0,0,0,0,0,0,9.200000000000045,306.0,68427.09999999999,0.09,221.76
3377,M18236,2,301.5,310.8,1385,47.5,30,0,0,0,0,0,0,9.300000000000011,306.15,65787.5,0.28,486.1
3378,H32791,0,301.5,310.8,1591,29.6,33,0,0,0,0,0,0,9.300000000000011,306.15,47093.600000000006,0.15,268.2
3379,L50558,1,301.5,310.7,1568,33.1,38,0,0,0,0,0,0,9.199999999999989,306.1,51900.8,0.18,125.32
3380,M18239,2,301.4,310.7,1459,37.7,40,0,0,0,0,0,0,9.300000000000011,306.04999999999995,55004.3,0.21,522.52
3381,L50560,1,301.4,310.7,1590,36.3,43,0,0,0,0,0,0,9.300000000000011,306.04999999999995,57716.99999999999,0.26,578.61
3382,L50561,1,301.3,310.6,1376,47.6,45,0,0,0,0,0,0,9.300000000000011,305.95000000000005,65497.6,0.04,0.0
3383,L50562,1,301.3,310.6,1510,38.5,47,0,0,0,0,0,0,9.300000000000011,305.95000000000005,58135.0,0.02,331.6
3384,H32797,0,301.4,310.6,1674,33.6,49,0,0,0,0,0,0,9.200000000000045,306.0,56246.4,0.3,808.47
3385,L50564,1,301.3,310.6,1426,40.7,54,0,0,0,0,0,0,9.300000000000011,305.95000000000005,58038.200000000004,0.0,100.85
3386,L50565,1,301.5,310.7,1466,43.6,56,0,0,0,0,0,0,9.199999999999989,306.1,63917.6,0.21,479.01
3387,H32800,0,301.5,310.8,1474,38.7,58,0,0,0,0,0,0,9.300000000000011,306.15,57043.8,0.18,442.7
3388,M18247,2,301.6,310.8,1290,65.3,63,0,0,0,0,0,0,9.199999999999989,306.20000000000005,84237.0,0.17,734.06
3389,M18248,2,301.7,310.9,1435,48.0,66,0,0,0,0,0,0,9.199999999999989,306.29999999999995,68880.0,0.24,738.14
3390,M18249,2,301.5,310.7,1416,53.2,69,0,0,0,0,0,0,9.199999999999989,306.1,75331.2,0.3,513.24
3391,H32804,0,301.5,310.7,1599,40.4,72,0,0,0,0,0,0,9.199999999999989,306.1,64599.6,0.01,421.32
3392,L50571,1,301.5,310.7,1466,47.3,77,0,0,0,0,0,0,9.199999999999989,306.1,69341.8,0.18,910.4
3393,L50572,1,301.5,310.7,1408,47.3,79,0,0,0,0,0,0,9.199999999999989,306.1,66598.4,0.22,521.29
3394,L50573,1,301.5,310.6,1490,48.1,81,0,0,0,0,0,0,9.100000000000023,306.05,71669.0,0.09,493.33
3395,L50574,1,301.5,310.6,1405,42.3,83,0,0,0,0,0,0,9.100000000000023,306.05,59431.49999999999,0.27,762.03
3396,L50575,1,301.4,310.5,1647,33.3,85,0,0,0,0,0,0,9.100000000000023,305.95,54845.1,0.14,473.49
3397,M18256,2,301.4,310.6,1459,35.0,87,0,0,0,0,0,0,9.200000000000045,306.0,51065.0,0.05,749.48
3398,L50577,1,301.4,310.6,1648,30.7,90,0,0,0,0,0,0,9.200000000000045,306.0,50593.6,0.26,639.1
3399,L50578,1,301.4,310.7,1675,30.7,92,0,0,0,0,0,0,9.300000000000011,306.04999999999995,51422.5,0.28,531.64
3400,L50579,1,301.4,310.7,1605,34.2,94,0,0,0,0,0,0,9.300000000000011,306.04999999999995,54891.00000000001,0.03,421.25
3401,H32814,0,301.4,310.7,1536,44.4,96,0,0,0,0,0,0,9.300000000000011,306.04999999999995,68198.4,0.23,807.95
3402,M18261,2,301.4,310.7,1617,34.3,101,0,0,0,0,0,0,9.300000000000011,306.04999999999995,55463.1,0.06,445.27
3403,L50582,1,301.4,310.6,1347,53.3,104,0,0,0,0,0,0,9.200000000000045,306.0,71795.09999999999,0.0,565.33
3404,L50583,1,301.3,310.5,1337,52.7,106,0,0,0,0,0,0,9.199999999999989,305.9,70459.90000000001,0.08,694.38
3405,L50584,1,301.3,310.4,1695,30.9,108,0,0,0,0,0,0,9.099999999999966,305.85,52375.5,0.26,618.66
3406,M18265,2,301.3,310.4,1635,32.5,110,0,0,0,0,0,0,9.099999999999966,305.85,53137.5,0.04,505.44
3407,L50586,1,301.2,310.4,1470,44.0,113,0,0,0,0,0,0,9.199999999999989,305.79999999999995,64680.0,0.04,657.35
3408,L50587,1,301.2,310.4,1381,49.8,115,0,0,0,0,0,0,9.199999999999989,305.79999999999995,68773.8,0.22,900.36
3409,M18268,2,301.2,310.4,1382,41.6,117,0,0,0,0,0,0,9.199999999999989,305.79999999999995,57491.200000000004,0.12,624.18
3410,M18269,2,301.2,310.4,1697,30.0,120,0,0,0,0,0,0,9.199999999999989,305.79999999999995,50910.0,0.04,662.77
3411,L50590,1,301.2,310.3,1451,39.7,123,0,0,0,0,0,0,9.100000000000023,305.75,57604.700000000004,0.07,642.41
3412,L50591,1,301.3,310.3,1419,55.7,125,0,0,0,0,0,0,9.0,305.8,79038.3,0.24,974.18
3413,L50592,1,301.3,310.3,1313,55.6,127,0,0,0,0,0,0,9.0,305.8,73002.8,0.19,902.91
3414,L50593,1,301.3,310.3,1560,36.3,129,0,0,0,0,0,0,9.0,305.8,56627.99999999999,0.23,818.98
3415,L50594,1,301.3,310.3,1555,41.2,131,0,0,0,0,0,0,9.0,305.8,64066.00000000001,0.03,756.77
3416,L50595,1,301.4,310.4,1579,36.9,133,0,0,0,0,0,0,9.0,305.9,58265.1,0.14,743.11
3417,L50596,1,301.5,310.5,1435,44.6,135,0,0,0,0,0,0,9.0,306.0,64001.0,0.24,983.6
3418,L50597,1,301.6,310.6,1621,33.7,137,0,0,0,0,0,0,9.0,306.1,54627.700000000004,0.08,835.69
3419,H32832,0,301.6,310.6,1555,40.4,139,0,0,0,0,0,0,9.0,306.1,62822.0,0.05,1100.66
3420,L50599,1,301.5,310.5,1611,33.8,144,0,0,0,0,0,0,9.0,306.0,54451.799999999996,0.11,779.56
3421,L50600,1,301.6,310.6,1834,23.5,146,0,0,0,0,0,0,9.0,306.1,43099.0,0.1,808.81
3422,M18281,2,301.5,310.5,1612,29.8,148,0,0,0,0,0,0,9.0,306.0,48037.6,0.06,702.92
3423,L50602,1,301.5,310.4,1629,34.1,151,0,0,0,0,0,0,8.899999999999977,305.95,55548.9,0.29,890.08
3424,L50603,1,301.4,310.4,1496,35.2,153,0,0,0,0,0,0,9.0,305.9,52659.200000000004,0.14,836.53
3425,L50604,1,301.5,310.5,1593,32.9,155,0,0,0,0,0,0,9.0,306.0,52409.7,0.18,1054.77
3426,M18285,2,301.5,310.5,1623,33.5,157,0,0,0,0,0,0,9.0,306.0,54370.5,0.04,935.62
3427,L50606,1,301.5,310.5,1380,48.7,160,0,0,0,0,0,0,9.0,306.0,67206.0,0.18,1024.35
3428,L50607,1,301.6,310.6,1562,34.4,162,0,0,0,0,0,0,9.0,306.1,53732.799999999996,0.17,935.64
3429,L50608,1,301.6,310.6,1391,49.4,164,0,0,0,0,0,0,9.0,306.1,68715.4,0.28,1025.99
3430,H32843,0,301.5,310.5,1551,34.3,166,0,0,0,0,0,0,9.0,306.0,53199.299999999996,0.12,812.48
3431,H32844,0,301.6,310.6,1821,26.2,171,0,0,0,0,0,0,9.0,306.1,47710.2,0.23,1001.47
3432,L50611,1,301.6,310.7,1429,43.6,176,0,0,0,0,0,0,9.099999999999966,306.15,62304.4,0.09,775.73
3433,M18292,2,301.6,310.7,2012,20.7,178,0,0,0,0,0,0,9.099999999999966,306.15,41648.4,0.17,1263.68
3434,M18293,2,301.6,310.6,1924,23.6,181,0,0,0,0,0,0,9.0,306.1,45406.4,0.28,1460.57
3435,M18294,2,301.5,310.5,1412,44.1,184,0,0,0,0,0,0,9.0,306.0,62269.200000000004,0.19,819.62
3436,L50615,1,301.5,310.5,1389,54.9,187,0,0,0,0,0,0,9.0,306.0,76256.09999999999,0.21,1188.39
3437,L50616,1,301.5,310.5,1466,48.1,189,0,0,0,0,0,0,9.0,306.0,70514.6,0.26,1245.9
3438,L50617,1,301.5,310.5,2297,15.8,191,0,0,0,0,0,0,9.0,306.0,36292.6,0.28,1266.32
3439,L50618,1,301.4,310.4,1471,37.5,193,0,0,0,0,0,0,9.0,305.9,55162.5,0.06,936.09
3440,L50619,1,301.4,310.3,1492,41.4,195,0,0,0,0,0,0,8.900000000000034,305.85,61768.799999999996,0.06,1188.38
3441,L50620,1,301.3,310.3,1460,41.5,197,0,0,0,0,0,0,9.0,305.8,60590.0,0.17,1216.57
3442,L50621,1,301.4,310.4,1559,39.4,199,0,0,0,0,0,0,9.0,305.9,61424.6,0.3,1450.12
3443,M18302,2,301.4,310.5,1495,52.5,201,0,0,0,0,0,0,9.100000000000023,305.95,78487.5,0.15,1044.37
3444,L50623,1,301.5,310.5,1535,39.0,204,0,0,0,0,0,0,9.0,306.0,59865.0,0.1,912.52
3445,L50624,1,301.5,310.6,1381,50.7,206,0,0,0,0,0,0,9.100000000000023,306.05,70016.7,0.16,1255.24
3446,M18305,2,301.6,310.6,1599,36.1,208,0,0,0,0,0,0,9.0,306.1,57723.9,0.02,915.56
3447,H32860,0,301.6,310.6,1400,49.5,211,0,0,0,0,0,0,9.0,306.1,69300.0,0.05,1263.19
3448,L50627,1,301.7,310.6,1624,34.5,216,0,0,0,0,0,0,8.900000000000034,306.15,56028.0,0.04,801.01
3449,L50628,1,301.6,310.6,1478,36.6,218,0,0,0,0,0,0,9.0,306.1,54094.8,0.01,1029.72
3450,L50629,1,301.7,310.7,1605,33.3,220,0,0,0,0,0,0,9.0,306.2,53446.49999999999,0.22,1227.61
3451,L50630,1,301.6,310.6,1506,43.4,222,0,0,0,0,0,0,9.0,306.1,65360.4,0.1,1160.14
3452,L50631,1,301.6,310.6,1455,43.9,0,0,0,0,0,0,0,9.0,306.1,63874.5,0.05,89.16
3453,H32866,0,301.6,310.5,1602,32.3,2,0,0,0,0,0,1,8.899999999999977,306.05,51744.6,4.55,4619.44
3454,L50633,1,301.5,310.4,1425,54.4,7,0,0,0,0,0,0,8.899999999999977,305.95,77520.0,0.1,230.96
3455,L50634,1,301.5,310.4,1918,21.8,9,0,0,0,0,0,0,8.899999999999977,305.95,41812.4,0.12,278.25
3456,H32869,0,301.4,310.3,1611,41.5,11,0,0,0,0,0,0,8.900000000000034,305.85,66856.5,0.09,119.27
3457,H32870,0,301.4,310.4,1610,38.6,16,0,0,0,0,0,0,9.0,305.9,62146.0,0.0,396.31
3458,M18317,2,301.5,310.4,2639,12.0,21,1,0,0,1,0,0,8.899999999999977,305.95,31668.0,5.25,5563.06
3459,L50638,1,301.5,310.4,1329,46.6,24,0,0,0,0,0,0,8.899999999999977,305.95,61931.4,0.03,103.2
3460,L50639,1,301.5,310.4,1270,54.2,26,0,0,0,0,0,0,8.899999999999977,305.95,68834.0,0.07,179.47
3461,L50640,1,301.5,310.3,1415,41.6,28,0,0,0,0,0,0,8.800000000000011,305.9,58864.0,0.06,150.04
3462,H32875,0,301.6,310.4,1330,49.5,30,0,0,0,0,0,0,8.799999999999955,306.0,65835.0,0.1,304.49
3463,H32876,0,301.6,310.5,1786,27.1,35,0,0,0,0,0,0,8.899999999999977,306.05,48400.600000000006,0.05,79.21
3464,L50643,1,301.6,310.5,1809,25.5,40,0,0,0,0,0,0,8.899999999999977,306.05,46129.5,0.1,181.57
3465,L50644,1,301.7,310.6,1303,59.7,42,0,0,0,0,0,0,8.900000000000034,306.15,77789.1,0.07,0.0
3466,M18325,2,301.8,310.7,1383,45.7,44,0,0,0,0,0,0,8.899999999999977,306.25,63203.100000000006,0.02,180.2
3467,L50646,1,301.7,310.6,1447,56.9,47,0,0,0,0,0,0,8.900000000000034,306.15,82334.3,0.26,654.71
3468,L50647,1,301.8,310.7,1461,44.2,49,0,0,0,0,0,0,8.899999999999977,306.25,64576.200000000004,0.09,312.18
3469,L50648,1,301.8,310.7,2092,18.6,51,0,0,0,0,0,0,8.899999999999977,306.25,38911.200000000004,0.03,270.58
3470,M18329,2,301.8,310.7,1429,47.9,53,0,0,0,0,0,0,8.899999999999977,306.25,68449.09999999999,0.16,466.72
3471,L50650,1,301.8,310.8,1736,26.5,56,0,0,0,0,0,0,9.0,306.3,46004.0,0.04,169.66
3472,L50651,1,301.8,310.7,1441,49.3,58,0,0,0,0,0,0,8.899999999999977,306.25,71041.3,0.23,523.79
3473,L50652,1,301.8,310.7,1523,43.3,60,0,0,0,0,0,0,8.899999999999977,306.25,65945.9,0.02,453.55
3474,M18333,2,301.8,310.8,1691,33.4,62,0,0,0,0,0,0,9.0,306.3,56479.399999999994,0.14,495.98
3475,M18334,2,301.9,310.8,1557,35.3,65,0,0,0,0,0,0,8.900000000000034,306.35,54962.1,0.28,751.72
3476,L50655,1,301.8,310.7,1644,33.4,68,0,0,0,0,0,0,8.899999999999977,306.25,54909.6,0.05,579.62
3477,L50656,1,301.8,310.6,1522,43.8,70,0,0,0,0,0,0,8.800000000000011,306.20000000000005,66663.59999999999,0.06,509.39
3478,L50657,1,301.8,310.7,1547,41.7,72,0,0,0,0,0,0,8.899999999999977,306.25,64509.9,0.18,432.99
3479,L50658,1,301.8,310.7,1597,30.8,74,0,0,0,0,0,0,8.899999999999977,306.25,49187.6,0.29,608.38
3480,M18339,2,301.8,310.8,1619,31.0,76,0,0,0,0,0,0,9.0,306.3,50189.0,0.12,789.72
3481,L50660,1,301.9,310.8,1400,58.2,79,0,0,0,0,0,0,8.900000000000034,306.35,81480.0,0.19,632.13
3482,L50661,1,302.0,310.9,1663,31.5,81,0,0,0,0,0,0,8.899999999999977,306.45,52384.5,0.05,482.14
3483,L50662,1,301.9,310.8,1540,37.6,83,0,0,0,0,0,0,8.900000000000034,306.35,57904.0,0.19,476.01
3484,H32897,0,301.9,310.8,1455,42.7,85,0,0,0,0,0,0,8.900000000000034,306.35,62128.50000000001,0.08,491.28
3485,L50664,1,301.9,310.8,1519,39.0,90,0,0,0,0,0,0,8.900000000000034,306.35,59241.0,0.18,737.46
3486,L50665,1,301.9,310.8,1427,47.7,92,0,0,0,0,0,0,8.900000000000034,306.35,68067.90000000001,0.03,492.23
3487,L50666,1,301.9,310.8,1650,29.8,94,0,0,0,0,0,0,8.900000000000034,306.35,49170.0,0.16,552.09
3488,M18347,2,301.8,310.8,1508,38.8,96,0,0,0,0,0,0,9.0,306.3,58510.399999999994,0.07,506.89
3489,L50668,1,301.9,310.9,1379,54.8,99,0,0,0,0,0,0,9.0,306.4,75569.2,0.2,873.77
3490,L50669,1,301.9,310.9,1542,36.7,101,0,0,0,0,0,0,9.0,306.4,56591.4,0.22,825.17
3491,M18350,2,301.9,310.9,1763,28.4,103,0,0,0,0,0,0,9.0,306.4,50069.2,0.25,845.11
3492,H32905,0,301.9,310.9,1590,34.3,106,0,0,0,0,0,0,9.0,306.4,54536.99999999999,0.3,896.13
3493,H32906,0,301.9,311.0,1336,63.6,111,0,0,0,0,0,0,9.100000000000023,306.45,84969.6,0.14,517.55
3494,M18353,2,301.9,311.0,1638,35.4,116,0,0,0,0,0,0,9.100000000000023,306.45,57985.2,0.2,820.85
3495,L50674,1,301.9,311.0,1356,45.7,119,0,0,0,0,0,0,9.100000000000023,306.45,61969.200000000004,0.01,765.2
3496,M18355,2,301.9,311.0,1384,47.4,121,0,0,0,0,0,0,9.100000000000023,306.45,65601.59999999999,0.27,835.86
3497,L50676,1,301.9,310.9,1309,48.0,124,0,0,0,0,0,0,9.0,306.4,62832.0,0.18,946.61
3498,L50677,1,301.9,311.0,1642,33.1,126,0,0,0,0,0,0,9.100000000000023,306.45,54350.200000000004,0.13,841.78
3499,L50678,1,301.9,311.0,1289,54.9,128,0,0,0,0,0,0,9.100000000000023,306.45,70766.09999999999,0.13,894.15
3500,L50679,1,301.9,311.0,1353,43.8,130,0,0,0,0,0,0,9.100000000000023,306.45,59261.399999999994,0.23,887.64
3501,H32914,0,301.9,311.0,1871,26.0,132,0,0,0,0,0,0,9.100000000000023,306.45,48646.0,0.25,1042.99
3502,H32915,0,301.9,311.0,1291,63.6,137,0,0,0,0,0,0,9.100000000000023,306.45,82107.6,0.24,705.3
3503,M18362,2,301.8,310.9,1346,44.6,142,0,0,0,0,0,0,9.099999999999966,306.35,60031.6,0.15,864.97
3504,L50683,1,301.7,310.8,1493,47.6,145,0,0,0,0,0,0,9.100000000000023,306.25,71066.8,0.11,941.95
3505,M18364,2,301.7,310.8,1524,41.3,147,0,0,0,0,0,0,9.100000000000023,306.25,62941.2,0.28,1059.44
3506,L50685,1,301.6,310.8,1726,26.7,150,0,0,0,0,0,0,9.199999999999989,306.20000000000005,46084.2,0.19,1104.34
3507,H32920,0,301.6,310.8,1435,47.2,152,0,0,0,0,0,0,9.199999999999989,306.20000000000005,67732.0,0.16,896.44
3508,M18367,2,301.7,310.8,1502,34.4,157,0,0,0,0,0,0,9.100000000000023,306.25,51668.799999999996,0.18,882.88
3509,L50688,1,301.7,310.9,1608,33.0,160,0,0,0,0,0,0,9.199999999999989,306.29999999999995,53064.0,0.19,744.14
3510,L50689,1,301.8,311.0,1771,27.2,162,0,0,0,0,0,0,9.199999999999989,306.4,48171.2,0.21,979.06
3511,L50690,1,301.7,311.0,1474,42.6,164,0,0,0,0,0,0,9.300000000000011,306.35,62792.4,0.17,1067.53
3512,L50691,1,301.8,311.0,1322,53.0,166,0,0,0,0,0,0,9.199999999999989,306.4,70066.0,0.26,1204.15
3513,M18372,2,301.8,311.0,1393,49.5,168,0,0,0,0,0,0,9.199999999999989,306.4,68953.5,0.26,890.12
3514,M18373,2,301.9,311.1,1417,52.5,171,0,0,0,0,0,0,9.200000000000045,306.5,74392.5,0.13,1161.3
3515,H32928,0,301.9,311.0,1430,49.8,174,0,0,0,0,0,0,9.100000000000023,306.45,71214.0,0.05,773.84
3516,M18375,2,301.9,311.1,1605,40.0,179,0,0,0,0,0,0,9.200000000000045,306.5,64200.0,0.17,1046.83
3517,L50696,1,302.0,311.1,1402,47.8,182,0,0,0,0,0,0,9.100000000000023,306.55,67015.59999999999,0.19,1014.68
3518,L50697,1,302.0,311.0,1550,35.2,184,0,0,0,0,0,0,9.0,306.5,54560.00000000001,0.16,1142.59
3519,L50698,1,301.9,311.0,1376,44.9,186,0,0,0,0,0,0,9.100000000000023,306.45,61782.4,0.27,1214.11
3520,M18379,2,301.9,310.9,1569,32.5,188,0,0,0,0,0,0,9.0,306.4,50992.5,0.03,1071.7
3521,L50700,1,301.9,311.0,1669,32.2,191,0,0,0,0,0,0,9.100000000000023,306.45,53741.8,0.09,1321.57
3522,L50701,1,301.9,311.0,1541,38.9,193,0,0,0,0,0,0,9.100000000000023,306.45,59944.899999999994,0.26,1284.68
3523,L50702,1,301.8,311.0,1651,32.5,195,0,0,0,0,0,0,9.199999999999989,306.4,53657.5,0.28,1168.5
3524,L50703,1,301.8,310.9,1521,39.3,197,0,0,0,0,0,0,9.099999999999966,306.35,59775.299999999996,0.13,1184.16
3525,M18384,2,301.8,310.8,1365,48.2,199,0,0,0,0,0,0,9.0,306.3,65793.0,0.06,1346.77
3526,L50705,1,301.8,310.9,1609,31.7,202,0,0,0,0,0,0,9.099999999999966,306.35,51005.299999999996,0.13,1238.45
3527,H32940,0,301.8,310.8,1470,37.6,204,0,0,0,0,0,0,9.0,306.3,55272.0,0.14,1301.85
3528,M18387,2,301.9,310.9,1573,38.9,209,0,0,0,0,0,0,9.0,306.4,61189.7,0.16,965.96
3529,L50708,1,302.0,310.9,1378,53.1,212,1,0,0,0,1,0,8.899999999999977,306.45,73171.8,6.77,7888.03
3530,L50709,1,301.9,310.9,1567,39.0,214,1,1,0,0,0,0,9.0,306.4,61113.0,1.91,2939.8
3531,M18390,2,301.9,310.9,1441,43.7,0,0,0,0,0,0,0,9.0,306.4,62971.700000000004,0.2,97.98
3532,M18391,2,301.9,310.9,1641,33.2,3,0,0,0,0,0,0,9.0,306.4,54481.200000000004,0.19,201.65
3533,L50712,1,301.9,310.9,1486,40.3,6,0,0,0,0,0,0,9.0,306.4,59885.799999999996,0.2,246.3
3534,L50713,1,302.0,311.0,1563,36.2,8,0,0,0,0,0,0,9.0,306.5,56580.600000000006,0.11,56.34
3535,M18394,2,302.0,311.1,1769,26.0,10,0,0,0,0,0,0,9.100000000000023,306.55,45994.0,0.1,178.27
3536,H32949,0,301.9,311.0,1672,29.9,13,0,0,0,0,0,0,9.100000000000023,306.45,49992.799999999996,0.11,148.98
3537,L50716,1,302.0,311.0,1632,34.2,18,0,0,0,0,0,0,9.0,306.5,55814.4,0.29,485.37
3538,M18397,2,302.0,311.0,1980,21.5,20,0,0,0,0,0,0,9.0,306.5,42570.0,0.12,254.14
3539,L50718,1,302.0,311.1,1635,36.0,23,0,0,0,0,0,0,9.100000000000023,306.55,58860.0,0.18,351.39
3540,L50719,1,302.0,311.0,1686,32.5,25,0,0,0,0,0,0,9.0,306.5,54795.0,0.16,431.91
3541,L50720,1,301.9,310.9,1574,31.4,27,0,0,0,0,0,0,9.0,306.4,49423.6,0.26,478.24
3542,L50721,1,301.8,310.8,1546,43.4,29,0,0,0,0,0,0,9.0,306.3,67096.4,0.11,254.09
3543,L50722,1,301.8,310.9,1899,24.7,31,0,0,0,0,0,0,9.099999999999966,306.35,46905.299999999996,0.13,0.0
3544,L50723,1,301.8,310.9,1449,36.5,33,0,0,0,0,0,0,9.099999999999966,306.35,52888.5,0.25,492.06
3545,M18404,2,301.9,310.9,1483,37.0,35,0,0,0,0,0,0,9.0,306.4,54871.0,0.05,88.21
3546,L50725,1,301.8,310.8,1576,38.6,38,0,0,0,0,0,0,9.0,306.3,60833.600000000006,0.18,357.06
3547,M18406,2,301.9,310.9,1317,51.9,40,0,0,0,0,0,0,9.0,306.4,68352.3,0.12,375.66
3548,M18407,2,301.9,311.0,1467,48.1,43,0,0,0,0,0,0,9.100000000000023,306.45,70562.7,0.3,714.95
3549,L50728,1,301.9,310.9,1616,34.5,46,0,0,0,0,0,0,9.0,306.4,55752.0,0.22,726.35
3550,M18409,2,301.8,310.9,1299,60.4,48,0,0,0,0,0,0,9.099999999999966,306.35,78459.59999999999,0.0,101.82
3551,M18410,2,301.9,311.0,1432,41.5,51,0,0,0,0,0,0,9.100000000000023,306.45,59428.0,0.25,307.62
3552,L50731,1,301.9,310.9,1799,24.2,54,0,0,0,0,0,0,9.0,306.4,43535.799999999996,0.21,528.86
3553,M18412,2,301.8,310.9,1358,52.3,56,0,0,0,0,0,0,9.099999999999966,306.35,71023.4,0.17,486.36
3554,M18413,2,301.8,310.8,1618,37.8,59,0,0,0,0,0,0,9.0,306.3,61160.399999999994,0.07,184.72
3555,L50734,1,301.9,310.8,1525,43.2,62,0,0,0,0,0,0,8.900000000000034,306.35,65880.0,0.04,347.51
3556,L50735,1,301.8,310.7,1551,37.7,64,0,0,0,0,0,0,8.899999999999977,306.25,58472.700000000004,0.19,599.63
3557,L50736,1,301.9,310.8,1735,31.5,66,0,0,0,0,0,0,8.900000000000034,306.35,54652.5,0.13,275.48
3558,M18417,2,301.8,310.7,1309,43.3,68,0,0,0,0,0,0,8.899999999999977,306.25,56679.7,0.26,450.81
3559,L50738,1,301.7,310.6,1743,26.2,71,0,0,0,0,0,0,8.900000000000034,306.15,45666.6,0.08,338.38
3560,M18419,2,301.7,310.7,1659,29.9,73,0,0,0,0,0,0,9.0,306.2,49604.1,0.19,523.16
3561,L50740,1,301.8,310.7,1680,32.4,76,0,0,0,0,0,0,8.899999999999977,306.25,54432.0,0.07,554.1
3562,L50741,1,301.7,310.6,1486,38.5,78,0,0,0,0,0,0,8.900000000000034,306.15,57211.0,0.19,531.03
3563,L50742,1,301.7,310.6,1471,43.8,80,0,0,0,0,0,0,8.900000000000034,306.15,64429.799999999996,0.01,418.3
3564,M18423,2,301.8,310.7,1465,35.8,82,0,0,0,0,0,0,8.899999999999977,306.25,52446.99999999999,0.12,866.93
3565,M18424,2,301.7,310.6,1492,42.2,85,0,0,0,0,0,0,8.900000000000034,306.15,62962.4,0.05,331.55
3566,M18425,2,301.8,310.7,1420,52.0,88,0,0,0,0,0,0,8.899999999999977,306.25,73840.0,0.18,522.05
3567,L50746,1,301.8,310.6,1295,62.3,91,0,0,0,0,0,0,8.800000000000011,306.20000000000005,80678.5,0.1,656.71
3568,L50747,1,301.8,310.5,1548,34.1,93,0,0,0,0,0,0,8.699999999999989,306.15,52786.8,0.23,843.21
3569,L50748,1,301.8,310.6,1372,54.7,95,0,0,0,0,0,0,8.800000000000011,306.20000000000005,75048.40000000001,0.03,567.22
3570,M18429,2,301.8,310.6,1552,35.9,97,0,0,0,0,0,0,8.800000000000011,306.20000000000005,55716.799999999996,0.17,926.35
3571,H32984,0,301.8,310.6,1441,46.3,100,0,0,0,0,0,0,8.800000000000011,306.20000000000005,66718.3,0.18,727.62
3572,M18431,2,301.7,310.6,1691,27.7,105,0,0,0,0,0,0,8.900000000000034,306.15,46840.7,0.01,238.58
3573,L50752,1,301.8,310.6,1451,50.7,108,0,0,0,0,0,0,8.800000000000011,306.20000000000005,73565.7,0.01,564.55
3574,L50753,1,301.8,310.6,1452,48.4,110,0,0,0,0,0,0,8.800000000000011,306.20000000000005,70276.8,0.09,554.35
3575,L50754,1,301.7,310.6,1406,46.0,112,0,0,0,0,0,0,8.900000000000034,306.15,64676.0,0.18,947.57
3576,L50755,1,301.7,310.5,1567,39.1,114,0,0,0,0,0,0,8.800000000000011,306.1,61269.700000000004,0.29,1004.69
3577,L50756,1,301.6,310.4,1599,41.7,116,0,0,0,0,0,0,8.799999999999955,306.0,66678.3,0.03,371.55
3578,M18437,2,301.6,310.4,1455,39.0,118,0,0,0,0,0,0,8.799999999999955,306.0,56745.0,0.21,1002.55
3579,M18438,2,301.7,310.5,1625,35.9,121,0,0,0,0,0,0,8.800000000000011,306.1,58337.5,0.21,955.91
3580,L50759,1,301.8,310.6,2672,11.8,124,1,0,0,1,0,0,8.800000000000011,306.20000000000005,31529.600000000002,4.93,5501.33
3581,L50760,1,301.8,310.6,1650,31.9,126,0,0,0,0,0,0,8.800000000000011,306.20000000000005,52635.0,0.15,768.23
3582,M18441,2,301.8,310.6,1459,40.2,128,0,0,0,0,0,0,8.800000000000011,306.20000000000005,58651.8,0.29,1138.83
3583,L50762,1,301.8,310.6,1395,50.5,131,0,0,0,0,0,0,8.800000000000011,306.20000000000005,70447.5,0.15,509.27
3584,L50763,1,301.8,310.7,1751,29.3,133,0,0,0,0,0,0,8.899999999999977,306.25,51304.3,0.25,981.81
3585,L50764,1,301.8,310.6,1192,68.9,135,0,0,0,0,0,0,8.800000000000011,306.20000000000005,82128.8,0.08,919.01
3586,L50765,1,301.9,310.7,1947,25.0,137,0,0,0,0,0,0,8.800000000000011,306.29999999999995,48675.0,0.24,911.69
3587,L50766,1,301.8,310.5,1593,34.9,139,0,0,0,0,0,0,8.699999999999989,306.15,55595.7,0.3,1092.19
3588,H33001,0,301.8,310.5,1478,38.6,141,0,0,0,0,0,0,8.699999999999989,306.15,57050.8,0.27,990.47
3589,M18448,2,301.7,310.6,1505,44.5,146,0,0,0,0,0,0,8.900000000000034,306.15,66972.5,0.09,702.39
3590,L50769,1,301.7,310.5,2465,13.7,149,0,0,0,0,0,0,8.800000000000011,306.1,33770.5,0.25,873.65
3591,L50770,1,301.8,310.6,1403,46.8,151,0,0,0,0,0,0,8.800000000000011,306.20000000000005,65660.4,0.03,891.79
3592,M18451,2,301.7,310.5,1458,41.4,153,0,0,0,0,0,0,8.800000000000011,306.1,60361.2,0.2,869.64
3593,H33006,0,301.6,310.4,1369,45.4,156,0,0,0,0,0,0,8.799999999999955,306.0,62152.6,0.1,651.31
3594,M18453,2,301.6,310.4,1377,44.9,161,0,0,0,0,0,0,8.799999999999955,306.0,61827.299999999996,0.2,1023.36
3595,M18454,2,301.6,310.4,1452,45.7,164,0,0,0,0,0,0,8.799999999999955,306.0,66356.40000000001,0.12,863.04
3596,L50775,1,301.6,310.4,1517,41.1,167,0,0,0,0,0,0,8.799999999999955,306.0,62348.700000000004,0.0,655.13
3597,L50776,1,301.7,310.5,1354,50.0,169,0,0,0,0,0,0,8.800000000000011,306.1,67700.0,0.07,925.76
3598,M18457,2,301.7,310.5,1724,33.0,171,0,0,0,0,0,0,8.800000000000011,306.1,56892.0,0.01,980.09
3599,L50778,1,301.7,310.5,1399,53.2,174,0,0,0,0,0,0,8.800000000000011,306.1,74426.8,0.13,1003.02
3600,H33013,0,301.7,310.5,1388,50.5,176,0,0,0,0,0,0,8.800000000000011,306.1,70094.0,0.25,970.06
3601,L50780,1,301.7,310.5,1523,34.7,181,0,0,0,0,0,0,8.800000000000011,306.1,52848.100000000006,0.22,1197.27
3602,L50781,1,301.7,310.5,1377,43.1,183,0,0,0,0,0,0,8.800000000000011,306.1,59348.700000000004,0.24,1310.27
3603,M18462,2,301.7,310.6,1417,45.2,185,0,0,0,0,0,0,8.900000000000034,306.15,64048.4,0.24,1496.96
3604,L50783,1,301.7,310.7,1542,40.0,188,0,0,0,0,0,0,9.0,306.2,61680.0,0.11,1266.28
3605,L50784,1,301.8,310.8,1557,33.3,190,0,0,0,0,0,0,9.0,306.3,51848.1,0.15,949.2
3606,L50785,1,301.7,310.7,1641,31.9,192,0,0,0,0,0,0,9.0,306.2,52347.899999999994,0.15,1238.71
3607,L50786,1,301.7,310.7,1318,55.0,194,0,0,0,0,0,0,9.0,306.2,72490.0,0.03,1038.48
3608,L50787,1,301.6,310.7,1638,33.8,196,0,0,0,0,0,0,9.099999999999966,306.15,55364.399999999994,0.18,987.19
3609,M18468,2,301.7,310.8,1954,21.6,198,0,0,0,0,0,0,9.100000000000023,306.25,42206.4,0.22,1252.57
3610,M18469,2,301.7,310.9,1644,32.5,201,0,0,0,0,0,0,9.199999999999989,306.29999999999995,53430.0,0.18,1472.8
3611,M18470,2,301.7,310.8,1594,32.4,204,0,0,0,0,0,0,9.100000000000023,306.25,51645.6,0.22,1419.38
3612,L50791,1,301.7,310.9,1405,46.4,207,1,1,0,0,0,1,9.199999999999989,306.29999999999995,65192.0,1.39,2272.98
3613,L50792,1,301.7,310.8,1622,37.8,0,0,0,0,0,0,0,9.100000000000023,306.25,61311.6,0.23,232.06
3614,L50793,1,301.7,310.9,1557,39.4,2,0,0,0,0,0,0,9.199999999999989,306.29999999999995,61345.799999999996,0.06,143.75
3615,L50794,1,301.8,311.0,1606,33.3,4,0,0,0,0,0,0,9.199999999999989,306.4,53479.799999999996,0.26,20.51
3616,M18475,2,301.8,311.1,1647,31.6,6,0,0,0,0,0,0,9.300000000000011,306.45000000000005,52045.200000000004,0.07,0.0
3617,M18476,2,301.8,311.1,1413,42.2,9,0,0,0,0,0,0,9.300000000000011,306.45000000000005,59628.600000000006,0.15,218.19
3618,L50797,1,301.8,311.0,1529,41.6,12,0,0,0,0,0,0,9.199999999999989,306.4,63606.4,0.15,235.15
3619,L50798,1,301.9,311.1,1448,46.3,14,0,0,0,0,0,0,9.200000000000045,306.5,67042.4,0.08,0.0
3620,L50799,1,301.9,311.2,1435,44.2,16,0,0,0,0,0,0,9.300000000000011,306.54999999999995,63427.00000000001,0.11,248.2
3621,H33034,0,301.9,311.2,1474,41.8,18,0,0,0,0,0,0,9.300000000000011,306.54999999999995,61613.2,0.06,313.04
3622,L50801,1,301.9,311.2,1657,29.1,23,0,0,0,0,0,0,9.300000000000011,306.54999999999995,48218.700000000004,0.17,252.25
3623,L50802,1,302.0,311.3,1509,39.9,25,0,0,0,0,0,0,9.300000000000011,306.65,60209.1,0.27,403.97
3624,M18483,2,302.0,311.3,1530,36.4,27,0,0,0,0,0,0,9.300000000000011,306.65,55692.0,0.09,310.71
3625,M18484,2,302.0,311.4,1587,35.9,30,0,0,0,0,0,0,9.399999999999977,306.7,56973.299999999996,0.15,365.85
3626,M18485,2,302.1,311.4,1467,43.4,33,0,0,0,0,0,0,9.299999999999955,306.75,63667.799999999996,0.26,174.71
3627,M18486,2,302.2,311.5,1360,53.0,36,0,0,0,0,0,0,9.300000000000011,306.85,72080.0,0.14,184.23
3628,L50807,1,302.2,311.5,1588,30.6,39,0,0,0,0,0,0,9.300000000000011,306.85,48592.8,0.25,385.62
3629,L50808,1,302.2,311.4,1609,32.1,41,0,0,0,0,0,0,9.199999999999989,306.79999999999995,51648.9,0.13,205.88
3630,L50809,1,302.1,311.3,1415,44.1,43,0,0,0,0,0,0,9.199999999999989,306.70000000000005,62401.5,0.13,565.05
3631,L50810,1,302.0,311.2,1845,27.3,45,0,0,0,0,0,0,9.199999999999989,306.6,50368.5,0.05,370.17
3632,M18491,2,302.1,311.4,1419,36.2,47,0,0,0,0,0,0,9.299999999999955,306.75,51367.8,0.04,108.54
3633,L50812,1,302.1,311.3,1634,30.6,50,0,0,0,0,0,0,9.199999999999989,306.70000000000005,50000.4,0.18,397.85
3634,M18493,2,302.2,311.3,1521,40.6,52,0,0,0,0,0,0,9.100000000000023,306.75,61752.6,0.25,679.56
3635,L50814,1,302.2,311.4,1499,37.7,55,0,0,0,0,0,0,9.199999999999989,306.79999999999995,56512.3,0.04,218.06
3636,M18495,2,302.1,311.2,1616,35.1,57,0,0,0,0,0,0,9.099999999999966,306.65,56721.600000000006,0.27,682.74
3637,L50816,1,302.2,311.4,1449,46.5,60,0,0,0,0,0,0,9.199999999999989,306.79999999999995,67378.5,0.11,617.48
3638,M18497,2,302.2,311.4,1626,31.6,62,0,0,0,0,0,0,9.199999999999989,306.79999999999995,51381.600000000006,0.13,622.42
3639,M18498,2,302.3,311.5,1445,44.8,65,0,0,0,0,0,0,9.199999999999989,306.9,64735.99999999999,0.27,622.06
3640,L50819,1,302.4,311.6,1622,35.0,68,0,0,0,0,0,0,9.200000000000045,307.0,56770.0,0.27,797.65
3641,H33054,0,302.4,311.6,1544,39.1,70,0,0,0,0,0,0,9.200000000000045,307.0,60370.4,0.16,431.66
3642,L50821,1,302.3,311.6,1488,41.8,75,0,0,0,0,0,0,9.300000000000011,306.95000000000005,62198.399999999994,0.08,827.88
3643,L50822,1,302.3,311.6,1309,57.6,77,0,0,0,0,0,0,9.300000000000011,306.95000000000005,75398.40000000001,0.05,471.13
3644,L50823,1,302.3,311.6,1784,26.4,79,0,0,0,0,0,0,9.300000000000011,306.95000000000005,47097.6,0.08,647.02
3645,L50824,1,302.2,311.5,1548,32.4,81,0,0,0,0,0,0,9.300000000000011,306.85,50155.2,0.23,580.7
3646,L50825,1,302.2,311.5,1413,43.5,83,0,0,0,0,0,0,9.300000000000011,306.85,61465.5,0.1,589.91
3647,M18506,2,302.2,311.5,1863,25.7,85,0,0,0,0,0,0,9.300000000000011,306.85,47879.1,0.21,716.52
3648,L50827,1,302.2,311.5,1427,43.8,88,0,0,0,0,0,0,9.300000000000011,306.85,62502.6,0.06,360.67
3649,M18508,2,302.2,311.5,1443,47.0,90,0,0,0,0,0,0,9.300000000000011,306.85,67821.0,0.14,446.23
3650,L50829,1,302.2,311.5,1481,40.4,93,0,0,0,0,0,0,9.300000000000011,306.85,59832.4,0.11,544.32
3651,L50830,1,302.1,311.4,1446,39.7,95,0,0,0,0,0,0,9.299999999999955,306.75,57406.200000000004,0.15,790.8
3652,L50831,1,302.1,311.5,1444,44.9,97,0,0,0,0,0,0,9.399999999999977,306.8,64835.6,0.17,380.29
3653,M18512,2,302.1,311.5,1341,50.8,99,0,0,0,0,0,0,9.399999999999977,306.8,68122.8,0.3,740.57
3654,L50833,1,302.1,311.4,1518,37.4,102,0,0,0,0,0,0,9.299999999999955,306.75,56773.2,0.27,976.48
3655,L50834,1,302.1,311.4,1603,35.9,104,0,0,0,0,0,0,9.299999999999955,306.75,57547.7,0.21,545.18
3656,L50835,1,302.1,311.4,1686,30.9,106,0,0,0,0,0,0,9.299999999999955,306.75,52097.399999999994,0.05,768.09
3657,M18516,2,302.1,311.5,1383,53.6,108,0,0,0,0,0,0,9.399999999999977,306.8,74128.8,0.28,650.83
3658,L50837,1,302.1,311.5,1477,45.4,111,0,0,0,0,0,0,9.399999999999977,306.8,67055.8,0.27,687.52
3659,M18518,2,302.2,311.5,1449,44.5,113,0,0,0,0,0,0,9.300000000000011,306.85,64480.5,0.27,812.92
3660,M18519,2,302.2,311.5,1734,25.0,116,0,0,0,0,0,0,9.300000000000011,306.85,43350.0,0.14,1001.02
3661,L50840,1,302.3,311.6,1398,49.1,119,0,0,0,0,0,0,9.300000000000011,306.95000000000005,68641.8,0.05,549.0
3662,M18521,2,302.3,311.7,1639,36.6,121,0,0,0,0,0,0,9.399999999999977,307.0,59987.4,0.23,575.06
3663,M18522,2,302.3,311.7,1517,37.6,124,0,0,0,0,0,0,9.399999999999977,307.0,57039.200000000004,0.12,529.71
3664,M18523,2,302.3,311.7,1442,41.7,127,0,0,0,0,0,0,9.399999999999977,307.0,60131.4,0.1,874.79
3665,M18524,2,302.3,311.7,1685,30.8,130,0,0,0,0,0,0,9.399999999999977,307.0,51898.0,0.12,566.79
3666,M18525,2,302.4,311.8,1358,50.6,133,0,0,0,0,0,0,9.400000000000034,307.1,68714.8,0.17,1013.19
3667,M18526,2,302.3,311.6,1608,39.9,136,0,0,0,0,0,0,9.300000000000011,306.95000000000005,64159.2,0.1,790.47
3668,L50847,1,302.3,311.6,1665,34.3,139,0,0,0,0,0,0,9.300000000000011,306.95000000000005,57109.49999999999,0.21,900.16
3669,L50848,1,302.3,311.7,1510,38.7,141,0,0,0,0,0,0,9.399999999999977,307.0,58437.00000000001,0.19,939.6
3670,L50849,1,302.4,311.8,1465,40.2,143,0,0,0,0,0,0,9.400000000000034,307.1,58893.00000000001,0.15,744.86
3671,L50850,1,302.3,311.7,1701,27.5,145,0,0,0,0,0,0,9.399999999999977,307.0,46777.5,0.02,765.68
3672,M18531,2,302.3,311.7,1486,39.6,147,0,0,0,0,0,0,9.399999999999977,307.0,58845.6,0.28,836.04
3673,L50852,1,302.3,311.6,1658,32.3,150,0,0,0,0,0,0,9.300000000000011,306.95000000000005,53553.399999999994,0.12,1072.33
3674,H33087,0,302.3,311.7,1449,44.5,152,0,0,0,0,0,0,9.399999999999977,307.0,64480.5,0.13,735.91
3675,L50854,1,302.2,311.5,1346,52.4,157,0,0,0,0,0,0,9.300000000000011,306.85,70530.4,0.14,990.83
3676,M18535,2,302.1,311.5,1866,23.1,159,0,0,0,0,0,0,9.399999999999977,306.8,43104.600000000006,0.11,749.79
3677,M18536,2,302.2,311.5,1562,38.0,162,0,0,0,0,0,0,9.300000000000011,306.85,59356.0,0.2,930.02
3678,M18537,2,302.3,311.7,1368,53.6,165,0,0,0,0,0,0,9.399999999999977,307.0,73324.8,0.0,768.93
3679,L50858,1,302.2,311.5,1567,33.1,168,0,0,0,0,0,0,9.300000000000011,306.85,51867.700000000004,0.26,1547.2
3680,L50859,1,302.2,311.5,1725,34.0,170,0,0,0,0,0,0,9.300000000000011,306.85,58650.0,0.03,877.83
3681,L50860,1,302.2,311.5,1744,31.2,172,0,0,0,0,0,0,9.300000000000011,306.85,54412.799999999996,0.3,1036.77
3682,M18541,2,302.1,311.3,1453,45.1,174,0,0,0,0,0,0,9.199999999999989,306.70000000000005,65530.3,0.19,993.32
3683,L50862,1,302.1,311.2,1550,34.8,177,0,0,0,0,0,0,9.099999999999966,306.65,53939.99999999999,0.02,679.3
3684,M18543,2,302.0,311.2,1558,39.1,179,0,0,0,0,0,0,9.199999999999989,306.6,60917.8,0.17,1040.58
3685,L50864,1,302.0,311.2,1270,65.3,182,1,0,0,0,1,0,9.199999999999989,306.6,82931.0,7.16,8347.66
3686,M18545,2,301.9,311.1,1380,51.6,184,0,0,0,0,0,0,9.200000000000045,306.5,71208.0,0.29,1260.41
3687,L50866,1,302.0,311.1,1406,50.5,187,0,0,0,0,0,0,9.100000000000023,306.55,71003.0,0.23,1300.51
3688,M18547,2,302.0,311.2,1625,30.7,189,0,0,0,0,0,0,9.199999999999989,306.6,49887.5,0.15,958.51
3689,L50868,1,302.0,311.2,1420,45.8,192,0,0,0,0,0,0,9.199999999999989,306.6,65035.99999999999,0.13,1059.5
3690,L50869,1,302.1,311.4,1889,22.7,194,0,0,0,0,0,0,9.299999999999955,306.75,42880.299999999996,0.3,1300.59
3691,L50870,1,302.1,311.3,1477,43.6,196,0,0,0,0,0,0,9.199999999999989,306.70000000000005,64397.200000000004,0.2,1071.2
3692,L50871,1,302.1,311.2,1460,46.9,198,0,0,0,0,0,0,9.099999999999966,306.65,68474.0,0.15,1200.0
3693,L50872,1,302.1,311.3,1758,24.4,200,0,0,0,0,0,0,9.199999999999989,306.70000000000005,42895.2,0.12,1212.31
3694,L50873,1,302.1,311.3,1521,31.5,202,0,0,0,0,0,0,9.199999999999989,306.70000000000005,47911.5,0.1,1191.43
3695,M18554,2,302.1,311.3,1511,45.0,204,0,0,0,0,0,0,9.199999999999989,306.70000000000005,67995.0,0.21,1207.34
3696,L50875,1,302.2,311.3,1530,37.3,207,1,1,0,0,0,0,9.100000000000023,306.75,57068.99999999999,1.37,2568.64
3697,L50876,1,302.1,311.2,1454,46.8,0,0,0,0,0,0,0,9.099999999999966,306.65,68047.2,0.25,211.36
3698,L50877,1,302.2,311.2,1928,23.1,2,0,0,0,0,0,0,9.0,306.7,44536.8,0.17,127.68
3699,H33112,0,302.2,311.3,1758,26.4,4,0,0,0,0,0,0,9.100000000000023,306.75,46411.2,0.17,406.23
3700,L50879,1,302.2,311.2,1649,33.2,9,0,0,0,0,0,0,9.0,306.7,54746.8,0.14,18.96
3701,L50880,1,302.1,311.2,1447,50.3,11,0,0,0,0,0,0,9.099999999999966,306.65,72784.09999999999,0.23,29.55
3702,L50881,1,302.1,311.2,1417,48.0,13,0,0,0,0,0,0,9.099999999999966,306.65,68016.0,0.12,54.83
3703,L50882,1,302.0,311.2,1434,44.9,15,0,0,0,0,0,0,9.199999999999989,306.6,64386.6,0.26,393.09
3704,M18563,2,302.0,311.2,1418,49.5,17,0,0,0,0,0,0,9.199999999999989,306.6,70191.0,0.1,377.54
3705,M18564,2,302.0,311.2,1400,49.5,20,0,0,0,0,0,0,9.199999999999989,306.6,69300.0,0.21,210.92
3706,M18565,2,302.0,311.3,1725,27.7,23,0,0,0,0,0,0,9.300000000000011,306.65,47782.5,0.27,657.23
3707,L50886,1,302.0,311.3,1567,41.1,26,0,0,0,0,0,0,9.300000000000011,306.65,64403.700000000004,0.23,364.08
3708,M18567,2,302.1,311.3,1497,38.4,28,0,0,0,0,0,0,9.199999999999989,306.70000000000005,57484.799999999996,0.1,222.67
3709,L50888,1,302.1,311.4,1549,44.6,31,0,0,0,0,0,0,9.299999999999955,306.75,69085.40000000001,0.21,237.51
3710,L50889,1,302.2,311.4,1754,26.9,33,0,0,0,0,0,0,9.199999999999989,306.79999999999995,47182.6,0.06,517.7
3711,L50890,1,302.2,311.5,1489,38.3,35,0,0,0,0,0,0,9.300000000000011,306.85,57028.7,0.02,172.46
3712,L50891,1,302.2,311.5,1543,38.5,37,0,0,0,0,0,0,9.300000000000011,306.85,59405.5,0.24,225.2
3713,L50892,1,302.3,311.5,1543,33.1,39,0,0,0,0,0,0,9.199999999999989,306.9,51073.3,0.24,803.65
3714,L50893,1,302.3,311.5,1565,35.6,41,0,0,0,0,0,0,9.199999999999989,306.9,55714.0,0.01,274.05
3715,M18574,2,302.3,311.4,1855,23.9,43,0,0,0,0,0,0,9.099999999999966,306.85,44334.5,0.28,614.82
3716,M18575,2,302.4,311.4,1475,45.2,46,0,0,0,0,0,0,9.0,306.9,66670.0,0.13,612.23
3717,L50896,1,302.3,311.4,1609,32.3,49,0,0,0,0,0,0,9.099999999999966,306.85,51970.7,0.27,607.17
3718,H33131,0,302.3,311.4,1443,44.1,51,0,0,0,0,0,0,9.099999999999966,306.85,63636.3,0.24,641.23
3719,L50898,1,302.4,311.4,1450,44.1,56,0,0,0,0,0,0,9.0,306.9,63945.0,0.27,558.15
3720,L50899,1,302.4,311.5,1590,39.9,58,0,0,0,0,0,0,9.100000000000023,306.95,63441.0,0.25,650.06
3721,M18580,2,302.4,311.4,1508,41.2,60,0,0,0,0,0,0,9.0,306.9,62129.600000000006,0.29,584.88
3722,M18581,2,302.2,311.2,1544,43.6,63,0,0,0,0,0,0,9.0,306.7,67318.40000000001,0.19,501.97
3723,L50902,1,302.2,311.2,1451,41.8,66,0,0,0,0,0,0,9.0,306.7,60651.799999999996,0.07,417.96
3724,L50903,1,302.3,311.2,1758,24.4,68,0,0,0,0,0,0,8.899999999999977,306.75,42895.2,0.12,400.48
3725,M18584,2,302.3,311.2,1507,47.7,70,0,0,0,0,0,0,8.899999999999977,306.75,71883.90000000001,0.23,655.66
3726,H33139,0,302.3,311.1,1543,37.5,73,0,0,0,0,0,0,8.800000000000011,306.70000000000005,57862.5,0.05,490.28
3727,M18586,2,302.3,311.2,1505,36.7,78,0,0,0,0,0,0,8.899999999999977,306.75,55233.50000000001,0.28,792.84
3728,L50907,1,302.3,311.2,1786,24.3,81,0,0,0,0,0,0,8.899999999999977,306.75,43399.8,0.06,560.94
3729,L50908,1,302.3,311.3,1457,44.5,83,0,0,0,0,0,0,9.0,306.8,64836.5,0.26,975.01
3730,M18589,2,302.4,311.3,1312,61.5,85,0,0,0,0,0,0,8.900000000000034,306.85,80688.0,0.15,732.89
3731,M18590,2,302.3,311.2,1405,47.7,88,0,0,0,0,0,0,8.899999999999977,306.75,67018.5,0.25,658.91
3732,M18591,2,302.2,311.2,1377,43.0,91,0,0,0,0,0,0,9.0,306.7,59211.0,0.29,812.96
3733,M18592,2,302.2,311.2,1347,49.8,94,0,0,0,0,0,0,9.0,306.7,67080.59999999999,0.13,811.9
3734,L50913,1,302.2,311.1,1470,39.6,97,0,0,0,0,0,0,8.900000000000034,306.65,58212.0,0.21,552.5
3735,M18594,2,302.2,311.2,1873,24.0,99,0,0,0,0,0,0,9.0,306.7,44952.0,0.07,867.14
3736,M18595,2,302.2,311.1,1434,58.6,102,0,0,0,0,0,0,8.900000000000034,306.65,84032.40000000001,0.24,633.8
3737,H33150,0,302.2,311.1,1628,30.6,105,0,0,0,0,0,0,8.900000000000034,306.65,49816.8,0.25,910.04
3738,L50917,1,302.2,311.1,1351,48.6,110,0,0,0,0,0,0,8.900000000000034,306.65,65658.6,0.09,640.99
3739,M18598,2,302.3,311.2,1454,43.8,112,0,0,0,0,0,0,8.899999999999977,306.75,63685.2,0.01,562.36
3740,M18599,2,302.2,311.2,1663,29.6,115,0,0,0,0,0,0,9.0,306.7,49224.8,0.13,509.56
3741,L50920,1,302.3,311.2,1401,49.7,118,0,0,0,0,0,0,8.899999999999977,306.75,69629.7,0.05,776.13
3742,L50921,1,302.4,311.3,1503,38.2,120,0,0,0,0,0,0,8.900000000000034,306.85,57414.600000000006,0.25,656.75
3743,L50922,1,302.4,311.4,1564,35.0,122,0,0,0,0,0,0,9.0,306.9,54740.0,0.08,473.58
3744,L50923,1,302.5,311.4,1759,24.6,124,0,0,0,0,0,0,8.899999999999977,306.95,43271.4,0.28,1073.96
3745,L50924,1,302.5,311.4,1409,53.1,126,0,0,0,0,0,0,8.899999999999977,306.95,74817.90000000001,0.29,1188.44
3746,L50925,1,302.6,311.4,1738,25.8,128,0,0,0,0,0,0,8.799999999999955,307.0,44840.4,0.27,809.91
3747,H33160,0,302.5,311.3,1393,47.5,130,0,0,0,0,0,0,8.800000000000011,306.9,66167.5,0.18,980.47
3748,L50927,1,302.5,311.1,1499,38.8,135,0,0,0,0,0,0,8.600000000000023,306.8,58161.2,0.08,874.48
3749,L50928,1,302.5,311.1,1493,39.0,137,0,0,0,0,0,0,8.600000000000023,306.8,58227.0,0.24,911.27
3750,L50929,1,302.4,311.1,1652,33.9,139,0,0,0,0,0,0,8.700000000000045,306.75,56002.799999999996,0.21,1105.37
3751,L50930,1,302.3,311.1,1589,29.9,141,0,0,0,0,0,0,8.800000000000011,306.70000000000005,47511.1,0.29,970.46
3752,L50931,1,302.4,311.1,1520,42.2,143,0,0,0,0,0,0,8.700000000000045,306.75,64144.00000000001,0.11,902.63
3753,H33166,0,302.3,311.1,1455,40.3,145,0,0,0,0,0,0,8.800000000000011,306.70000000000005,58636.49999999999,0.02,556.93
3754,L50933,1,302.2,311.0,1463,46.8,150,0,0,0,0,0,0,8.800000000000011,306.6,68468.4,0.3,868.35
3755,L50934,1,302.3,311.0,1442,43.7,152,0,0,0,0,0,0,8.699999999999989,306.65,63015.4,0.25,1185.36
3756,L50935,1,302.3,311.0,1329,51.5,154,0,0,0,0,0,0,8.699999999999989,306.65,68443.5,0.07,922.68
3757,L50936,1,302.3,311.1,1546,33.1,156,0,0,0,0,0,0,8.800000000000011,306.70000000000005,51172.600000000006,0.22,978.63
3758,M18617,2,302.2,311.1,1516,33.7,158,0,0,0,0,0,0,8.900000000000034,306.65,51089.200000000004,0.0,1076.18
3759,M18618,2,302.2,311.0,1476,47.4,161,0,0,0,0,0,0,8.800000000000011,306.6,69962.4,0.17,1259.6
3760,L50939,1,302.3,311.0,1412,47.0,164,0,0,0,0,0,0,8.699999999999989,306.65,66364.0,0.11,995.88
3761,L50940,1,302.3,310.9,1377,46.8,166,1,0,1,0,0,0,8.599999999999966,306.6,64443.6,3.64,4251.65
3762,M18621,2,302.4,311.0,1490,37.1,168,0,0,0,0,0,0,8.600000000000023,306.7,55279.0,0.07,893.26
3763,M18622,2,302.3,311.0,1526,37.7,171,0,0,0,0,0,0,8.699999999999989,306.65,57530.200000000004,0.08,810.11
3764,L50943,1,302.3,311.0,1428,47.9,174,0,0,0,0,0,0,8.699999999999989,306.65,68401.2,0.14,1023.43
3765,L50944,1,302.4,311.0,1329,54.6,176,0,0,0,0,0,0,8.600000000000023,306.7,72563.40000000001,0.07,809.56
3766,M18625,2,302.4,311.1,1443,51.8,178,0,0,0,0,0,0,8.700000000000045,306.75,74747.4,0.14,850.57
3767,L50946,1,302.3,311.1,1373,53.0,181,0,0,0,0,0,0,8.800000000000011,306.70000000000005,72769.0,0.17,735.61
3768,L50947,1,302.3,311.1,1630,35.6,183,0,0,0,0,0,0,8.800000000000011,306.70000000000005,58028.0,0.21,1150.09
3769,L50948,1,302.2,311.0,1555,34.2,185,0,0,0,0,0,0,8.800000000000011,306.6,53181.00000000001,0.2,780.19
3770,M18629,2,302.2,311.0,1436,47.0,187,0,0,0,0,0,0,8.800000000000011,306.6,67492.0,0.07,956.96
3771,L50950,1,302.3,311.0,1609,31.0,190,0,0,0,0,0,0,8.699999999999989,306.65,49879.0,0.01,1064.16
3772,M18631,2,302.3,311.0,1384,49.7,192,0,0,0,0,0,0,8.699999999999989,306.65,68784.8,0.25,1101.69
3773,L50952,1,302.4,311.1,1448,44.8,195,0,0,0,0,0,0,8.700000000000045,306.75,64870.399999999994,0.26,1072.28
3774,M18633,2,302.4,311.1,1887,22.4,197,0,0,0,0,0,0,8.700000000000045,306.75,42268.799999999996,0.29,1264.82
3775,M18634,2,302.4,311.1,1480,45.7,200,0,0,0,0,0,0,8.700000000000045,306.75,67636.0,0.29,1165.71
3776,H33189,0,302.5,311.1,1850,23.3,203,0,0,0,0,0,0,8.600000000000023,306.8,43105.0,0.19,1232.85
3777,L50956,1,302.5,311.1,1538,36.8,208,0,0,0,0,0,0,8.600000000000023,306.8,56598.399999999994,0.27,1155.08
3778,M18637,2,302.4,311.1,1721,30.1,210,0,0,0,0,0,0,8.700000000000045,306.75,51802.100000000006,0.13,1164.33
3779,M18638,2,302.4,311.1,1366,54.4,0,0,0,0,0,0,0,8.700000000000045,306.75,74310.4,0.24,188.04
3780,L50959,1,302.3,311.0,1657,31.1,3,0,0,0,0,0,0,8.699999999999989,306.65,51532.700000000004,0.29,303.27
3781,L50960,1,302.4,311.1,1446,42.9,5,0,0,0,0,0,0,8.700000000000045,306.75,62033.4,0.24,510.27
3782,L50961,1,302.3,310.8,1465,43.8,7,0,0,0,0,0,0,8.5,306.55,64166.99999999999,0.12,184.97
3783,L50962,1,302.2,310.8,1827,23.8,9,0,0,0,0,0,0,8.600000000000023,306.5,43482.6,0.11,230.67
3784,H33197,0,302.2,310.8,1397,47.6,11,0,0,0,0,0,0,8.600000000000023,306.5,66497.2,0.09,51.28
3785,L50964,1,302.2,310.8,1744,29.7,16,0,0,0,0,0,0,8.600000000000023,306.5,51796.799999999996,0.11,223.49
3786,L50965,1,302.3,310.9,1545,36.7,18,0,0,0,0,0,0,8.599999999999966,306.6,56701.50000000001,0.25,298.78
3787,L50966,1,302.3,310.9,1587,36.6,20,0,0,0,0,0,0,8.599999999999966,306.6,58084.200000000004,0.21,314.45
3788,L50967,1,302.3,310.8,1377,47.3,22,1,0,1,0,0,0,8.5,306.55,65132.1,4.03,4237.34
3789,L50968,1,302.3,310.8,1511,48.1,24,0,0,0,0,0,0,8.5,306.55,72679.1,0.21,254.96
3790,L50969,1,302.3,310.8,1650,32.4,26,0,0,0,0,0,0,8.5,306.55,53460.0,0.11,180.29
3791,L50970,1,302.3,310.9,1412,48.9,28,0,0,0,0,0,0,8.599999999999966,306.6,69046.8,0.17,237.04
3792,L50971,1,302.3,311.0,1528,43.1,30,0,0,0,0,0,0,8.699999999999989,306.65,65856.8,0.11,184.14
3793,L50972,1,302.3,310.9,1459,35.0,32,0,0,0,0,0,0,8.599999999999966,306.6,51065.0,0.16,345.99
3794,L50973,1,302.3,310.9,1379,49.3,34,1,0,1,0,0,0,8.599999999999966,306.6,67984.7,4.58,4695.4
3795,M18654,2,302.2,310.8,1356,48.3,36,0,0,0,0,0,0,8.600000000000023,306.5,65494.799999999996,0.22,624.69
3796,M18655,2,302.1,310.8,1409,41.3,39,0,0,0,0,0,0,8.699999999999989,306.45000000000005,58191.7,0.23,826.87
3797,M18656,2,302.1,310.8,1504,37.5,42,0,0,0,0,0,0,8.699999999999989,306.45000000000005,56400.0,0.12,244.81
3798,L50977,1,302.1,310.8,1622,36.8,45,0,0,0,0,0,0,8.699999999999989,306.45000000000005,59689.6,0.21,479.1
3799,L50978,1,302.1,310.8,1786,25.7,47,0,0,0,0,0,0,8.699999999999989,306.45000000000005,45900.2,0.07,460.7
3800,L50979,1,302.2,310.9,1506,34.0,49,0,0,0,0,0,0,8.699999999999989,306.54999999999995,51204.0,0.14,345.14
3801,M18660,2,302.1,310.9,1916,23.1,51,0,0,0,0,0,0,8.799999999999955,306.5,44259.600000000006,0.17,275.84
3802,M18661,2,302.2,310.9,1771,27.6,54,0,0,0,0,0,0,8.699999999999989,306.54999999999995,48879.600000000006,0.21,740.73
3803,M18662,2,302.2,310.9,1488,44.2,57,0,0,0,0,0,0,8.699999999999989,306.54999999999995,65769.6,0.27,657.92
3804,L50983,1,302.2,310.9,1531,37.5,60,0,0,0,0,0,0,8.699999999999989,306.54999999999995,57412.5,0.09,437.8
3805,L50984,1,302.3,310.9,1529,33.4,62,0,0,0,0,0,0,8.599999999999966,306.6,51068.6,0.25,777.58
3806,M18665,2,302.4,311.0,1580,36.5,64,0,0,0,0,0,0,8.600000000000023,306.7,57670.0,0.09,525.53
3807,M18666,2,302.3,310.9,1360,44.0,67,1,0,1,0,0,0,8.599999999999966,306.6,59840.0,3.33,3657.81
3808,M18667,2,302.3,311.0,1546,35.5,70,0,0,0,0,0,0,8.699999999999989,306.65,54883.0,0.25,453.51
3809,M18668,2,302.3,310.9,1762,24.5,73,0,0,0,0,0,0,8.599999999999966,306.6,43169.0,0.22,511.0
3810,L50989,1,302.2,310.8,1350,56.6,76,0,0,0,0,0,0,8.600000000000023,306.5,76410.0,0.26,820.72
3811,M18670,2,302.2,310.8,1562,38.1,78,0,0,0,0,0,0,8.600000000000023,306.5,59512.200000000004,0.24,732.31
3812,M18671,2,302.1,310.7,1608,30.3,81,0,0,0,0,0,0,8.599999999999966,306.4,48722.4,0.08,457.0
3813,L50992,1,302.0,310.6,1392,50.0,84,0,0,0,0,0,0,8.600000000000023,306.3,69600.0,0.3,984.98
3814,L50993,1,302.0,310.6,1467,44.9,86,0,0,0,0,0,0,8.600000000000023,306.3,65868.3,0.28,686.42
3815,M18674,2,302.1,310.6,1326,59.1,88,1,0,1,0,0,0,8.5,306.35,78366.6,4.92,5508.13
3816,L50995,1,302.2,310.7,1769,24.9,91,0,0,0,0,0,0,8.5,306.45,44048.1,0.01,498.01
3817,L50996,1,302.1,310.6,1459,47.6,93,0,0,0,0,0,0,8.5,306.35,69448.40000000001,0.09,844.94
3818,M18677,2,302.1,310.6,1421,52.0,95,0,0,0,0,0,0,8.5,306.35,73892.0,0.25,837.96
3819,L50998,1,302.1,310.7,1491,42.8,98,0,0,0,0,0,0,8.599999999999966,306.4,63814.799999999996,0.29,786.92
3820,L50999,1,302.2,310.7,1567,36.4,100,0,0,0,0,0,0,8.5,306.45,57038.799999999996,0.25,723.18
3821,L51000,1,302.3,310.8,1421,41.4,102,0,0,0,0,0,0,8.5,306.55,58829.4,0.12,627.69
3822,L51001,1,302.3,310.9,1596,33.5,104,0,0,0,0,0,0,8.599999999999966,306.6,53466.0,0.02,431.19
3823,M18682,2,302.4,311.0,1464,44.2,106,0,0,0,0,0,0,8.600000000000023,306.7,64708.8,0.16,484.99
3824,M18683,2,302.3,310.9,1581,36.1,109,0,0,0,0,0,0,8.599999999999966,306.6,57074.100000000006,0.11,701.31
3825,L51004,1,302.3,310.9,1620,30.3,112,0,0,0,0,0,0,8.599999999999966,306.6,49086.0,0.04,519.97
3826,H33239,0,302.2,310.7,1413,48.9,114,0,0,0,0,0,0,8.5,306.45,69095.7,0.03,519.57
3827,H33240,0,302.3,310.8,1438,43.8,119,0,0,0,0,0,0,8.5,306.55,62984.399999999994,0.05,631.67
3828,M18687,2,302.4,310.9,1469,41.6,124,0,0,0,0,0,0,8.5,306.65,61110.4,0.06,687.83
3829,M18688,2,302.3,310.8,1762,27.8,127,0,0,0,0,0,0,8.5,306.55,48983.6,0.23,866.11
3830,H33243,0,302.3,310.9,1366,48.4,130,1,0,1,0,0,0,8.599999999999966,306.6,66114.4,3.1,4010.74
3831,L51010,1,302.3,310.9,1891,22.7,135,0,0,0,0,0,0,8.599999999999966,306.6,42925.7,0.13,904.36
3832,M18691,2,302.3,310.9,1742,29.7,137,0,0,0,0,0,0,8.599999999999966,306.6,51737.4,0.18,1181.17
3833,M18692,2,302.2,310.9,1465,43.5,140,0,0,0,0,0,0,8.699999999999989,306.54999999999995,63727.5,0.29,924.15
3834,M18693,2,302.3,311.0,1541,36.6,143,0,0,0,0,0,0,8.699999999999989,306.65,56400.600000000006,0.23,1062.56
3835,M18694,2,302.3,311.1,1295,57.1,146,0,0,0,0,0,0,8.800000000000011,306.70000000000005,73944.5,0.19,862.49
3836,M18695,2,302.3,311.1,1435,43.1,149,0,0,0,0,0,0,8.800000000000011,306.70000000000005,61848.5,0.22,880.83
3837,L51016,1,302.4,311.2,1466,43.9,152,0,0,0,0,0,0,8.800000000000011,306.79999999999995,64357.4,0.22,1301.83
3838,L51017,1,302.4,311.2,1450,47.9,154,0,0,0,0,0,0,8.800000000000011,306.79999999999995,69455.0,0.21,864.78
3839,L51018,1,302.4,311.1,1880,24.5,156,0,0,0,0,0,0,8.700000000000045,306.75,46060.0,0.15,595.24
3840,M18699,2,302.3,311.0,1578,33.5,158,0,0,0,0,0,0,8.699999999999989,306.65,52863.0,0.17,853.81
3841,L51020,1,302.4,311.0,1610,33.1,161,0,0,0,0,0,0,8.600000000000023,306.7,53291.0,0.14,643.75
3842,L51021,1,302.4,311.1,1565,42.8,163,0,0,0,0,0,0,8.700000000000045,306.75,66982.0,0.12,792.3
3843,L51022,1,302.5,311.2,1545,40.1,165,0,0,0,0,0,0,8.699999999999989,306.85,61954.5,0.08,776.2
3844,L51023,1,302.5,311.2,1227,60.1,167,0,0,0,0,0,0,8.699999999999989,306.85,73742.7,0.11,950.29
3845,L51024,1,302.4,311.1,1484,45.9,169,0,0,0,0,0,0,8.700000000000045,306.75,68115.59999999999,0.13,667.56
3846,L51025,1,302.3,311.0,1591,32.7,171,0,0,0,0,0,0,8.699999999999989,306.65,52025.700000000004,0.17,1204.39
3847,L51026,1,302.3,310.9,1403,47.2,173,0,0,0,0,0,0,8.599999999999966,306.6,66221.6,0.15,733.63
3848,M18707,2,302.3,311.0,1450,45.7,175,0,0,0,0,0,0,8.699999999999989,306.65,66265.0,0.03,885.84
3849,L51028,1,302.3,310.9,1720,28.1,178,0,0,0,0,0,0,8.599999999999966,306.6,48332.0,0.1,941.38
3850,L51029,1,302.3,311.0,1561,37.2,180,0,0,0,0,0,0,8.699999999999989,306.65,58069.200000000004,0.11,1133.8
3851,M18710,2,302.3,311.0,1421,41.3,182,0,0,0,0,0,0,8.699999999999989,306.65,58687.299999999996,0.21,1172.73
3852,H33265,0,302.2,310.9,1415,48.4,185,0,0,0,0,0,0,8.699999999999989,306.54999999999995,68486.0,0.1,1203.03
3853,L51032,1,302.3,310.9,2034,19.7,190,0,0,0,0,0,0,8.599999999999966,306.6,40069.799999999996,0.0,895.78
3854,L51033,1,302.4,311.0,1486,40.4,192,0,0,0,0,0,0,8.600000000000023,306.7,60034.4,0.03,920.29
3855,L51034,1,302.4,311.0,1338,67.6,194,1,0,0,1,1,0,8.600000000000023,306.7,90448.79999999999,6.07,7101.92
3856,H33269,0,302.4,311.1,1578,32.3,196,0,0,0,0,0,0,8.700000000000045,306.75,50969.399999999994,0.06,1194.38
3857,M18716,2,302.4,311.2,1330,58.6,201,0,0,0,0,0,0,8.800000000000011,306.79999999999995,77938.0,0.15,1278.76
3858,H33271,0,302.4,311.2,1506,40.8,204,0,0,0,0,0,0,8.800000000000011,306.79999999999995,61444.799999999996,0.17,1238.27
3859,L51038,1,302.5,311.4,1559,37.6,209,0,0,0,0,0,0,8.899999999999977,306.95,58618.4,0.28,1359.9
3860,L51039,1,302.6,311.5,1599,37.0,211,0,0,0,0,0,0,8.899999999999977,307.05,59163.0,0.2,1249.56
3861,L51040,1,302.6,311.5,1427,38.9,213,0,0,0,0,0,0,8.899999999999977,307.05,55510.299999999996,0.01,1136.49
3862,M18721,2,302.5,311.5,1481,41.1,215,0,0,0,0,0,0,9.0,307.0,60869.1,0.11,1490.24
3863,H33276,0,302.5,311.5,1496,43.8,218,0,0,0,0,0,0,9.0,307.0,65524.799999999996,0.24,1293.61
3864,L51043,1,302.5,311.4,1674,27.0,223,0,0,0,0,0,0,8.899999999999977,306.95,45198.0,0.08,1140.33
3865,M18724,2,302.5,311.4,1629,31.7,225,0,0,0,0,0,0,8.899999999999977,306.95,51639.299999999996,0.28,1338.84
3866,H33279,0,302.6,311.5,1629,34.4,228,1,1,0,0,0,0,8.899999999999977,307.05,56037.6,1.13,2328.41
3867,L51046,1,302.6,311.6,1311,53.2,0,0,0,0,0,0,0,9.0,307.1,69745.2,0.03,0.0
3868,M18727,2,302.7,311.6,2709,9.7,2,1,0,0,1,0,0,8.900000000000034,307.15,26277.3,7.33,7319.74
3869,M18728,2,302.7,311.7,1759,29.9,5,0,0,0,0,0,0,9.0,307.2,52594.1,0.27,427.1
3870,L51049,1,302.7,311.7,1480,45.2,8,0,0,0,0,0,0,9.0,307.2,66896.0,0.3,261.07
3871,L51050,1,302.7,311.8,1461,46.1,10,0,0,0,0,0,0,9.100000000000023,307.25,67352.1,0.26,338.01
3872,M18731,2,302.7,311.8,1728,30.0,12,0,0,0,0,0,0,9.100000000000023,307.25,51840.0,0.1,476.4
3873,L51052,1,302.7,311.9,1389,46.5,15,0,0,0,0,0,0,9.199999999999989,307.29999999999995,64588.5,0.23,354.74
3874,L51053,1,302.6,311.8,1638,35.1,17,0,0,0,0,0,0,9.199999999999989,307.20000000000005,57493.8,0.07,0.0
3875,L51054,1,302.6,311.7,1254,54.1,19,0,0,0,0,0,0,9.099999999999966,307.15,67841.40000000001,0.12,3.52
3876,L51055,1,302.6,311.8,1427,50.1,21,0,0,0,0,0,0,9.199999999999989,307.20000000000005,71492.7,0.21,277.35
3877,L51056,1,302.6,311.8,1627,31.8,23,0,0,0,0,0,0,9.199999999999989,307.20000000000005,51738.6,0.29,284.43
3878,H33291,0,302.6,311.7,1471,48.3,25,0,0,0,0,0,0,9.099999999999966,307.15,71049.3,0.13,270.51
3879,L51058,1,302.6,311.7,1773,27.1,30,0,0,0,0,0,0,9.099999999999966,307.15,48048.3,0.15,255.81
3880,M18739,2,302.6,311.7,1430,51.7,32,0,0,0,0,0,0,9.099999999999966,307.15,73931.0,0.07,404.91
3881,L51060,1,302.5,311.6,1595,29.5,35,0,0,0,0,0,0,9.100000000000023,307.05,47052.5,0.12,131.3
3882,L51061,1,302.5,311.5,1521,44.1,37,0,0,0,0,0,0,9.0,307.0,67076.1,0.02,173.88
3883,L51062,1,302.5,311.6,1419,43.7,39,0,0,0,0,0,0,9.100000000000023,307.05,62010.3,0.26,487.59
3884,M18743,2,302.4,311.4,1534,40.1,41,0,0,0,0,0,0,9.0,306.9,61513.4,0.01,266.17
3885,H33298,0,302.5,311.5,1626,36.0,44,0,0,0,0,0,0,9.0,307.0,58536.0,0.21,452.02
3886,L51065,1,302.5,311.5,1677,29.2,49,0,0,0,0,0,0,9.0,307.0,48968.4,0.08,0.0
3887,L51066,1,302.4,311.3,1392,50.5,51,0,0,0,0,0,0,8.900000000000034,306.85,70296.0,0.14,407.49
3888,L51067,1,302.4,311.2,1448,50.5,53,0,0,0,0,0,0,8.800000000000011,306.79999999999995,73124.0,0.08,322.39
3889,L51068,1,302.3,311.2,1903,22.9,55,0,0,0,0,0,0,8.899999999999977,306.75,43578.7,0.12,524.62
3890,L51069,1,302.4,311.2,1404,52.0,57,0,0,0,0,0,0,8.800000000000011,306.79999999999995,73008.0,0.16,553.45
3891,L51070,1,302.3,311.2,1386,53.5,59,0,0,0,0,0,0,8.899999999999977,306.75,74151.0,0.19,521.13
3892,L51071,1,302.2,311.1,1418,47.0,61,0,0,0,0,0,0,8.900000000000034,306.65,66646.0,0.28,631.97
3893,M18752,2,302.3,311.1,1338,53.3,63,0,0,0,0,0,0,8.800000000000011,306.70000000000005,71315.4,0.1,617.86
3894,L51073,1,302.3,311.2,1549,40.6,66,0,0,0,0,0,0,8.899999999999977,306.75,62889.4,0.18,682.54
3895,M18754,2,302.3,311.2,1432,42.7,68,0,0,0,0,0,0,8.899999999999977,306.75,61146.4,0.27,651.3
3896,M18755,2,302.3,311.2,1546,40.0,71,0,0,0,0,0,0,8.899999999999977,306.75,61840.0,0.09,766.81
3897,M18756,2,302.2,311.2,1627,33.2,74,0,0,0,0,0,0,9.0,306.7,54016.4,0.26,535.77
3898,M18757,2,302.2,311.1,1640,32.8,77,0,0,0,0,0,0,8.900000000000034,306.65,53791.99999999999,0.29,497.18
3899,M18758,2,302.1,311.1,1423,36.8,80,0,0,0,0,0,0,9.0,306.6,52366.399999999994,0.25,648.37
3900,M18759,2,302.1,311.0,1711,28.7,83,0,0,0,0,0,0,8.899999999999977,306.55,49105.7,0.17,528.93
3901,M18760,2,302.1,311.1,1450,51.6,86,0,0,0,0,0,0,9.0,306.6,74820.0,0.22,280.2
3902,H33315,0,302.2,311.1,1553,34.1,89,0,0,0,0,0,0,8.900000000000034,306.65,52957.3,0.14,487.14
3903,L51082,1,302.2,311.1,1630,34.6,94,0,0,0,0,0,0,8.900000000000034,306.65,56398.0,0.18,701.54
3904,H33317,0,302.2,311.1,1476,39.6,96,0,0,0,0,0,0,8.900000000000034,306.65,58449.6,0.29,761.3
3905,H33318,0,302.2,311.1,1426,50.6,101,0,0,0,0,0,0,8.900000000000034,306.65,72155.6,0.08,468.53
3906,M18765,2,302.2,311.2,1561,34.9,106,0,0,0,0,0,0,9.0,306.7,54478.899999999994,0.24,776.35
3907,L51086,1,302.3,311.2,1297,62.5,109,0,0,0,0,0,0,8.899999999999977,306.75,81062.5,0.15,713.46
3908,M18767,2,302.3,311.2,1842,23.9,111,0,0,0,0,0,0,8.899999999999977,306.75,44023.799999999996,0.05,712.26
3909,L51088,1,302.3,311.2,1633,36.4,114,0,0,0,0,0,0,8.899999999999977,306.75,59441.2,0.19,663.77
3910,H33323,0,302.3,311.3,1744,30.3,116,0,0,0,0,0,0,9.0,306.8,52843.200000000004,0.24,951.08
3911,L51090,1,302.4,311.4,1831,26.9,121,0,0,0,0,0,0,9.0,306.9,49253.899999999994,0.17,611.4
3912,M18771,2,302.3,311.3,1339,50.8,123,0,0,0,0,0,0,9.0,306.8,68021.2,0.25,789.49
3913,L51092,1,302.4,311.4,1475,40.4,126,0,0,0,0,0,0,9.0,306.9,59590.0,0.11,994.85
3914,M18773,2,302.4,311.4,1675,29.6,128,0,0,0,0,0,0,9.0,306.9,49580.0,0.27,756.42
3915,L51094,1,302.5,311.5,1493,35.1,131,0,0,0,0,0,0,9.0,307.0,52404.3,0.19,746.18
3916,L51095,1,302.5,311.5,1700,29.5,133,0,0,0,0,0,0,9.0,307.0,50150.0,0.24,717.03
3917,L51096,1,302.6,311.6,1453,37.0,135,0,0,0,0,0,0,9.0,307.1,53761.0,0.08,630.91
3918,L51097,1,302.6,311.7,1542,34.1,137,0,0,0,0,0,0,9.099999999999966,307.15,52582.200000000004,0.13,835.75
3919,M18778,2,302.5,311.5,1358,52.7,139,0,0,0,0,0,0,9.0,307.0,71566.6,0.27,1070.98
3920,H33333,0,302.5,311.5,1655,32.3,142,0,0,0,0,0,0,9.0,307.0,53456.49999999999,0.02,727.2
3921,L51100,1,302.6,311.5,1885,27.5,147,0,0,0,0,0,0,8.899999999999977,307.05,51837.5,0.12,806.3
3922,L51101,1,302.7,311.5,1494,41.4,149,0,0,0,0,0,0,8.800000000000011,307.1,61851.6,0.23,788.58
3923,M18782,2,302.6,311.4,1757,29.5,151,0,0,0,0,0,0,8.799999999999955,307.0,51831.5,0.22,865.93
3924,M18783,2,302.6,311.4,1718,31.2,154,0,0,0,0,0,0,8.799999999999955,307.0,53601.6,0.26,798.09
3925,M18784,2,302.5,311.4,1636,35.0,157,0,0,0,0,0,0,8.899999999999977,306.95,57260.0,0.22,1115.48
3926,L51105,1,302.6,311.6,1638,29.6,160,0,0,0,0,0,0,9.0,307.1,48484.8,0.28,1200.91
3927,L51106,1,302.6,311.5,1609,36.0,162,0,0,0,0,0,0,8.899999999999977,307.05,57924.0,0.15,953.93
3928,H33341,0,302.7,311.5,1556,35.0,164,0,0,0,0,0,0,8.800000000000011,307.1,54460.0,0.19,1076.22
3929,L51108,1,302.6,311.5,1442,59.8,169,1,0,0,1,0,0,8.899999999999977,307.05,86231.59999999999,4.85,5826.43
3930,M18789,2,302.7,311.6,1501,38.8,171,0,0,0,0,0,0,8.900000000000034,307.15,58238.799999999996,0.21,1080.18
3931,M18790,2,302.6,311.6,2041,19.2,174,0,0,0,0,0,0,9.0,307.1,39187.2,0.03,1109.04
3932,M18791,2,302.7,311.7,1784,25.1,177,0,0,0,0,0,0,9.0,307.2,44778.4,0.11,841.43
3933,L51112,1,302.6,311.6,1953,22.4,180,0,0,0,0,0,0,9.0,307.1,43747.2,0.17,1017.7
3934,L51113,1,302.6,311.6,1576,34.7,182,0,0,0,0,0,0,9.0,307.1,54687.200000000004,0.23,1069.84
3935,M18794,2,302.6,311.6,1518,39.0,184,0,0,0,0,0,0,9.0,307.1,59202.0,0.16,1177.09
3936,M18795,2,302.6,311.6,1227,68.2,187,1,0,0,0,1,0,9.0,307.1,83681.40000000001,8.17,8889.88
3937,L51116,1,302.5,311.5,1985,18.8,190,0,0,0,0,0,0,9.0,307.0,37318.0,0.25,1417.2
3938,L51117,1,302.5,311.5,1802,26.4,192,0,0,0,0,0,0,9.0,307.0,47572.799999999996,0.08,1124.27
3939,L51118,1,302.5,311.5,1603,32.4,194,0,0,0,0,0,0,9.0,307.0,51937.2,0.18,1412.54
3940,L51119,1,302.5,311.6,1400,54.0,196,0,0,0,0,0,0,9.100000000000023,307.05,75600.0,0.17,1143.91
3941,L51120,1,302.3,311.5,1395,54.2,198,0,0,0,0,0,0,9.199999999999989,306.9,75609.0,0.07,977.45
3942,L51121,1,302.2,311.4,1987,19.9,200,0,0,0,0,0,0,9.199999999999989,306.79999999999995,39541.299999999996,0.15,1248.57
3943,M18802,2,302.2,311.4,1398,47.2,202,0,0,0,0,0,0,9.199999999999989,306.79999999999995,65985.6,0.16,1324.58
3944,L51123,1,302.3,311.4,1333,66.7,205,1,0,0,1,1,0,9.099999999999966,306.85,88911.1,6.56,7477.84
3945,L51124,1,302.2,311.2,1381,49.4,207,0,0,0,0,0,0,9.0,306.7,68221.4,0.14,875.36
3946,L51125,1,302.2,311.3,1570,36.1,0,0,0,0,0,0,0,9.100000000000023,306.75,56677.0,0.02,0.0
3947,M18806,2,302.2,311.3,1658,31.0,2,0,0,0,0,0,0,9.100000000000023,306.75,51398.0,0.15,199.21
3948,H33361,0,302.2,311.3,1749,29.2,5,0,0,0,0,0,0,9.100000000000023,306.75,51070.799999999996,0.25,506.03
3949,M18808,2,302.2,311.3,1510,37.1,10,0,0,0,0,0,0,9.100000000000023,306.75,56021.0,0.17,24.87
3950,L51129,1,302.3,311.5,1384,50.8,13,0,0,0,0,0,0,9.199999999999989,306.9,70307.2,0.1,124.15
3951,L51130,1,302.3,311.4,1570,37.2,15,0,0,0,0,0,0,9.099999999999966,306.85,58404.00000000001,0.28,302.73
3952,M18811,2,302.3,311.4,1571,32.7,17,0,0,0,0,0,0,9.099999999999966,306.85,51371.700000000004,0.05,423.08
3953,L51132,1,302.3,311.4,1476,37.3,20,0,0,0,0,0,0,9.099999999999966,306.85,55054.799999999996,0.1,538.8
3954,M18813,2,302.3,311.4,1484,39.5,22,0,0,0,0,0,0,9.099999999999966,306.85,58618.0,0.13,303.67
3955,M18814,2,302.3,311.4,1909,23.2,25,0,0,0,0,0,0,9.099999999999966,306.85,44288.799999999996,0.22,479.7
3956,L51135,1,302.3,311.5,1448,49.6,28,0,0,0,0,0,0,9.199999999999989,306.9,71820.8,0.25,520.53
3957,M18816,2,302.3,311.4,1500,40.2,30,0,0,0,0,0,0,9.099999999999966,306.85,60300.00000000001,0.02,0.0
3958,L51137,1,302.2,311.4,1510,44.9,33,0,0,0,0,0,0,9.199999999999989,306.79999999999995,67799.0,0.24,509.78
3959,L51138,1,302.2,311.3,1378,55.5,35,0,0,0,0,0,0,9.100000000000023,306.75,76479.0,0.22,242.06
3960,M18819,2,302.2,311.4,1538,37.4,37,0,0,0,0,0,0,9.199999999999989,306.79999999999995,57521.2,0.27,429.27
3961,L51140,1,302.2,311.4,1390,48.1,40,0,0,0,0,0,0,9.199999999999989,306.79999999999995,66859.0,0.27,640.96
3962,M18821,2,302.2,311.4,1642,32.1,42,0,0,0,0,0,0,9.199999999999989,306.79999999999995,52708.200000000004,0.23,452.14
3963,L51142,1,302.4,311.5,1785,24.8,45,0,0,0,0,0,0,9.100000000000023,306.95,44268.0,0.06,450.37
3964,H33377,0,302.3,311.5,1526,38.2,47,0,0,0,0,0,0,9.199999999999989,306.9,58293.200000000004,0.09,519.89
3965,M18824,2,302.3,311.6,1668,33.2,52,0,0,0,0,0,0,9.300000000000011,306.95000000000005,55377.600000000006,0.28,276.46
3966,L51145,1,302.3,311.5,1507,37.5,55,0,0,0,0,0,0,9.199999999999989,306.9,56512.5,0.18,128.35
3967,L51146,1,302.3,311.5,1530,37.8,57,0,0,0,0,0,0,9.199999999999989,306.9,57833.99999999999,0.16,619.31
3968,M18827,2,302.3,311.4,1479,45.6,59,0,0,0,0,0,0,9.099999999999966,306.85,67442.40000000001,0.27,745.36
3969,M18828,2,302.3,311.4,1418,41.3,62,0,0,0,0,0,0,9.099999999999966,306.85,58563.399999999994,0.26,608.49
3970,L51149,1,302.3,311.4,1504,38.7,65,0,0,0,0,0,0,9.099999999999966,306.85,58204.8,0.22,603.83
3971,M18830,2,302.3,311.4,1345,47.6,67,0,0,0,0,0,0,9.099999999999966,306.85,64022.0,0.26,728.96
3972,H33385,0,302.2,311.4,1625,35.4,70,0,0,0,0,0,0,9.199999999999989,306.79999999999995,57525.0,0.03,511.16
3973,L51152,1,302.3,311.4,1511,34.7,75,0,0,0,0,0,0,9.099999999999966,306.85,52431.700000000004,0.23,559.37
3974,L51153,1,302.3,311.4,1535,41.8,77,0,0,0,0,0,0,9.099999999999966,306.85,64162.99999999999,0.29,818.38
3975,L51154,1,302.4,311.5,1505,37.9,79,0,0,0,0,0,0,9.100000000000023,306.95,57039.5,0.01,353.03
3976,H33389,0,302.4,311.5,1540,43.7,81,0,0,0,0,0,0,9.100000000000023,306.95,67298.0,0.07,511.53
3977,H33390,0,302.3,311.4,1372,46.0,86,0,0,0,0,0,0,9.099999999999966,306.85,63112.0,0.24,700.0
3978,M18837,2,302.2,311.3,1510,36.6,91,0,0,0,0,0,0,9.100000000000023,306.75,55266.0,0.16,486.08
3979,L51158,1,302.2,311.3,1382,46.4,94,0,0,0,0,0,0,9.100000000000023,306.75,64124.799999999996,0.03,388.55
3980,L51159,1,302.3,311.3,1439,41.8,96,0,0,0,0,0,0,9.0,306.8,60150.2,0.08,895.12
3981,M18840,2,302.2,311.3,1375,47.0,98,0,0,0,0,0,0,9.100000000000023,306.75,64625.0,0.1,456.22
3982,M18841,2,302.2,311.3,1931,21.9,101,0,0,0,0,0,0,9.100000000000023,306.75,42288.899999999994,0.1,660.49
3983,L51162,1,302.2,311.3,1475,48.6,104,0,0,0,0,0,0,9.100000000000023,306.75,71685.0,0.26,866.97
3984,L51163,1,302.2,311.3,1389,46.9,106,0,0,0,0,0,0,9.100000000000023,306.75,65144.1,0.2,721.87
3985,L51164,1,302.3,311.3,1652,32.8,108,0,0,0,0,0,0,9.0,306.8,54185.6,0.22,860.72
3986,L51165,1,302.3,311.2,1386,50.3,110,0,0,0,0,0,0,8.899999999999977,306.75,69715.8,0.0,599.35
3987,M18846,2,302.2,311.3,1577,29.8,112,0,0,0,0,0,0,9.100000000000023,306.75,46994.6,0.13,559.46
3988,M18847,2,302.3,311.3,1444,43.1,115,0,0,0,0,0,0,9.0,306.8,62236.4,0.1,755.52
3989,L51168,1,302.2,311.3,1554,40.2,118,0,0,0,0,0,0,9.100000000000023,306.75,62470.8,0.26,768.29
3990,L51169,1,302.2,311.3,1602,32.8,120,0,0,0,0,0,0,9.100000000000023,306.75,52545.6,0.29,1151.1
3991,H33404,0,302.2,311.2,1692,28.2,122,0,0,0,0,0,0,9.0,306.7,47714.4,0.13,804.37
3992,L51171,1,302.3,311.3,1682,34.4,127,0,0,0,0,0,0,9.0,306.8,57860.799999999996,0.29,819.98
3993,L51172,1,302.3,311.3,1614,34.1,129,0,0,0,0,0,0,9.0,306.8,55037.4,0.0,696.34
3994,L51173,1,302.3,311.3,1324,47.8,131,0,0,0,0,0,0,9.0,306.8,63287.2,0.1,616.27
3995,L51174,1,302.3,311.4,1434,40.3,133,0,0,0,0,0,0,9.099999999999966,306.85,57790.2,0.23,933.67
3996,L51175,1,302.3,311.3,1621,31.6,135,0,0,0,0,0,0,9.0,306.8,51223.600000000006,0.11,751.15
3997,M18856,2,302.3,311.3,1625,33.1,137,0,0,0,0,0,0,9.0,306.8,53787.5,0.28,840.97
3998,L51177,1,302.2,311.1,1394,53.7,140,0,0,0,0,0,0,8.900000000000034,306.65,74857.8,0.07,644.08
3999,L51178,1,302.1,311.0,1586,35.1,142,0,0,0,0,0,0,8.899999999999977,306.55,55668.600000000006,0.24,1315.24
4000,L51179,1,302.0,311.0,1420,45.9,144,0,0,0,0,0,0,9.0,306.5,65178.0,0.06,793.71
4001,L51180,1,302.1,311.2,1422,50.3,146,0,0,0,0,0,0,9.099999999999966,306.65,71526.59999999999,0.06,725.24
4002,H33415,0,302.1,311.2,1598,37.9,148,0,0,0,0,0,0,9.099999999999966,306.65,60564.2,0.13,779.26
4003,L51182,1,302.1,311.2,1454,59.2,153,1,0,0,1,0,0,9.099999999999966,306.65,86076.8,6.22,7055.67
4004,L51183,1,302.1,311.2,1519,39.3,155,0,0,0,0,0,0,9.099999999999966,306.65,59696.7,0.18,859.23
4005,L51184,1,302.0,311.1,1373,55.7,157,0,0,0,0,0,0,9.100000000000023,306.55,76476.1,0.19,810.81
4006,M18865,2,302.0,311.1,1406,48.8,159,0,0,0,0,0,0,9.100000000000023,306.55,68612.8,0.0,790.14
4007,L51186,1,302.1,311.2,1492,45.0,162,0,0,0,0,0,0,9.099999999999966,306.65,67140.0,0.02,824.0
4008,L51187,1,302.1,311.2,1369,50.8,164,0,0,0,0,0,0,9.099999999999966,306.65,69545.2,0.02,777.44
4009,M18868,2,302.2,311.2,1471,41.9,166,0,0,0,0,0,0,9.0,306.7,61634.9,0.25,946.31
4010,L51189,1,302.2,311.2,1630,36.0,169,0,0,0,0,0,0,9.0,306.7,58680.0,0.07,856.35
4011,M18870,2,302.1,311.1,1605,37.6,171,0,0,0,0,0,0,9.0,306.6,60348.0,0.1,884.55
4012,L51191,1,302.2,311.1,1447,52.1,174,0,0,0,0,0,0,8.900000000000034,306.65,75388.7,0.18,958.75
4013,M18872,2,302.2,311.2,1360,52.8,176,0,0,0,0,0,0,9.0,306.7,71808.0,0.18,1101.48
4014,M18873,2,302.2,311.1,1728,34.0,179,0,0,0,0,0,0,8.900000000000034,306.65,58752.0,0.12,1348.93
4015,L51194,1,302.1,311.0,1740,30.8,182,0,0,0,0,0,0,8.899999999999977,306.55,53592.0,0.0,1109.76
4016,L51195,1,302.1,310.9,1477,41.4,184,0,0,0,0,0,0,8.799999999999955,306.5,61147.799999999996,0.13,1341.29
4017,L51196,1,302.1,310.9,1658,30.3,186,0,0,0,0,0,0,8.799999999999955,306.5,50237.4,0.22,1064.85
4018,L51197,1,302.0,310.8,1902,23.4,188,0,0,0,0,0,0,8.800000000000011,306.4,44506.799999999996,0.07,1261.2
4019,M18878,2,302.0,310.8,1783,23.1,190,0,0,0,0,0,0,8.800000000000011,306.4,41187.3,0.21,1194.09
4020,M18879,2,302.0,310.9,1558,45.3,193,0,0,0,0,0,0,8.899999999999977,306.45,70577.4,0.0,1112.95
4021,L51200,1,302.1,311.0,1351,49.5,196,0,0,0,0,0,0,8.899999999999977,306.55,66874.5,0.27,1318.66
4022,H33435,0,302.1,310.9,1452,42.5,198,0,0,0,0,0,0,8.799999999999955,306.5,61710.0,0.29,1228.51
4023,L51202,1,302.1,310.9,1666,30.7,203,0,0,0,0,0,0,8.799999999999955,306.5,51146.2,0.0,1122.92
4024,L51203,1,302.1,311.0,1364,50.0,205,0,0,0,0,0,0,8.899999999999977,306.55,68200.0,0.14,1237.74
4025,M18884,2,302.1,311.0,1351,60.3,207,1,0,0,0,1,0,8.899999999999977,306.55,81465.3,7.29,8059.77
4026,H33439,0,302.1,311.0,1729,26.1,210,0,0,0,0,0,0,8.899999999999977,306.55,45126.9,0.25,1281.38
4027,M18886,2,302.1,311.0,1574,34.1,215,0,0,0,0,0,0,8.899999999999977,306.55,53673.4,0.16,1365.86
4028,L51207,1,302.0,311.0,1566,37.8,218,0,0,0,0,0,0,9.0,306.5,59194.799999999996,0.18,1311.61
4029,L51208,1,302.0,310.9,1455,43.2,220,0,0,0,0,0,0,8.899999999999977,306.45,62856.00000000001,0.06,1230.42
4030,H33443,0,302.0,310.9,1679,29.0,222,0,0,0,0,0,0,8.899999999999977,306.45,48691.0,0.02,1017.29
4031,L51210,1,302.0,310.8,2143,17.3,227,0,0,0,0,0,0,8.800000000000011,306.4,37073.9,0.21,1383.43
4032,L51211,1,302.0,310.8,1447,42.7,229,0,0,0,0,0,0,8.800000000000011,306.4,61786.9,0.19,1320.55
4033,L51212,1,302.0,310.8,1383,50.3,231,1,0,0,0,1,0,8.800000000000011,306.4,69564.9,8.47,9594.48
4034,L51213,1,302.1,310.8,1772,27.1,233,0,0,0,0,0,0,8.699999999999989,306.45000000000005,48021.200000000004,0.25,1313.11
4035,L51214,1,302.0,310.8,1615,29.0,235,1,1,0,0,0,0,8.800000000000011,306.4,46835.0,1.42,2732.23
4036,L51215,1,302.0,310.8,1454,36.6,0,0,0,0,0,0,0,8.800000000000011,306.4,53216.4,0.16,211.82
4037,L51216,1,302.0,310.8,1445,49.1,2,0,0,0,0,0,0,8.800000000000011,306.4,70949.5,0.27,316.68
4038,M18897,2,302.0,310.8,1609,35.2,4,0,0,0,0,0,0,8.800000000000011,306.4,56636.8,0.24,567.62
4039,L51218,1,302.0,310.9,1546,34.4,7,0,0,0,0,0,0,8.899999999999977,306.45,53182.399999999994,0.26,366.07
4040,L51219,1,301.9,310.8,1567,39.3,9,0,0,0,0,0,0,8.900000000000034,306.35,61583.1,0.3,525.07
4041,L51220,1,302.0,310.8,1767,27.4,11,0,0,0,0,0,0,8.800000000000011,306.4,48415.799999999996,0.12,215.94
4042,L51221,1,302.0,310.9,1539,34.2,13,0,0,0,0,0,0,8.899999999999977,306.45,52633.8,0.22,232.03
4043,L51222,1,302.0,310.9,1564,39.0,15,0,0,0,0,0,0,8.899999999999977,306.45,60996.0,0.21,126.13
4044,M18903,2,302.0,310.8,1445,46.3,17,0,0,0,0,0,0,8.800000000000011,306.4,66903.5,0.05,171.21
4045,M18904,2,301.9,310.9,1419,47.7,20,1,0,0,0,0,0,9.0,306.4,67686.3,0.19,0.0
4046,M18905,2,301.8,310.9,1881,20.9,23,0,0,0,0,0,0,9.099999999999966,306.35,39312.899999999994,0.13,285.87
4047,M18906,2,301.9,310.9,1421,46.2,26,0,0,0,0,0,0,9.0,306.4,65650.2,0.14,317.31
4048,L51227,1,301.9,311.0,1455,46.0,29,0,0,0,0,0,0,9.100000000000023,306.45,66930.0,0.05,162.36
4049,L51228,1,301.9,311.0,2691,12.1,31,1,0,0,1,0,0,9.100000000000023,306.45,32561.1,5.86,6001.15
4050,L51229,1,301.8,310.8,1505,41.2,33,0,0,0,0,0,0,9.0,306.3,62006.00000000001,0.21,187.32
4051,L51230,1,301.8,310.8,1456,46.6,35,0,0,0,0,0,0,9.0,306.3,67849.6,0.16,542.84
4052,L51231,1,301.8,310.8,1383,46.4,37,0,0,0,0,0,0,9.0,306.3,64171.2,0.05,184.41
4053,M18912,2,301.9,310.8,1563,39.2,39,0,0,0,0,0,0,8.900000000000034,306.35,61269.600000000006,0.17,219.19
4054,M18913,2,301.9,310.9,2305,16.1,42,0,0,0,0,0,0,9.0,306.4,37110.5,0.03,321.7
4055,M18914,2,301.9,310.9,1456,43.6,45,0,0,0,0,0,0,9.0,306.4,63481.6,0.1,341.61
4056,L51235,1,302.0,311.0,1865,22.7,48,0,0,0,0,0,0,9.0,306.5,42335.5,0.11,296.25
4057,L51236,1,301.9,310.9,1597,36.9,50,0,0,0,0,0,0,9.0,306.4,58929.299999999996,0.27,450.39
4058,L51237,1,302.0,310.9,1495,38.6,52,0,0,0,0,0,0,8.899999999999977,306.45,57707.0,0.12,379.15
4059,M18918,2,302.0,310.9,1456,47.2,54,0,0,0,0,0,0,8.899999999999977,306.45,68723.2,0.18,651.87
4060,L51239,1,301.9,310.8,1465,44.3,57,0,0,0,0,0,0,8.900000000000034,306.35,64899.49999999999,0.26,615.43
4061,M18920,2,302.0,310.9,1352,55.5,59,0,0,0,0,0,0,8.899999999999977,306.45,75036.0,0.13,419.84
4062,L51241,1,301.9,310.8,1906,21.7,62,0,0,0,0,0,0,8.900000000000034,306.35,41360.2,0.27,707.87
4063,L51242,1,302.0,310.9,1446,44.0,64,0,0,0,0,0,0,8.899999999999977,306.45,63624.0,0.04,364.13
4064,L51243,1,302.0,310.8,1948,19.7,66,0,0,0,0,0,0,8.800000000000011,306.4,38375.6,0.11,500.23
4065,L51244,1,301.9,310.7,1480,47.1,68,0,0,0,0,0,0,8.800000000000011,306.29999999999995,69708.0,0.03,392.67
4066,M18925,2,301.9,310.7,1511,37.6,70,0,0,0,0,0,0,8.800000000000011,306.29999999999995,56813.6,0.17,608.47
4067,M18926,2,301.9,310.7,1472,47.0,73,0,0,0,0,0,0,8.800000000000011,306.29999999999995,69184.0,0.29,588.38
4068,L51247,1,301.9,310.7,1429,51.0,76,0,0,0,0,0,0,8.800000000000011,306.29999999999995,72879.0,0.2,409.1
4069,L51248,1,301.9,310.7,1405,48.8,78,0,0,0,0,0,0,8.800000000000011,306.29999999999995,68564.0,0.19,716.03
4070,M18929,2,301.9,310.7,1405,47.9,80,0,0,0,0,0,0,8.800000000000011,306.29999999999995,67299.5,0.08,705.74
4071,L51250,1,302.0,310.7,1348,58.1,83,0,0,0,0,0,0,8.699999999999989,306.35,78318.8,0.28,531.22
4072,L51251,1,301.9,310.6,1331,68.6,85,1,0,0,1,0,0,8.700000000000045,306.25,91306.59999999999,5.87,6321.89
4073,L51252,1,301.9,310.6,1610,33.4,87,0,0,0,0,0,0,8.700000000000045,306.25,53774.0,0.08,447.67
4074,M18933,2,301.9,310.6,1412,46.5,89,0,0,0,0,0,0,8.700000000000045,306.25,65658.0,0.3,877.51
4075,L51254,1,302.0,310.7,1453,42.7,92,0,0,0,0,0,0,8.699999999999989,306.35,62043.100000000006,0.13,627.0
4076,L51255,1,302.0,310.6,1583,38.9,94,0,0,0,0,0,0,8.600000000000023,306.3,61578.7,0.11,1079.12
4077,M18936,2,302.0,310.6,1539,37.4,96,0,0,0,0,0,0,8.600000000000023,306.3,57558.6,0.01,444.78
4078,L51257,1,302.0,310.5,1635,39.8,99,0,0,0,0,0,0,8.5,306.25,65072.99999999999,0.05,775.59
4079,H33492,0,302.1,310.7,1294,62.4,101,1,0,1,0,0,0,8.599999999999966,306.4,80745.59999999999,3.68,4430.19
4080,L51259,1,302.0,310.5,1978,22.0,106,0,0,0,0,0,0,8.5,306.25,43516.0,0.14,750.04
4081,L51260,1,302.0,310.4,1357,58.0,108,1,0,1,0,0,0,8.399999999999977,306.2,78706.0,4.89,5435.56
4082,L51261,1,302.0,310.4,1336,58.2,110,1,0,1,0,0,0,8.399999999999977,306.2,77755.2,4.69,5254.23
4083,L51262,1,302.0,310.4,1568,39.2,112,0,0,0,0,0,0,8.399999999999977,306.2,61465.600000000006,0.18,741.53
4084,M18943,2,302.0,310.4,1567,36.4,114,0,0,0,0,0,0,8.399999999999977,306.2,57038.799999999996,0.22,959.99
4085,L51264,1,302.0,310.4,1611,35.6,117,0,0,0,0,0,0,8.399999999999977,306.2,57351.600000000006,0.19,644.1
4086,H33499,0,302.0,310.5,1841,23.6,119,0,0,0,0,0,0,8.5,306.25,43447.600000000006,0.16,730.85
4087,L51266,1,302.0,310.5,1567,36.1,124,0,0,0,0,0,0,8.5,306.25,56568.700000000004,0.17,747.67
4088,L51267,1,301.9,310.4,1376,54.9,126,1,0,1,0,0,0,8.5,306.15,75542.4,2.63,3001.07
4089,L51268,1,301.9,310.5,1477,42.4,128,0,0,0,0,0,0,8.600000000000023,306.2,62624.799999999996,0.26,1028.84
4090,M18949,2,301.9,310.5,1590,40.3,130,0,0,0,0,0,0,8.600000000000023,306.2,64076.99999999999,0.1,909.44
4091,L51270,1,302.0,310.5,2197,15.8,133,0,0,0,0,0,0,8.5,306.25,34712.6,0.14,709.87
4092,M18951,2,302.0,310.4,1595,32.9,135,0,0,0,0,0,0,8.399999999999977,306.2,52475.5,0.19,1019.52
4093,H33506,0,302.0,310.5,1812,24.4,138,0,0,0,0,0,0,8.5,306.25,44212.799999999996,0.09,542.45
4094,M18953,2,302.0,310.5,1573,32.1,143,0,0,0,0,0,0,8.5,306.25,50493.3,0.05,768.59
4095,L51274,1,302.0,310.5,1651,30.9,146,0,0,0,0,0,0,8.5,306.25,51015.899999999994,0.29,1001.06
4096,H33509,0,302.0,310.5,1459,43.2,148,0,0,0,0,0,0,8.5,306.25,63028.8,0.06,813.16
4097,L51276,1,301.9,310.4,1370,51.7,153,1,0,1,0,0,0,8.5,306.15,70829.0,4.44,5217.38
4098,L51277,1,301.9,310.4,1518,34.1,155,0,0,0,0,0,0,8.5,306.15,51763.8,0.19,953.44
4099,L51278,1,302.0,310.3,1648,29.6,157,0,0,0,0,0,0,8.300000000000011,306.15,48780.8,0.02,746.83
4100,L51279,1,302.0,310.4,1464,47.2,159,0,0,0,0,0,0,8.399999999999977,306.2,69100.8,0.01,788.69
4101,L51280,1,302.0,310.4,1895,23.2,161,0,0,0,0,0,0,8.399999999999977,306.2,43964.0,0.02,1029.48
4102,L51281,1,301.9,310.4,1884,23.4,163,0,0,0,0,0,0,8.5,306.15,44085.6,0.04,768.19
4103,L51282,1,302.0,310.4,1450,46.6,165,0,0,0,0,0,0,8.399999999999977,306.2,67570.0,0.13,1293.3
4104,L51283,1,302.0,310.4,1448,43.4,167,0,0,0,0,0,0,8.399999999999977,306.2,62843.2,0.25,989.73
4105,L51284,1,302.1,310.5,1389,49.6,169,0,0,0,0,0,0,8.399999999999977,306.3,68894.40000000001,0.1,981.01
4106,L51285,1,302.0,310.6,1583,35.2,171,0,0,0,0,0,0,8.600000000000023,306.3,55721.600000000006,0.13,1070.68
4107,L51286,1,301.9,310.5,1425,51.1,173,0,0,0,0,0,0,8.600000000000023,306.2,72817.5,0.18,1001.24
4108,L51287,1,302.0,310.5,1809,27.1,175,0,0,0,0,0,0,8.5,306.25,49023.9,0.09,1172.35
4109,L51288,1,301.9,310.5,1892,21.8,177,0,0,0,0,0,0,8.600000000000023,306.2,41245.6,0.13,1096.78
4110,M18969,2,301.9,310.6,1475,47.8,179,0,0,0,0,0,0,8.700000000000045,306.25,70505.0,0.12,984.26
4111,L51290,1,302.0,310.6,1361,46.7,182,0,0,0,0,0,0,8.600000000000023,306.3,63558.700000000004,0.1,1215.69
4112,M18971,2,302.0,310.6,1563,41.0,184,0,0,0,0,0,0,8.600000000000023,306.3,64083.0,0.12,887.68
4113,H33526,0,301.9,310.5,1472,39.7,187,0,0,0,0,0,0,8.600000000000023,306.2,58438.4,0.0,850.18
4114,L51293,1,302.0,310.6,1325,55.3,192,0,0,0,0,0,0,8.600000000000023,306.3,73272.5,0.27,1314.39
4115,L51294,1,302.0,310.6,1358,53.1,194,0,0,0,0,0,0,8.600000000000023,306.3,72109.8,0.29,1380.22
4116,H33529,0,302.0,310.6,1346,54.7,196,0,0,0,0,0,0,8.600000000000023,306.3,73626.2,0.26,1288.39
4117,M18976,2,302.0,310.5,1381,58.4,201,0,0,0,0,0,0,8.5,306.25,80650.4,0.0,985.92
4118,L51297,1,301.9,310.5,1340,55.7,204,1,0,0,0,1,0,8.600000000000023,306.2,74638.0,8.78,9762.28
4119,L51298,1,302.0,310.6,1366,47.7,206,0,0,0,0,0,0,8.600000000000023,306.3,65158.200000000004,0.17,1369.71
4120,L51299,1,302.1,310.7,1325,45.1,208,1,0,1,0,0,0,8.599999999999966,306.4,59757.5,3.41,4486.06
4121,M18980,2,302.1,310.7,1376,46.3,210,1,0,1,0,0,0,8.599999999999966,306.4,63708.799999999996,3.48,4399.16
4122,M18981,2,302.1,310.7,1364,47.8,213,1,0,1,0,0,0,8.599999999999966,306.4,65199.2,4.59,5515.51
4123,L51302,1,302.2,310.6,1462,43.6,0,0,0,0,0,0,0,8.400000000000034,306.4,63743.200000000004,0.04,267.02
4124,M18983,2,302.1,310.6,1517,38.9,2,0,0,0,0,0,0,8.5,306.35,59011.299999999996,0.29,192.19
4125,L51304,1,302.1,310.6,1385,53.6,5,0,0,0,0,0,0,8.5,306.35,74236.0,0.04,105.91
4126,L51305,1,302.1,310.6,1439,40.0,7,0,0,0,0,0,0,8.5,306.35,57560.0,0.14,377.64
4127,M18986,2,302.0,310.6,1623,34.3,9,0,0,0,0,0,0,8.600000000000023,306.3,55668.899999999994,0.05,176.32
4128,H33541,0,302.0,310.6,1438,43.2,12,0,0,0,0,0,0,8.600000000000023,306.3,62121.600000000006,0.05,0.0
4129,L51308,1,301.9,310.4,1708,24.8,17,0,0,0,0,0,0,8.5,306.15,42358.4,0.29,222.65
4130,M18989,2,301.8,310.3,1666,32.7,19,0,0,0,0,0,0,8.5,306.05,54478.200000000004,0.17,545.48
4131,L51310,1,301.9,310.4,1286,62.8,22,1,0,1,0,0,0,8.5,306.15,80760.8,4.81,4763.83
4132,L51311,1,301.9,310.3,1485,46.3,24,0,0,0,0,0,0,8.400000000000034,306.1,68755.5,0.23,267.01
4133,M18992,2,301.8,310.3,1409,52.5,26,0,0,0,0,0,0,8.5,306.05,73972.5,0.26,445.88
4134,L51313,1,301.8,310.3,1765,27.3,29,0,0,0,0,0,0,8.5,306.05,48184.5,0.28,392.17
4135,L51314,1,301.8,310.3,1688,28.8,31,0,0,0,0,0,0,8.5,306.05,48614.4,0.28,521.07
4136,M18995,2,301.7,310.3,1787,26.7,33,0,0,0,0,0,0,8.600000000000023,306.0,47712.9,0.27,214.83
4137,L51316,1,301.7,310.1,1487,48.0,36,0,0,0,0,0,0,8.400000000000034,305.9,71376.0,0.19,338.44
4138,L51317,1,301.7,310.1,1384,50.5,38,0,0,0,0,0,0,8.400000000000034,305.9,69892.0,0.1,391.65
4139,L51318,1,301.7,310.2,1311,57.4,40,1,0,1,0,0,0,8.5,305.95,75251.4,3.19,3492.16
4140,H33553,0,301.7,310.2,1620,30.8,42,0,0,0,0,0,0,8.5,305.95,49896.0,0.04,164.13
4141,L51320,1,301.7,310.2,1331,61.2,47,1,0,1,0,0,0,8.5,305.95,81457.2,3.88,3961.74
4142,H33555,0,301.7,310.1,1462,38.3,49,0,0,0,0,0,0,8.400000000000034,305.9,55994.6,0.13,407.06
4143,L51322,1,301.7,310.1,1424,50.2,54,0,0,0,0,0,0,8.400000000000034,305.9,71484.8,0.09,163.13
4144,L51323,1,301.7,310.1,1500,39.6,56,0,0,0,0,0,0,8.400000000000034,305.9,59400.0,0.18,652.64
4145,L51324,1,301.8,310.1,1738,28.0,58,0,0,0,0,0,0,8.300000000000011,305.95000000000005,48664.0,0.27,583.61
4146,M19005,2,301.8,310.3,1465,46.5,60,0,0,0,0,0,0,8.5,306.05,68122.5,0.15,345.48
4147,L51326,1,301.8,310.3,1482,41.4,63,0,0,0,0,0,0,8.5,306.05,61354.799999999996,0.17,326.82
4148,L51327,1,301.9,310.3,1398,44.0,65,0,0,0,0,0,0,8.400000000000034,306.1,61512.0,0.13,360.04
4149,L51328,1,301.9,310.3,1972,21.3,67,0,0,0,0,0,0,8.400000000000034,306.1,42003.6,0.21,310.71
4150,L51329,1,301.9,310.4,1603,37.6,69,0,0,0,0,0,0,8.5,306.15,60272.8,0.03,449.22
4151,L51330,1,301.9,310.4,1610,34.8,71,0,0,0,0,0,0,8.5,306.15,56027.99999999999,0.01,244.57
4152,M19011,2,301.9,310.4,1373,48.0,73,1,0,1,0,0,0,8.5,306.15,65904.0,5.16,5584.95
4153,M19012,2,302.0,310.5,1425,44.7,76,0,0,0,0,0,0,8.5,306.25,63697.50000000001,0.16,620.63
4154,M19013,2,302.0,310.4,1212,55.6,79,1,0,1,0,0,0,8.399999999999977,306.2,67387.2,3.33,3869.9
4155,M19014,2,302.0,310.4,1828,26.3,82,0,0,0,0,0,0,8.399999999999977,306.2,48076.4,0.1,547.78
4156,L51335,1,302.0,310.5,1370,44.4,85,1,0,1,0,0,0,8.5,306.25,60828.0,3.55,4143.79
4157,M19016,2,302.0,310.5,1823,25.1,87,0,0,0,0,0,0,8.5,306.25,45757.3,0.2,842.92
4158,L51337,1,302.0,310.5,1263,60.6,90,1,0,1,0,0,0,8.5,306.25,76537.8,5.07,5558.73
4159,L51338,1,301.9,310.4,1889,21.5,92,0,0,0,0,0,0,8.5,306.15,40613.5,0.13,637.78
4160,M19019,2,302.0,310.5,1639,32.9,94,0,0,0,0,0,0,8.5,306.25,53923.1,0.27,656.38
4161,M19020,2,302.0,310.4,1608,33.1,97,0,0,0,0,0,0,8.399999999999977,306.2,53224.8,0.22,556.86
4162,H33575,0,301.9,310.3,1653,32.4,100,0,0,0,0,0,0,8.400000000000034,306.1,53557.2,0.07,762.31
4163,L51342,1,302.0,310.4,1591,29.8,105,0,0,0,0,0,0,8.399999999999977,306.2,47411.8,0.2,815.86
4164,L51343,1,302.1,310.5,1696,30.9,107,0,0,0,0,0,0,8.399999999999977,306.3,52406.399999999994,0.04,678.02
4165,L51344,1,302.2,310.6,1346,47.5,109,1,0,1,0,0,0,8.400000000000034,306.4,63935.0,3.82,4276.39
4166,M19025,2,302.2,310.5,1507,40.4,111,0,0,0,0,0,0,8.300000000000011,306.35,60882.799999999996,0.21,1008.59
4167,H33580,0,302.3,310.6,1525,48.7,114,0,0,0,0,0,0,8.300000000000011,306.45000000000005,74267.5,0.04,575.71
4168,M19027,2,302.3,310.7,1559,33.9,119,0,0,0,0,0,0,8.399999999999977,306.5,52850.1,0.08,554.72
4169,L51348,1,302.2,310.6,1632,30.5,122,0,0,0,0,0,0,8.400000000000034,306.4,49776.0,0.27,793.95
4170,L51349,1,302.1,310.5,1559,36.0,124,0,0,0,0,0,0,8.399999999999977,306.3,56124.0,0.22,1075.68
4171,M19030,2,302.2,310.6,1355,51.5,126,1,0,1,0,0,0,8.400000000000034,306.4,69782.5,4.85,5313.34
4172,M19031,2,302.2,310.5,1832,23.7,129,0,0,0,0,0,0,8.300000000000011,306.35,43418.4,0.26,792.33
4173,L51352,1,302.2,310.6,1386,50.0,132,0,0,0,0,0,0,8.400000000000034,306.4,69300.0,0.09,1184.78
4174,M19033,2,302.2,310.6,1346,49.2,134,1,0,1,0,0,0,8.400000000000034,306.4,66223.2,3.4,4211.16
4175,L51354,1,302.3,310.7,1499,37.8,137,0,0,0,0,0,0,8.399999999999977,306.5,56662.2,0.11,685.04
4176,L51355,1,302.3,310.7,1612,33.4,139,0,0,0,0,0,0,8.399999999999977,306.5,53840.799999999996,0.21,742.78
4177,M19036,2,302.3,310.7,1544,39.7,141,0,0,0,0,0,0,8.399999999999977,306.5,61296.8,0.1,554.1
4178,L51357,1,302.5,310.9,1477,39.2,144,0,0,0,0,0,0,8.399999999999977,306.7,57898.4,0.0,734.57
4179,L51358,1,302.5,310.9,1624,34.4,146,0,0,0,0,0,0,8.399999999999977,306.7,55865.6,0.03,869.2
4180,L51359,1,302.4,310.9,1349,46.1,148,1,0,1,0,0,0,8.5,306.65,62188.9,3.37,4337.82
4181,L51360,1,302.4,310.8,1686,28.8,150,0,0,0,0,0,0,8.400000000000034,306.6,48556.8,0.03,495.9
4182,M19041,2,302.4,310.7,1521,40.4,152,0,0,0,0,0,0,8.300000000000011,306.54999999999995,61448.4,0.18,741.19
4183,L51362,1,302.4,310.7,1362,54.8,155,1,0,1,0,0,0,8.300000000000011,306.54999999999995,74637.59999999999,2.87,3627.07
4184,L51363,1,302.3,310.7,1402,50.9,157,0,0,0,0,0,0,8.399999999999977,306.5,71361.8,0.22,1423.15
4185,L51364,1,302.2,310.6,1334,53.2,159,1,0,1,0,0,0,8.400000000000034,306.4,70968.8,3.98,4907.89
4186,L51365,1,302.2,310.6,1348,48.4,161,1,0,1,0,0,0,8.400000000000034,306.4,65243.2,4.31,5170.92
4187,M19046,2,302.2,310.6,1570,34.6,163,0,0,0,0,0,0,8.400000000000034,306.4,54322.0,0.28,911.26
4188,M19047,2,302.2,310.7,1601,33.0,166,0,0,0,0,0,0,8.5,306.45,52833.0,0.17,682.0
4189,M19048,2,302.3,310.8,1611,31.8,169,0,0,0,0,0,0,8.5,306.55,51229.8,0.12,970.83
4190,L51369,1,302.4,310.9,1560,31.8,172,0,0,0,0,0,0,8.5,306.65,49608.0,0.28,1125.09
4191,H33604,0,302.4,310.9,1444,40.7,174,0,0,0,0,0,0,8.5,306.65,58770.8,0.06,889.83
4192,L51371,1,302.4,311.0,1317,59.4,179,0,0,0,0,0,0,8.600000000000023,306.7,78229.8,0.13,967.93
4193,M19052,2,302.5,311.0,1463,43.1,181,0,0,0,0,0,0,8.5,306.75,63055.3,0.03,822.75
4194,L51373,1,302.4,311.1,1634,34.2,184,0,0,0,0,0,0,8.700000000000045,306.75,55882.8,0.04,813.35
4195,L51374,1,302.4,311.0,1423,46.2,186,0,0,0,0,0,0,8.600000000000023,306.7,65742.6,0.12,1258.43
4196,L51375,1,302.5,311.0,1548,38.4,188,0,0,0,0,0,0,8.5,306.75,59443.2,0.21,1017.02
4197,M19056,2,302.5,311.0,1563,35.6,190,0,0,0,0,0,0,8.5,306.75,55642.8,0.1,1008.58
4198,L51377,1,302.4,311.0,1573,36.5,193,0,0,0,0,0,0,8.600000000000023,306.7,57414.5,0.21,1169.14
4199,M19058,2,302.4,311.1,1432,44.5,195,0,0,0,0,0,0,8.700000000000045,306.75,63724.0,0.24,1320.94
4200,M19059,2,302.5,311.1,1638,32.0,198,0,0,0,0,0,0,8.600000000000023,306.8,52416.0,0.26,1122.23
4201,L51380,1,302.5,311.1,1571,34.2,201,0,0,0,0,0,0,8.600000000000023,306.8,53728.200000000004,0.01,1161.71
4202,L51381,1,302.4,311.0,2211,15.4,203,0,0,0,0,0,0,8.600000000000023,306.7,34049.4,0.23,1158.05
4203,L51382,1,302.4,311.0,1555,40.6,205,0,0,0,0,0,0,8.600000000000023,306.7,63133.0,0.04,1040.72
4204,M19063,2,302.3,310.9,1558,31.9,207,0,0,0,0,0,0,8.599999999999966,306.6,49700.2,0.21,1491.46
4205,M19064,2,302.3,310.9,1523,43.2,210,0,0,0,0,0,0,8.599999999999966,306.6,65793.6,0.11,1014.62
4206,L51385,1,302.3,310.8,1723,26.3,213,0,0,0,0,0,0,8.5,306.55,45314.9,0.21,1383.14
4207,M19066,2,302.3,310.8,1721,28.4,215,0,0,0,0,0,0,8.5,306.55,48876.399999999994,0.06,1285.69
4208,M19067,2,302.3,310.9,1710,30.4,218,1,1,0,0,0,0,8.599999999999966,306.6,51984.0,2.71,3846.48
4209,M19068,2,302.3,310.9,1627,32.3,0,0,0,0,0,0,0,8.599999999999966,306.6,52552.1,0.04,22.37
4210,M19069,2,302.2,310.8,1422,47.0,3,0,0,0,0,0,0,8.600000000000023,306.5,66834.0,0.05,383.86
4211,L51390,1,302.1,310.8,1565,35.3,6,0,0,0,0,0,0,8.699999999999989,306.45000000000005,55244.49999999999,0.18,207.92
4212,L51391,1,302.1,310.7,1314,52.8,8,1,0,1,0,0,0,8.599999999999966,306.4,69379.2,4.24,4310.61
4213,M19072,2,302.0,310.6,1392,60.5,10,0,0,0,0,0,0,8.600000000000023,306.3,84216.0,0.21,209.52
4214,L51393,1,302.1,310.7,1465,40.7,13,0,0,0,0,0,0,8.599999999999966,306.4,59625.50000000001,0.21,297.66
4215,L51394,1,301.9,310.6,1573,36.6,15,0,0,0,0,0,0,8.700000000000045,306.25,57571.8,0.19,409.62
4216,M19075,2,302.0,310.7,2157,17.8,17,0,0,0,0,0,0,8.699999999999989,306.35,38394.6,0.22,263.7
4217,L51396,1,301.9,310.7,1370,50.3,20,0,0,0,0,0,0,8.800000000000011,306.29999999999995,68911.0,0.24,23.72
4218,L51397,1,301.9,310.6,1462,38.8,22,0,0,0,0,0,0,8.700000000000045,306.25,56725.6,0.27,457.04
4219,M19078,2,302.0,310.6,1479,40.5,24,0,0,0,0,0,0,8.600000000000023,306.3,59899.5,0.02,0.0
4220,L51399,1,301.9,310.7,1717,26.8,27,0,0,0,0,0,0,8.800000000000011,306.29999999999995,46015.6,0.17,416.28
4221,M19080,2,301.9,310.6,1260,65.9,29,0,0,0,0,0,0,8.700000000000045,306.25,83034.0,0.22,364.8
4222,L51401,1,301.9,310.6,1467,39.3,32,0,0,0,0,0,0,8.700000000000045,306.25,57653.1,0.07,371.47
4223,M19082,2,302.0,310.6,1535,38.6,34,0,0,0,0,0,0,8.600000000000023,306.3,59251.0,0.08,107.75
4224,L51403,1,302.0,310.7,1657,31.9,37,0,0,0,0,0,0,8.699999999999989,306.35,52858.299999999996,0.08,184.72
4225,L51404,1,302.0,310.7,1698,28.1,39,0,0,0,0,0,0,8.699999999999989,306.35,47713.8,0.17,313.99
4226,L51405,1,302.1,310.7,1359,49.3,41,1,0,1,0,0,0,8.599999999999966,306.4,66998.7,4.34,4322.66
4227,L51406,1,302.1,310.8,1596,37.1,43,0,0,0,0,0,0,8.699999999999989,306.45000000000005,59211.600000000006,0.2,581.71
4228,L51407,1,302.2,310.8,1383,46.9,45,0,0,0,0,0,0,8.600000000000023,306.5,64862.7,0.18,161.19
4229,L51408,1,302.2,310.8,2203,16.6,47,0,0,0,0,0,0,8.600000000000023,306.5,36569.8,0.2,599.6
4230,M19089,2,302.2,310.8,1408,46.8,49,0,0,0,0,0,0,8.600000000000023,306.5,65894.4,0.08,388.66
4231,L51410,1,302.2,310.8,1673,32.9,52,0,0,0,0,0,0,8.600000000000023,306.5,55041.7,0.23,460.17
4232,L51411,1,302.2,310.8,1340,47.8,54,0,0,0,0,0,0,8.600000000000023,306.5,64051.99999999999,0.2,521.77
4233,L51412,1,302.2,310.9,1452,42.3,56,0,0,0,0,0,0,8.699999999999989,306.54999999999995,61419.6,0.04,367.66
4234,M19093,2,302.2,310.9,1302,53.4,58,0,0,0,0,0,0,8.699999999999989,306.54999999999995,69526.8,0.06,289.94
4235,H33648,0,302.2,310.9,1522,35.9,61,0,0,0,0,0,0,8.699999999999989,306.54999999999995,54639.799999999996,0.09,439.72
4236,L51415,1,302.2,310.8,1438,41.4,66,0,0,0,0,0,0,8.600000000000023,306.5,59533.2,0.28,719.68
4237,L51416,1,302.2,310.9,1604,40.5,68,0,0,0,0,0,0,8.699999999999989,306.54999999999995,64962.0,0.1,298.3
4238,L51417,1,302.2,311.0,1832,23.2,70,0,0,0,0,0,0,8.800000000000011,306.6,42502.4,0.01,411.93
4239,M19098,2,302.3,311.0,1521,34.8,72,0,0,0,0,0,0,8.699999999999989,306.65,52930.799999999996,0.04,6.05
4240,L51419,1,302.3,311.0,1446,37.6,75,0,0,0,0,0,0,8.699999999999989,306.65,54369.6,0.01,95.56
4241,L51420,1,302.4,311.1,1905,20.9,77,0,0,0,0,0,0,8.700000000000045,306.75,39814.5,0.12,589.68
4242,L51421,1,302.4,311.0,1475,47.9,79,0,0,0,0,0,0,8.600000000000023,306.7,70652.5,0.24,572.33
4243,L51422,1,302.4,311.0,1462,48.5,81,0,0,0,0,0,0,8.600000000000023,306.7,70907.0,0.14,416.98
4244,M19103,2,302.4,310.9,1435,42.3,83,0,0,0,0,0,0,8.5,306.65,60700.49999999999,0.25,657.05
4245,L51424,1,302.4,310.9,1469,39.6,86,0,0,0,0,0,0,8.5,306.65,58172.4,0.01,380.61
4246,M19105,2,302.6,311.1,1520,43.0,88,0,0,0,0,0,0,8.5,306.85,65360.0,0.14,431.71
4247,L51426,1,302.6,311.0,1537,35.5,91,0,0,0,0,0,0,8.399999999999977,306.8,54563.5,0.24,449.14
4248,L51427,1,302.6,311.0,1369,60.0,93,1,0,1,0,0,0,8.399999999999977,306.8,82140.0,4.4,4569.78
4249,L51428,1,302.6,311.0,1506,37.2,95,0,0,0,0,0,0,8.399999999999977,306.8,56023.200000000004,0.26,845.82
4250,L51429,1,302.5,310.9,1330,56.9,97,1,0,1,0,0,0,8.399999999999977,306.7,75677.0,5.17,5591.63
4251,L51430,1,302.6,311.0,1660,38.0,99,0,0,0,0,0,0,8.399999999999977,306.8,63080.0,0.15,790.43
4252,H33665,0,302.5,310.9,1356,55.5,101,1,0,1,0,0,0,8.399999999999977,306.7,75258.0,3.65,4090.1
4253,H33666,0,302.6,311.0,1438,51.0,106,0,0,0,0,0,0,8.399999999999977,306.8,73338.0,0.05,633.25
4254,M19113,2,302.6,311.0,1329,48.6,111,1,0,1,0,0,0,8.399999999999977,306.8,64589.4,2.53,3066.19
4255,L51434,1,302.6,311.0,1284,68.0,114,1,0,1,1,0,0,8.399999999999977,306.8,87312.0,3.37,3946.67
4256,M19115,2,302.5,311.0,1387,52.1,116,0,0,0,0,0,0,8.5,306.75,72262.7,0.03,623.96
4257,M19116,2,302.6,311.0,1591,33.9,119,0,0,0,0,0,0,8.399999999999977,306.8,53934.899999999994,0.23,758.14
4258,M19117,2,302.6,311.0,1589,39.0,122,0,0,0,0,0,0,8.399999999999977,306.8,61971.0,0.21,635.56
4259,M19118,2,302.7,311.1,1297,60.7,125,1,0,1,0,0,0,8.400000000000034,306.9,78727.90000000001,5.21,5949.92
4260,L51439,1,302.7,311.2,1545,35.1,128,0,0,0,0,0,0,8.5,306.95,54229.5,0.27,1149.03
4261,H33674,0,302.7,311.1,1418,43.4,130,0,0,0,0,0,0,8.400000000000034,306.9,61541.2,0.08,978.88
4262,L51441,1,302.7,311.1,1730,28.1,135,0,0,0,0,0,0,8.400000000000034,306.9,48613.0,0.19,782.01
4263,L51442,1,302.6,311.0,2001,20.7,137,0,0,0,0,0,0,8.399999999999977,306.8,41420.7,0.3,875.02
4264,L51443,1,302.6,311.0,1620,36.2,139,0,0,0,0,0,0,8.399999999999977,306.8,58644.00000000001,0.07,681.86
4265,M19124,2,302.6,311.0,1542,39.7,141,0,0,0,0,0,0,8.399999999999977,306.8,61217.4,0.14,818.62
4266,L51445,1,302.6,311.0,1424,38.0,144,0,0,0,0,0,0,8.399999999999977,306.8,54112.0,0.27,982.13
4267,L51446,1,302.7,311.1,1440,39.5,146,0,0,0,0,0,0,8.400000000000034,306.9,56880.0,0.03,610.31
4268,L51447,1,302.6,311.0,1520,42.8,148,0,0,0,0,0,0,8.399999999999977,306.8,65055.99999999999,0.28,798.04
4269,L51448,1,302.7,311.0,1694,29.8,150,0,0,0,0,0,0,8.300000000000011,306.85,50481.200000000004,0.15,907.49
4270,L51449,1,302.6,311.0,1610,39.2,152,0,0,0,0,0,0,8.399999999999977,306.8,63112.00000000001,0.27,500.44
4271,L51450,1,302.6,310.9,1331,52.0,154,1,0,1,0,0,0,8.299999999999955,306.75,69212.0,2.98,3734.9
4272,L51451,1,302.6,310.8,1470,41.2,156,0,0,0,0,0,0,8.199999999999989,306.70000000000005,60564.00000000001,0.2,838.29
4273,L51452,1,302.5,310.8,1577,36.9,158,0,0,0,0,0,0,8.300000000000011,306.65,58191.299999999996,0.23,1137.02
4274,L51453,1,302.6,310.8,1486,36.4,160,0,0,0,0,0,0,8.199999999999989,306.70000000000005,54090.4,0.02,977.15
4275,L51454,1,302.4,310.6,1445,40.3,162,0,0,0,0,0,0,8.200000000000045,306.5,58233.49999999999,0.19,1160.69
4276,M19135,2,302.4,310.5,1500,36.7,164,0,0,0,0,0,0,8.100000000000023,306.45,55050.00000000001,0.28,1048.03
4277,M19136,2,302.2,310.4,1456,47.5,167,0,0,0,0,0,0,8.199999999999989,306.29999999999995,69160.0,0.29,954.73
4278,L51457,1,302.2,310.4,1743,28.1,170,0,0,0,0,0,0,8.199999999999989,306.29999999999995,48978.3,0.29,1017.81
4279,L51458,1,302.0,310.1,1409,50.4,172,0,0,0,0,0,0,8.100000000000023,306.05,71013.59999999999,0.19,1093.14
4280,L51459,1,302.0,310.1,1361,45.4,174,1,0,1,0,0,0,8.100000000000023,306.05,61789.4,3.23,3853.12
4281,L51460,1,302.1,310.1,1753,28.9,176,0,0,0,0,0,0,8.0,306.1,50661.7,0.17,1259.03
4282,L51461,1,302.0,310.0,1832,22.9,178,0,0,0,0,0,0,8.0,306.0,41952.799999999996,0.18,1020.41
4283,L51462,1,301.9,309.9,1374,48.5,180,1,0,1,0,0,0,8.0,305.9,66639.0,4.64,5615.03
4284,M19143,2,301.8,309.9,1334,61.0,182,1,0,1,0,0,0,8.099999999999966,305.85,81374.0,3.63,4272.79
4285,L51464,1,301.8,310.0,1493,40.3,185,0,0,0,0,0,0,8.199999999999989,305.9,60167.899999999994,0.03,816.1
4286,L51465,1,301.7,309.9,1317,49.0,187,1,0,1,0,0,0,8.199999999999989,305.79999999999995,64533.0,5.35,5999.15
4287,M19146,2,301.7,309.9,1434,47.9,189,0,0,0,0,0,0,8.199999999999989,305.79999999999995,68688.59999999999,0.09,1188.18
4288,M19147,2,301.7,309.9,1457,39.2,192,0,0,0,0,0,0,8.199999999999989,305.79999999999995,57114.4,0.09,1025.97
4289,M19148,2,301.7,310.0,1391,50.6,195,0,0,0,0,0,0,8.300000000000011,305.85,70384.6,0.06,1120.7
4290,M19149,2,301.8,310.0,1781,23.9,198,0,0,0,0,0,0,8.199999999999989,305.9,42565.899999999994,0.24,1239.51
4291,L51470,1,301.8,310.0,1642,32.6,201,0,0,0,0,0,0,8.199999999999989,305.9,53529.200000000004,0.29,1365.27
4292,L51471,1,301.8,310.0,2032,19.0,203,0,0,0,0,0,0,8.199999999999989,305.9,38608.0,0.19,1154.38
4293,M19152,2,301.8,310.1,2372,13.9,205,1,0,0,1,0,0,8.300000000000011,305.95000000000005,32970.8,5.31,6304.47
4294,L51473,1,301.8,310.0,1393,44.9,208,0,0,0,0,0,0,8.199999999999989,305.9,62545.7,0.27,1296.24
4295,M19154,2,301.7,310.1,1743,27.3,210,0,0,0,0,0,0,8.400000000000034,305.9,47583.9,0.07,1180.84
4296,L51475,1,301.8,310.2,1457,40.4,213,0,0,0,0,0,0,8.399999999999977,306.0,58862.799999999996,0.05,1179.82
4297,L51476,1,301.8,310.2,2825,5.8,215,1,0,0,1,0,0,8.399999999999977,306.0,16385.0,5.79,7286.72
4298,M19157,2,301.8,310.2,1609,34.2,217,0,0,0,0,0,0,8.399999999999977,306.0,55027.8,0.03,1367.24
4299,M19158,2,301.8,310.2,1437,42.3,0,0,0,0,0,0,0,8.399999999999977,306.0,60785.1,0.17,0.0
4300,L51479,1,301.7,310.1,1402,50.1,3,0,0,0,0,0,0,8.400000000000034,305.9,70240.2,0.08,73.53
4301,M19160,2,301.7,310.1,1644,34.6,5,0,0,0,0,0,0,8.400000000000034,305.9,56882.4,0.27,234.12
4302,L51481,1,301.7,310.2,1471,51.1,8,0,0,0,0,0,0,8.5,305.95,75168.1,0.18,412.02
4303,L51482,1,301.7,310.1,2695,12.6,10,0,0,0,0,0,0,8.400000000000034,305.9,33957.0,0.11,112.64
4304,L51483,1,301.7,310.2,1435,48.1,12,0,0,0,0,0,0,8.5,305.95,69023.5,0.3,429.64
4305,L51484,1,301.6,310.1,1694,26.3,14,0,0,0,0,0,0,8.5,305.85,44552.200000000004,0.29,9.44
4306,L51485,1,301.6,310.1,1687,26.6,16,0,0,0,0,0,0,8.5,305.85,44874.200000000004,0.23,82.96
4307,L51486,1,301.6,310.0,1869,22.9,18,0,0,0,0,0,0,8.399999999999977,305.8,42800.1,0.24,643.84
4308,L51487,1,301.4,309.9,1259,63.9,20,1,0,1,0,0,0,8.5,305.65,80450.09999999999,5.67,5777.54
4309,H33722,0,301.4,309.9,1460,47.2,22,0,0,0,0,0,0,8.5,305.65,68912.0,0.18,140.23
4310,M19169,2,301.3,309.9,1501,39.5,27,0,0,0,0,0,0,8.599999999999966,305.6,59289.5,0.26,431.43
4311,L51490,1,301.4,310.0,1776,25.6,30,0,0,0,0,0,0,8.600000000000023,305.7,45465.600000000006,0.02,12.04
4312,M19171,2,301.5,310.1,1468,40.8,32,0,0,0,0,0,0,8.600000000000023,305.8,59894.399999999994,0.17,287.49
4313,L51492,1,301.5,310.1,1430,46.5,35,0,0,0,0,0,0,8.600000000000023,305.8,66495.0,0.15,107.11
4314,L51493,1,301.4,310.1,1502,46.6,37,0,0,0,0,0,0,8.700000000000045,305.75,69993.2,0.01,76.69
4315,H33728,0,301.4,310.1,1623,32.3,39,0,0,0,0,0,0,8.700000000000045,305.75,52422.899999999994,0.03,162.55
4316,M19175,2,301.4,310.0,1651,29.8,44,0,0,0,0,0,0,8.600000000000023,305.7,49199.8,0.01,398.1
4317,L51496,1,301.5,310.1,1639,33.4,47,0,0,0,0,0,0,8.600000000000023,305.8,54742.6,0.09,394.61
4318,M19177,2,301.5,310.0,1417,44.6,49,0,0,0,0,0,0,8.5,305.75,63198.200000000004,0.02,360.78
4319,L51498,1,301.5,310.1,1541,42.2,52,0,0,0,0,0,0,8.600000000000023,305.8,65030.200000000004,0.13,386.13
4320,M19179,2,301.6,310.2,1411,45.1,54,0,0,0,0,0,0,8.599999999999966,305.9,63636.1,0.24,633.43
4321,L51500,1,301.7,310.3,1397,44.6,57,0,0,0,0,0,0,8.600000000000023,306.0,62306.200000000004,0.18,333.97
4322,L51501,1,301.7,310.2,1686,28.9,59,0,0,0,0,0,0,8.5,305.95,48725.399999999994,0.2,385.09
4323,M19182,2,301.7,310.1,1431,44.0,61,0,0,0,0,0,0,8.400000000000034,305.9,62964.0,0.01,376.14
4324,L51503,1,301.8,310.3,1341,50.5,64,1,0,1,0,0,0,8.5,306.05,67720.5,4.09,4368.13
4325,L51504,1,301.7,310.2,1486,43.0,66,0,0,0,0,0,0,8.5,305.95,63898.0,0.04,367.92
4326,L51505,1,301.6,310.2,1384,57.1,68,0,0,0,0,0,0,8.599999999999966,305.9,79026.40000000001,0.09,405.38
4327,L51506,1,301.6,310.1,1362,55.8,70,1,0,1,0,0,0,8.5,305.85,75999.59999999999,4.84,5378.02
4328,H33741,0,301.7,310.1,1660,29.3,72,0,0,0,0,0,0,8.400000000000034,305.9,48638.0,0.28,835.83
4329,L51508,1,301.6,310.1,1326,48.2,77,1,0,1,0,0,0,8.5,305.85,63913.200000000004,4.45,4741.08
4330,L51509,1,301.6,310.0,1566,30.3,79,0,0,0,0,0,0,8.399999999999977,305.8,47449.8,0.23,361.02
4331,L51510,1,301.5,309.8,1549,38.5,81,0,0,0,0,0,0,8.300000000000011,305.65,59636.5,0.22,518.28
4332,M19191,2,301.6,309.9,1746,31.1,83,0,0,0,0,0,0,8.299999999999955,305.75,54300.600000000006,0.16,440.46
4333,M19192,2,301.7,309.9,1452,41.5,86,0,0,0,0,0,0,8.199999999999989,305.79999999999995,60258.0,0.2,754.76
4334,L51513,1,301.6,309.8,1588,33.9,89,0,0,0,0,0,0,8.199999999999989,305.70000000000005,53833.2,0.04,623.07
4335,L51514,1,301.6,309.8,1472,42.5,91,0,0,0,0,0,0,8.199999999999989,305.70000000000005,62560.0,0.08,380.34
4336,L51515,1,301.7,309.9,1607,37.7,93,0,0,0,0,0,0,8.199999999999989,305.79999999999995,60583.9,0.3,651.82
4337,H33750,0,301.6,309.9,1423,53.6,95,0,0,0,0,0,0,8.299999999999955,305.75,76272.8,0.29,543.15
4338,L51517,1,301.6,309.9,1440,43.4,100,0,0,0,0,0,0,8.299999999999955,305.75,62496.0,0.1,620.16
4339,L51518,1,301.6,309.9,1397,43.7,102,0,0,0,0,0,0,8.299999999999955,305.75,61048.9,0.07,573.26
4340,L51519,1,301.7,309.9,1524,46.6,104,0,0,0,0,0,0,8.199999999999989,305.79999999999995,71018.40000000001,0.07,708.37
4341,M19200,2,301.7,309.9,1533,40.9,106,0,0,0,0,0,0,8.199999999999989,305.79999999999995,62699.7,0.15,754.57
4342,L51521,1,301.7,309.8,1398,46.0,109,0,0,0,0,0,0,8.100000000000023,305.75,64308.0,0.07,706.53
4343,M19202,2,301.7,309.8,1284,68.2,111,1,0,1,1,0,0,8.100000000000023,305.75,87568.8,3.94,4263.7
4344,L51523,1,301.7,309.8,1491,39.3,114,0,0,0,0,0,0,8.100000000000023,305.75,58596.299999999996,0.02,496.05
4345,H33758,0,301.8,309.9,1418,51.3,116,0,0,0,0,0,0,8.099999999999966,305.85,72743.4,0.03,752.33
4346,M19205,2,301.8,309.8,1546,39.8,121,0,0,0,0,0,0,8.0,305.8,61530.799999999996,0.08,604.21
4347,L51526,1,301.8,309.7,1598,30.4,124,0,0,0,0,0,0,7.899999999999977,305.75,48579.2,0.23,605.87
4348,H33761,0,301.9,309.8,1724,27.5,126,0,0,0,0,0,0,7.900000000000034,305.85,47410.0,0.1,851.2
4349,L51528,1,301.9,309.8,1507,44.7,131,0,0,0,0,0,0,7.900000000000034,305.85,67362.90000000001,0.14,708.41
4350,L51529,1,301.9,309.7,1595,31.4,133,0,0,0,0,0,0,7.800000000000011,305.79999999999995,50083.0,0.2,1024.4
4351,M19210,2,301.9,309.7,1568,37.5,135,0,0,0,0,0,0,7.800000000000011,305.79999999999995,58800.0,0.24,912.24
4352,L51531,1,301.8,309.6,1432,43.7,138,0,0,0,0,0,0,7.800000000000011,305.70000000000005,62578.4,0.09,738.42
4353,L51532,1,301.9,309.7,1424,42.8,140,0,0,0,0,0,0,7.800000000000011,305.79999999999995,60947.2,0.22,1124.48
4354,M19213,2,302.0,309.7,1386,62.7,142,1,0,0,1,0,0,7.699999999999989,305.85,86902.2,4.83,5344.6
4355,L51534,1,302.0,309.8,1456,58.1,145,0,0,0,0,0,0,7.800000000000011,305.9,84593.6,0.19,1130.13
4356,H33769,0,302.0,309.8,1280,57.3,147,1,0,1,0,0,0,7.800000000000011,305.9,73344.0,3.4,4039.1
4357,L51536,1,302.0,309.8,1649,31.0,152,0,0,0,0,0,0,7.800000000000011,305.9,51119.0,0.28,1064.36
4358,L51537,1,302.0,309.9,1407,52.8,154,0,0,0,0,0,0,7.899999999999977,305.95,74289.59999999999,0.29,1085.77
4359,H33772,0,302.0,309.9,1606,34.5,156,0,0,0,0,0,0,7.899999999999977,305.95,55407.0,0.23,945.93
4360,M19219,2,302.1,310.0,1531,38.0,161,0,0,0,0,0,0,7.899999999999977,306.05,58178.0,0.27,960.68
4361,L51540,1,302.1,310.1,1543,35.8,164,0,0,0,0,0,0,8.0,306.1,55239.399999999994,0.04,804.53
4362,M19221,2,302.1,310.1,1379,48.2,166,1,0,1,0,0,0,8.0,306.1,66467.8,4.27,4947.82
4363,L51542,1,302.1,310.1,1447,46.6,169,0,0,0,0,0,0,8.0,306.1,67430.2,0.06,1199.29
4364,H33777,0,302.1,310.1,1844,24.6,171,0,0,0,0,0,0,8.0,306.1,45362.4,0.08,862.83
4365,H33778,0,302.1,310.1,1615,29.9,176,0,0,0,0,0,0,8.0,306.1,48288.5,0.16,1213.84
4366,L51545,1,302.0,310.0,1449,48.8,181,0,0,0,0,0,0,8.0,306.0,70711.2,0.22,1279.08
4367,L51546,1,302.0,309.9,1388,51.4,183,0,0,0,0,0,0,7.899999999999977,305.95,71343.2,0.22,1189.44
4368,H33781,0,302.0,309.9,1447,42.8,185,0,0,0,0,0,0,7.899999999999977,305.95,61931.6,0.26,1164.65
4369,L51548,1,302.0,310.0,1664,28.6,190,0,0,0,0,0,0,8.0,306.0,47590.4,0.17,1149.07
4370,H33783,0,302.0,309.9,1735,27.2,192,0,0,0,0,0,0,7.899999999999977,305.95,47192.0,0.28,1325.83
4371,L51550,1,302.0,309.9,1308,57.6,197,1,0,1,0,1,0,7.899999999999977,305.95,75340.8,2.76,3760.07
4372,L51551,1,302.0,309.8,1480,40.0,199,0,0,0,0,0,0,7.800000000000011,305.9,59200.0,0.25,1009.99
4373,M19232,2,301.9,309.6,1439,41.7,201,0,0,0,0,0,0,7.7000000000000455,305.75,60006.3,0.07,802.25
4374,M19233,2,301.9,309.7,1533,35.9,204,0,0,0,0,0,0,7.800000000000011,305.79999999999995,55034.7,0.16,1406.35
4375,L51554,1,302.0,309.7,1551,34.8,207,0,0,0,0,0,0,7.699999999999989,305.85,53974.799999999996,0.22,859.79
4376,L51555,1,302.0,309.7,1414,36.3,209,0,0,0,0,0,0,7.699999999999989,305.85,51328.2,0.29,1364.35
4377,M19236,2,301.9,309.6,1551,34.6,211,0,0,0,0,0,0,7.7000000000000455,305.75,53664.600000000006,0.0,1019.75
4378,M19237,2,301.8,309.6,1436,49.0,214,0,0,0,0,0,0,7.800000000000011,305.70000000000005,70364.0,0.1,1194.12
4379,M19238,2,301.9,309.6,1385,45.8,217,0,0,0,0,0,0,7.7000000000000455,305.75,63432.99999999999,0.1,1014.0
4380,M19239,2,301.8,309.5,1732,30.1,220,0,0,0,0,0,0,7.699999999999989,305.65,52133.200000000004,0.09,1242.6
4381,L51560,1,301.9,309.6,1410,49.0,223,0,0,0,0,0,0,7.7000000000000455,305.75,69090.0,0.25,1395.9
4382,L51561,1,301.9,309.6,1446,43.2,225,0,0,0,0,0,0,7.7000000000000455,305.75,62467.200000000004,0.01,1549.15
4383,L51562,1,301.8,309.5,1525,39.6,227,0,0,0,0,0,0,7.699999999999989,305.65,60390.0,0.11,1264.5
4384,L51563,1,301.7,309.5,1298,65.5,229,1,0,1,0,1,0,7.800000000000011,305.6,85019.0,3.45,4797.24
4385,L51564,1,301.8,309.6,1443,42.7,231,0,0,0,0,0,0,7.800000000000011,305.70000000000005,61616.100000000006,0.12,1050.2
4386,L51565,1,301.8,309.7,1442,45.3,233,1,1,0,0,0,0,7.899999999999977,305.75,65322.6,1.7,3018.01
4387,L51566,1,301.9,309.7,1719,31.9,0,0,0,0,0,0,0,7.800000000000011,305.79999999999995,54836.1,0.18,213.94
4388,L51567,1,302.0,309.8,1532,39.4,2,0,0,0,0,0,0,7.800000000000011,305.9,60360.799999999996,0.16,210.46
4389,L51568,1,302.0,309.8,1701,27.2,4,0,0,0,0,0,0,7.800000000000011,305.9,46267.2,0.29,352.54
4390,M19249,2,302.1,310.0,1355,45.1,6,1,0,1,0,0,0,7.899999999999977,306.05,61110.5,5.28,5565.95
4391,M19250,2,302.2,310.1,1421,45.4,9,0,0,0,0,0,0,7.900000000000034,306.15,64513.4,0.3,383.27
4392,M19251,2,302.2,310.1,1368,51.6,12,1,0,1,0,0,0,7.900000000000034,306.15,70588.8,5.02,4962.38
4393,L51572,1,302.2,310.1,1458,45.1,15,0,0,0,0,0,0,7.900000000000034,306.15,65755.8,0.23,212.61
4394,M19253,2,302.2,310.1,1572,34.6,17,0,0,0,0,0,0,7.900000000000034,306.15,54391.200000000004,0.17,377.57
4395,L51574,1,302.2,310.0,1483,48.7,20,0,0,0,0,0,0,7.800000000000011,306.1,72222.1,0.21,377.12
4396,L51575,1,302.3,310.1,1513,40.4,22,0,0,0,0,0,0,7.800000000000011,306.20000000000005,61125.2,0.14,20.43
4397,H33810,0,302.3,310.1,1383,42.9,24,0,0,0,0,0,0,7.800000000000011,306.20000000000005,59330.7,0.06,257.2
4398,L51577,1,302.4,310.2,1539,37.7,29,0,0,0,0,0,0,7.800000000000011,306.29999999999995,58020.3,0.01,0.0
4399,M19258,2,302.3,310.1,1563,37.8,31,0,0,0,0,0,0,7.800000000000011,306.20000000000005,59081.399999999994,0.25,470.74
4400,L51579,1,302.3,310.1,1653,29.7,34,0,0,0,0,0,0,7.800000000000011,306.20000000000005,49094.1,0.24,289.17
4401,L51580,1,302.3,310.1,1353,50.9,36,1,0,1,0,0,0,7.800000000000011,306.20000000000005,68867.7,3.96,4097.78
4402,H33815,0,302.2,310.0,1468,43.6,38,0,0,0,0,0,0,7.800000000000011,306.1,64004.8,0.19,298.28
4403,H33816,0,302.3,310.2,1506,33.8,43,0,0,0,0,0,0,7.899999999999977,306.25,50902.799999999996,0.22,662.84
4404,L51583,1,302.3,310.1,1388,49.9,48,0,0,0,0,0,0,7.800000000000011,306.20000000000005,69261.2,0.17,470.28
4405,M19264,2,302.4,310.2,1485,45.9,50,0,0,0,0,0,0,7.800000000000011,306.29999999999995,68161.5,0.1,539.17
4406,L51585,1,302.4,310.2,1331,45.5,53,1,0,1,0,0,0,7.800000000000011,306.29999999999995,60560.5,5.02,5719.28
4407,L51586,1,302.5,310.3,1326,58.5,55,1,0,1,0,0,0,7.800000000000011,306.4,77571.0,3.57,3852.02
4408,L51587,1,302.3,310.2,1394,55.4,57,0,0,0,0,0,0,7.899999999999977,306.25,77227.59999999999,0.22,730.3
4409,L51588,1,302.4,310.1,2009,18.9,59,0,0,0,0,0,0,7.7000000000000455,306.25,37970.1,0.2,390.08
4410,M19269,2,302.4,310.1,1358,54.6,61,1,0,1,0,0,0,7.7000000000000455,306.25,74146.8,2.64,3133.23
4411,L51590,1,302.5,310.2,1586,32.2,64,0,0,0,0,0,0,7.699999999999989,306.35,51069.200000000004,0.04,238.87
4412,L51591,1,302.5,310.3,1688,31.6,66,0,0,0,0,0,0,7.800000000000011,306.4,53340.8,0.28,607.24
4413,L51592,1,302.6,310.5,1450,43.2,68,0,0,0,0,0,0,7.899999999999977,306.55,62640.00000000001,0.09,510.53
4414,M19273,2,302.7,310.5,1398,47.3,70,0,0,0,0,0,0,7.800000000000011,306.6,66125.4,0.25,704.13
4415,L51594,1,302.7,310.5,1520,39.3,73,0,0,0,0,0,0,7.800000000000011,306.6,59735.99999999999,0.27,444.12
4416,L51595,1,302.6,310.4,1514,42.7,75,0,0,0,0,0,0,7.7999999999999545,306.5,64647.8,0.2,444.95
4417,M19276,2,302.6,310.4,1532,36.1,77,0,0,0,0,0,0,7.7999999999999545,306.5,55305.200000000004,0.18,656.72
4418,L51597,1,302.6,310.4,1365,66.8,80,1,0,1,1,0,0,7.7999999999999545,306.5,91182.0,4.25,4594.84
4419,L51598,1,302.6,310.3,1642,33.2,82,0,0,0,0,0,0,7.699999999999989,306.45000000000005,54514.4,0.13,330.4
4420,M19279,2,302.6,310.2,2676,10.8,84,1,0,0,1,0,0,7.599999999999966,306.4,28900.800000000003,7.09,7499.35
4421,H33834,0,302.6,310.2,1873,21.3,87,0,0,0,0,0,0,7.599999999999966,306.4,39894.9,0.02,437.15
4422,L51601,1,302.6,310.2,1325,62.4,92,1,0,1,0,0,0,7.599999999999966,306.4,82680.0,4.61,5096.54
4423,M19282,2,302.6,310.2,2157,17.2,94,0,0,0,0,0,0,7.599999999999966,306.4,37100.4,0.3,849.39
4424,M19283,2,302.6,310.2,1563,39.0,97,0,0,0,0,0,0,7.599999999999966,306.4,60957.0,0.1,654.85
4425,M19284,2,302.6,310.2,1631,31.0,100,0,0,0,0,0,0,7.599999999999966,306.4,50561.0,0.1,484.77
4426,L51605,1,302.5,310.2,1547,36.9,103,0,0,0,0,0,0,7.699999999999989,306.35,57084.299999999996,0.08,533.38
4427,L51606,1,302.6,310.3,1479,40.4,105,0,0,0,0,0,0,7.699999999999989,306.45000000000005,59751.6,0.19,854.17
4428,M19287,2,302.4,310.1,1379,48.9,107,1,0,1,0,0,0,7.7000000000000455,306.25,67433.09999999999,2.89,3343.52
4429,L51608,1,302.4,310.1,1906,21.2,110,0,0,0,0,0,0,7.7000000000000455,306.25,40407.2,0.24,730.74
4430,M19289,2,302.3,310.1,1731,33.4,112,0,0,0,0,0,0,7.800000000000011,306.20000000000005,57815.399999999994,0.15,484.36
4431,H33844,0,302.3,310.1,1688,30.4,115,0,0,0,0,0,0,7.800000000000011,306.20000000000005,51315.2,0.0,570.7
4432,H33845,0,302.3,310.2,1443,54.6,120,0,0,0,0,0,0,7.899999999999977,306.25,78787.8,0.14,791.79
4433,L51612,1,302.4,310.2,1445,46.4,125,0,0,0,0,0,0,7.800000000000011,306.29999999999995,67048.0,0.02,348.68
4434,H33847,0,302.4,310.2,1435,44.9,127,0,0,0,0,0,0,7.800000000000011,306.29999999999995,64431.5,0.25,724.46
4435,L51614,1,302.4,310.1,1556,32.9,132,0,0,0,0,0,0,7.7000000000000455,306.25,51192.399999999994,0.03,476.74
4436,L51615,1,302.3,310.1,1321,52.7,134,1,0,1,0,0,0,7.800000000000011,306.20000000000005,69616.7,4.68,5468.25
4437,M19296,2,302.4,310.1,1577,35.8,136,0,0,0,0,0,0,7.7000000000000455,306.25,56456.6,0.14,533.15
4438,L51617,1,302.4,310.2,1578,31.2,139,0,0,0,0,0,0,7.800000000000011,306.29999999999995,49233.6,0.06,743.2
4439,L51618,1,302.4,310.1,1418,52.3,141,0,0,0,0,0,0,7.7000000000000455,306.25,74161.4,0.16,972.68
4440,M19299,2,302.4,310.2,1392,55.8,143,0,0,0,0,0,0,7.800000000000011,306.29999999999995,77673.59999999999,0.14,883.17
4441,L51620,1,302.5,310.3,1446,44.0,146,0,0,0,0,0,0,7.800000000000011,306.4,63624.0,0.29,954.01
4442,L51621,1,302.5,310.2,1329,50.6,148,1,0,1,0,0,0,7.699999999999989,306.35,67247.40000000001,2.27,3061.97
4443,L51622,1,302.5,310.2,1563,34.8,150,0,0,0,0,0,0,7.699999999999989,306.35,54392.399999999994,0.17,1075.55
4444,L51623,1,302.5,310.3,1405,57.4,152,0,0,0,0,0,0,7.800000000000011,306.4,80647.0,0.22,963.86
4445,L51624,1,302.4,310.2,2224,16.0,154,0,0,0,0,0,0,7.800000000000011,306.29999999999995,35584.0,0.04,474.16
4446,L51625,1,302.5,310.2,1716,29.9,156,0,0,0,0,0,0,7.699999999999989,306.35,51308.399999999994,0.19,1142.16
4447,L51626,1,302.5,310.3,1584,35.5,158,0,0,0,0,0,0,7.800000000000011,306.4,56232.0,0.26,1110.04
4448,M19307,2,302.5,310.3,1488,41.8,160,0,0,0,0,0,0,7.800000000000011,306.4,62198.399999999994,0.24,1035.04
4449,L51628,1,302.4,310.3,1374,51.2,163,1,0,1,0,0,0,7.900000000000034,306.35,70348.8,5.12,5637.94
4450,M19309,2,302.4,310.3,1378,54.3,165,1,0,1,0,0,0,7.900000000000034,306.35,74825.4,4.01,4790.25
4451,L51630,1,302.5,310.3,1551,37.3,168,0,0,0,0,0,0,7.800000000000011,306.4,57852.299999999996,0.12,828.68
4452,L51631,1,302.5,310.3,1549,40.9,170,0,0,0,0,0,0,7.800000000000011,306.4,63354.1,0.28,947.56
4453,M19312,2,302.5,310.3,1447,39.2,172,0,0,0,0,0,0,7.800000000000011,306.4,56722.4,0.07,909.53
4454,L51633,1,302.4,310.2,1400,53.7,175,0,0,0,0,0,0,7.800000000000011,306.29999999999995,75180.0,0.18,974.6
4455,L51634,1,302.4,310.1,1401,48.8,177,0,0,0,0,0,0,7.7000000000000455,306.25,68368.8,0.23,1044.49
4456,H33869,0,302.4,310.1,1597,28.9,179,0,0,0,0,0,0,7.7000000000000455,306.25,46153.299999999996,0.26,1265.94
4457,L51636,1,302.3,310.1,1487,46.0,184,0,0,0,0,0,0,7.800000000000011,306.20000000000005,68402.0,0.27,1228.34
4458,M19317,2,302.5,310.3,1710,27.3,186,0,0,0,0,0,0,7.800000000000011,306.4,46683.0,0.03,885.67
4459,L51638,1,302.6,310.4,1478,47.7,189,0,0,0,0,0,0,7.7999999999999545,306.5,70500.6,0.22,1071.64
4460,L51639,1,302.6,310.4,1743,26.3,191,0,0,0,0,0,0,7.7999999999999545,306.5,45840.9,0.06,946.77
4461,L51640,1,302.6,310.5,1596,32.8,193,0,0,0,0,0,0,7.899999999999977,306.55,52348.799999999996,0.23,1157.88
4462,L51641,1,302.7,310.5,1642,30.8,195,0,0,0,0,0,0,7.800000000000011,306.6,50573.6,0.21,1272.61
4463,L51642,1,302.7,310.5,1263,67.8,197,1,0,1,0,1,0,7.800000000000011,306.6,85631.4,4.87,5698.62
4464,L51643,1,302.8,310.6,2016,19.9,199,0,0,0,0,0,0,7.800000000000011,306.70000000000005,40118.399999999994,0.25,1463.77
4465,L51644,1,302.8,310.6,1671,30.5,201,0,0,0,0,0,0,7.800000000000011,306.70000000000005,50965.5,0.14,1232.72
4466,L51645,1,302.8,310.6,1404,43.2,203,0,0,0,0,0,0,7.800000000000011,306.70000000000005,60652.8,0.16,764.31
4467,L51646,1,302.8,310.6,1470,41.1,205,0,0,0,0,0,0,7.800000000000011,306.70000000000005,60417.0,0.29,1327.8
4468,L51647,1,302.8,310.6,1617,37.9,207,0,0,0,0,0,0,7.800000000000011,306.70000000000005,61284.299999999996,0.2,1391.11
4469,L51648,1,302.7,310.5,1725,29.0,209,0,0,0,0,0,0,7.800000000000011,306.6,50025.0,0.18,1283.31
4470,L51649,1,302.7,310.5,1446,40.9,211,1,1,0,0,0,0,7.800000000000011,306.6,59141.4,1.35,2343.15
4471,L51650,1,302.7,310.6,1564,34.3,0,0,0,0,0,0,0,7.900000000000034,306.65,53645.2,0.06,50.84
4472,L51651,1,302.8,310.6,1670,29.1,2,0,0,0,0,0,0,7.800000000000011,306.70000000000005,48597.0,0.01,46.75
4473,L51652,1,302.7,310.6,1501,48.7,4,0,0,0,0,0,0,7.900000000000034,306.65,73098.7,0.1,235.44
4474,L51653,1,302.7,310.5,1551,35.9,6,0,0,0,0,0,0,7.800000000000011,306.6,55680.899999999994,0.1,0.0
4475,L51654,1,302.7,310.5,1563,35.0,8,0,0,0,0,0,0,7.800000000000011,306.6,54705.0,0.16,109.25
4476,L51655,1,302.7,310.5,1351,41.8,10,1,0,1,0,0,0,7.800000000000011,306.6,56471.799999999996,4.41,4705.79
4477,L51656,1,302.6,310.4,1415,52.1,12,0,0,0,0,0,0,7.7999999999999545,306.5,73721.5,0.05,114.94
4478,L51657,1,302.6,310.3,1647,34.2,14,0,0,0,0,0,0,7.699999999999989,306.45000000000005,56327.4,0.18,479.19
4479,L51658,1,302.5,310.2,1477,41.6,16,0,0,0,0,0,0,7.699999999999989,306.35,61443.200000000004,0.28,807.84
4480,L51659,1,302.6,310.2,1923,21.5,18,0,0,0,0,0,0,7.599999999999966,306.4,41344.5,0.06,76.19
4481,H33894,0,302.7,310.4,1305,55.2,20,1,0,1,0,0,0,7.699999999999989,306.54999999999995,72036.0,4.17,4090.41
4482,M19341,2,302.6,310.4,1544,35.1,25,0,0,0,0,0,0,7.7999999999999545,306.5,54194.4,0.01,95.17
4483,H33896,0,302.7,310.5,1568,36.9,28,0,0,0,0,0,0,7.800000000000011,306.6,57859.2,0.16,464.85
4484,L51663,1,302.7,310.4,1489,42.7,33,0,0,0,0,0,0,7.699999999999989,306.54999999999995,63580.3,0.22,570.83
4485,M19344,2,302.6,310.4,1451,43.1,35,0,0,0,0,0,0,7.7999999999999545,306.5,62538.1,0.01,525.8
4486,L51665,1,302.7,310.4,1542,35.7,38,0,0,0,0,0,0,7.699999999999989,306.54999999999995,55049.4,0.1,284.48
4487,M19346,2,302.6,310.5,1965,20.2,40,0,0,0,0,0,0,7.899999999999977,306.55,39693.0,0.26,533.21
4488,L51667,1,302.5,310.5,1436,36.5,43,0,0,0,0,0,0,8.0,306.5,52414.0,0.07,178.23
4489,M19348,2,302.5,310.4,1509,37.6,45,0,0,0,0,0,0,7.899999999999977,306.45,56738.4,0.22,68.95
4490,L51669,1,302.5,310.4,1487,40.2,48,0,0,0,0,0,0,7.899999999999977,306.45,59777.4,0.18,414.05
4491,L51670,1,302.5,310.4,1967,20.3,50,0,0,0,0,0,0,7.899999999999977,306.45,39930.1,0.05,126.94
4492,H33905,0,302.6,310.4,1409,53.3,52,0,0,0,0,0,0,7.7999999999999545,306.5,75099.7,0.22,576.5
4493,M19352,2,302.6,310.5,1420,56.4,57,0,0,0,0,0,0,7.899999999999977,306.55,80088.0,0.16,162.79
4494,L51673,1,302.7,310.5,1511,37.7,60,0,0,0,0,0,0,7.800000000000011,306.6,56964.700000000004,0.03,219.1
4495,H33908,0,302.6,310.4,1649,30.1,62,0,0,0,0,0,0,7.7999999999999545,306.5,49634.9,0.28,630.15
4496,L51675,1,302.6,310.4,1359,57.2,67,1,0,1,0,0,0,7.7999999999999545,306.5,77734.8,2.9,3290.85
4497,M19356,2,302.5,310.4,1605,36.0,69,0,0,0,0,0,0,7.899999999999977,306.45,57780.0,0.22,557.88
4498,L51677,1,302.5,310.3,1523,36.0,72,0,0,0,0,0,0,7.800000000000011,306.4,54828.0,0.07,710.1
4499,H33912,0,302.6,310.4,1614,36.0,74,0,0,0,0,0,0,7.7999999999999545,306.5,58104.0,0.04,645.42
4500,H33913,0,302.6,310.3,1721,27.4,79,0,0,0,0,0,0,7.699999999999989,306.45000000000005,47155.399999999994,0.22,512.35
4501,L51680,1,302.6,310.4,1638,36.2,84,0,0,0,0,0,0,7.7999999999999545,306.5,59295.600000000006,0.2,861.41
4502,L51681,1,302.5,310.2,1307,54.0,86,1,0,1,0,0,0,7.699999999999989,306.35,70578.0,4.87,5564.33
4503,L51682,1,302.4,310.2,1642,28.3,88,0,0,0,0,0,0,7.800000000000011,306.29999999999995,46468.6,0.22,641.41
4504,M19363,2,302.5,310.2,1751,30.5,90,0,0,0,0,0,0,7.699999999999989,306.35,53405.5,0.15,606.81
4505,L51684,1,302.4,310.1,1645,31.6,93,0,0,0,0,0,0,7.7000000000000455,306.25,51982.0,0.1,557.39
4506,L51685,1,302.4,310.1,1426,46.8,95,0,0,0,0,0,0,7.7000000000000455,306.25,66736.8,0.24,618.25
4507,M19366,2,302.4,310.1,1520,36.6,97,0,0,0,0,0,0,7.7000000000000455,306.25,55632.0,0.19,593.15
4508,L51687,1,302.4,310.1,1709,31.8,100,0,0,0,0,0,0,7.7000000000000455,306.25,54346.200000000004,0.15,847.9
4509,L51688,1,302.4,310.0,1426,46.6,102,0,0,0,0,0,0,7.600000000000023,306.2,66451.6,0.23,805.61
4510,L51689,1,302.4,310.1,1429,43.7,104,0,0,0,0,0,0,7.7000000000000455,306.25,62447.3,0.16,596.87
4511,L51690,1,302.4,310.2,1346,62.4,106,1,0,1,0,0,0,7.800000000000011,306.29999999999995,83990.4,3.79,4181.1
4512,L51691,1,302.5,310.2,1454,43.0,108,0,0,0,0,0,0,7.699999999999989,306.35,62522.0,0.25,676.28
4513,M19372,2,302.5,310.3,1411,49.5,110,0,0,0,0,0,0,7.800000000000011,306.4,69844.5,0.11,635.42
4514,L51693,1,302.4,310.3,1900,24.4,113,0,0,0,0,0,0,7.900000000000034,306.35,46360.0,0.14,841.98
4515,L51694,1,302.4,310.3,1479,36.2,115,0,0,0,0,0,0,7.900000000000034,306.35,53539.8,0.29,735.99
4516,L51695,1,302.5,310.4,1415,48.2,117,0,0,0,0,0,0,7.899999999999977,306.45,68203.0,0.27,990.26
4517,L51696,1,302.5,310.3,1539,39.0,119,0,0,0,0,0,0,7.800000000000011,306.4,60021.0,0.06,684.54
4518,L51697,1,302.4,310.3,1520,31.6,121,0,0,0,0,0,0,7.900000000000034,306.35,48032.0,0.08,706.43
4519,L51698,1,302.4,310.3,1480,45.8,123,0,0,0,0,0,0,7.900000000000034,306.35,67784.0,0.11,878.87
4520,L51699,1,302.4,310.4,1666,29.7,125,0,0,0,0,0,0,8.0,306.4,49480.2,0.26,1011.5
4521,L51700,1,302.4,310.4,1456,47.6,127,0,0,0,0,0,0,8.0,306.4,69305.6,0.28,704.32
4522,L51701,1,302.4,310.4,1865,23.9,129,0,0,0,0,0,0,8.0,306.4,44573.5,0.24,722.4
4523,M19382,2,302.5,310.5,1918,21.6,131,0,0,0,0,0,0,8.0,306.5,41428.8,0.08,700.57
4524,L51703,1,302.5,310.4,1488,48.4,134,0,0,0,0,0,0,7.899999999999977,306.45,72019.2,0.27,993.4
4525,M19384,2,302.5,310.5,1527,38.8,136,0,0,0,0,0,0,8.0,306.5,59247.6,0.01,894.69
4526,M19385,2,302.4,310.4,1463,42.2,139,0,0,0,0,0,0,8.0,306.4,61738.600000000006,0.13,834.76
4527,L51706,1,302.4,310.4,1521,38.5,142,0,0,0,0,0,0,8.0,306.4,58558.5,0.11,1075.55
4528,M19387,2,302.4,310.5,1372,45.7,144,1,0,1,0,0,0,8.100000000000023,306.45,62700.4,4.15,4764.0
4529,L51708,1,302.5,310.5,1507,39.5,147,0,0,0,0,0,0,8.0,306.5,59526.5,0.17,824.36
4530,M19389,2,302.4,310.4,1586,34.3,149,0,0,0,0,0,0,8.0,306.4,54399.799999999996,0.07,769.15
4531,L51710,1,302.5,310.4,1487,42.0,152,0,0,0,0,0,0,7.899999999999977,306.45,62454.0,0.06,697.42
4532,L51711,1,302.5,310.5,1520,41.2,154,0,0,0,0,0,0,8.0,306.5,62624.00000000001,0.24,1183.91
4533,H33946,0,302.5,310.4,1422,41.9,156,0,0,0,0,0,0,7.899999999999977,306.45,59581.799999999996,0.02,384.53
4534,M19393,2,302.4,310.3,1375,52.5,161,1,0,1,0,0,0,7.900000000000034,306.35,72187.5,2.8,3529.46
4535,L51714,1,302.4,310.2,1633,28.0,164,0,0,0,0,0,0,7.800000000000011,306.29999999999995,45724.0,0.06,1052.23
4536,L51715,1,302.4,310.2,1503,36.2,166,0,0,0,0,0,0,7.800000000000011,306.29999999999995,54408.600000000006,0.1,883.15
4537,L51716,1,302.4,310.2,1351,45.1,168,1,0,1,0,0,0,7.800000000000011,306.29999999999995,60930.1,3.27,4270.93
4538,L51717,1,302.3,310.2,1548,35.3,170,0,0,0,0,0,0,7.899999999999977,306.25,54644.399999999994,0.21,1389.65
4539,L51718,1,302.4,310.3,1923,23.3,172,0,0,0,0,0,0,7.900000000000034,306.35,44805.9,0.14,1012.06
4540,L51719,1,302.5,310.3,1592,32.6,174,0,0,0,0,0,0,7.800000000000011,306.4,51899.200000000004,0.09,1135.34
4541,M19400,2,302.5,310.4,1580,35.6,176,0,0,0,0,0,0,7.899999999999977,306.45,56248.0,0.25,1492.87
4542,L51721,1,302.5,310.4,1427,46.8,179,0,0,0,0,0,0,7.899999999999977,306.45,66783.59999999999,0.03,985.31
4543,M19402,2,302.5,310.4,1581,32.7,181,0,0,0,0,0,0,7.899999999999977,306.45,51698.700000000004,0.23,1127.79
4544,M19403,2,302.6,310.5,1542,39.9,184,0,0,0,0,0,0,7.899999999999977,306.55,61525.799999999996,0.07,1125.37
4545,L51724,1,302.5,310.4,1349,55.1,187,1,0,1,0,0,0,7.899999999999977,306.45,74329.90000000001,4.45,5562.63
4546,L51725,1,302.5,310.5,1463,43.0,189,0,0,0,0,0,0,8.0,306.5,62909.0,0.0,939.18
4547,M19406,2,302.5,310.4,1429,43.2,191,0,0,0,0,0,0,7.899999999999977,306.45,61732.8,0.17,1052.42
4548,M19407,2,302.5,310.4,1451,53.6,194,0,0,0,0,0,0,7.899999999999977,306.45,77773.6,0.19,1417.61
4549,L51728,1,302.6,310.5,1511,37.2,197,0,0,0,0,0,0,7.899999999999977,306.55,56209.200000000004,0.17,1114.41
4550,L51729,1,302.6,310.6,1549,37.5,199,0,0,0,0,0,0,8.0,306.6,58087.5,0.24,1414.06
4551,M19410,2,302.5,310.5,1507,40.2,201,0,0,0,0,0,0,8.0,306.5,60581.4,0.03,1074.43
4552,M19411,2,302.6,310.5,1524,33.7,204,0,0,0,0,0,0,7.899999999999977,306.55,51358.8,0.12,1414.04
4553,M19412,2,302.7,310.5,1880,22.7,207,0,0,0,0,0,0,7.800000000000011,306.6,42676.0,0.26,1167.64
4554,L51733,1,302.6,310.5,1461,45.4,0,0,0,0,0,0,0,7.899999999999977,306.55,66329.4,0.27,142.35
4555,L51734,1,302.6,310.5,1748,28.2,2,0,0,0,0,0,0,7.899999999999977,306.55,49293.6,0.15,288.17
4556,L51735,1,302.7,310.6,1690,26.7,4,0,0,0,0,0,0,7.900000000000034,306.65,45123.0,0.17,20.45
4557,M19416,2,302.7,310.6,1349,51.2,6,1,0,1,0,0,0,7.900000000000034,306.65,69068.8,4.29,4337.49
4558,L51737,1,302.7,310.6,1686,26.3,9,0,0,0,0,0,0,7.900000000000034,306.65,44341.8,0.23,507.26
4559,L51738,1,302.7,310.7,1369,47.5,11,1,0,1,0,0,0,8.0,306.7,65027.5,4.63,4417.28
4560,L51739,1,302.7,310.7,1433,43.7,13,0,0,0,0,0,0,8.0,306.7,62622.100000000006,0.25,375.32
4561,L51740,1,302.7,310.7,1597,41.9,15,0,0,0,0,0,0,8.0,306.7,66914.3,0.12,376.76
4562,L51741,1,302.9,310.8,1610,32.2,17,0,0,0,0,0,0,7.900000000000034,306.85,51842.00000000001,0.19,271.11
4563,L51742,1,302.7,310.7,1398,57.7,19,0,0,0,0,0,0,8.0,306.7,80664.6,0.14,95.94
4564,L51743,1,302.7,310.7,1977,20.0,21,0,0,0,0,0,0,8.0,306.7,39540.0,0.04,105.61
4565,L51744,1,302.8,310.8,1516,39.5,23,0,0,0,0,0,0,8.0,306.8,59882.0,0.25,239.22
4566,H33979,0,302.7,310.8,1275,55.0,25,1,0,1,0,0,0,8.100000000000023,306.75,70125.0,4.09,4225.37
4567,L51746,1,302.8,310.8,1402,50.5,30,0,0,0,0,0,0,8.0,306.8,70801.0,0.02,128.49
4568,M19427,2,302.8,310.8,1451,44.7,32,0,0,0,0,0,0,8.0,306.8,64859.700000000004,0.2,283.01
4569,M19428,2,302.7,310.8,1555,36.1,35,0,0,0,0,0,0,8.100000000000023,306.75,56135.5,0.08,324.92
4570,L51749,1,302.8,310.9,1636,35.0,38,0,0,0,0,0,0,8.099999999999966,306.85,57260.0,0.02,446.87
4571,L51750,1,302.8,310.9,1312,52.2,40,1,0,1,0,0,0,8.099999999999966,306.85,68486.40000000001,3.92,4169.17
4572,L51751,1,302.8,310.9,1708,29.8,42,0,0,0,0,0,0,8.099999999999966,306.85,50898.4,0.22,631.55
4573,M19432,2,302.9,311.0,1556,36.5,44,0,0,0,0,0,0,8.100000000000023,306.95,56794.0,0.16,616.82
4574,H33987,0,302.8,311.0,1436,43.5,47,0,0,0,0,0,0,8.199999999999989,306.9,62466.0,0.0,147.0
4575,M19434,2,302.9,311.0,1402,40.7,52,0,0,0,0,0,0,8.100000000000023,306.95,57061.4,0.17,471.23
4576,M19435,2,302.9,311.0,1437,49.9,55,0,0,0,0,0,0,8.100000000000023,306.95,71706.3,0.0,211.26
4577,M19436,2,302.9,311.1,1926,21.8,58,0,0,0,0,0,0,8.200000000000045,307.0,41986.8,0.28,347.68
4578,L51757,1,303.0,311.2,1800,23.7,61,0,0,0,0,0,0,8.199999999999989,307.1,42660.0,0.08,438.36
4579,L51758,1,303.0,311.2,1641,32.6,63,0,0,0,0,0,0,8.199999999999989,307.1,53496.600000000006,0.26,417.18
4580,L51759,1,303.0,311.2,1374,48.2,65,1,0,1,0,0,0,8.199999999999989,307.1,66226.8,4.61,5007.65
4581,L51760,1,303.0,311.2,1494,37.0,67,0,0,0,0,0,0,8.199999999999989,307.1,55278.0,0.03,131.62
4582,L51761,1,303.0,311.2,1601,32.9,69,0,0,0,0,0,0,8.199999999999989,307.1,52672.899999999994,0.14,510.65
4583,L51762,1,302.9,311.2,1634,36.9,71,0,0,0,0,0,0,8.300000000000011,307.04999999999995,60294.6,0.23,349.39
4584,M19443,2,302.9,311.2,1467,37.7,73,0,0,0,0,0,0,8.300000000000011,307.04999999999995,55305.9,0.28,746.08
4585,L51764,1,302.8,311.1,1550,32.3,76,0,0,0,0,0,0,8.300000000000011,306.95000000000005,50064.99999999999,0.16,480.99
4586,L51765,1,302.8,311.1,1563,32.2,78,0,0,0,0,0,0,8.300000000000011,306.95000000000005,50328.600000000006,0.11,426.53
4587,L51766,1,302.7,310.9,1395,48.3,80,0,0,0,0,0,0,8.199999999999989,306.79999999999995,67378.5,0.01,578.98
4588,M19447,2,302.8,311.0,1507,33.4,82,0,0,0,0,0,0,8.199999999999989,306.9,50333.799999999996,0.18,541.76
4589,L51768,1,302.8,311.0,1564,38.5,85,0,0,0,0,0,0,8.199999999999989,306.9,60214.0,0.11,551.63
4590,L51769,1,302.8,311.1,1721,30.0,87,0,0,0,0,0,0,8.300000000000011,306.95000000000005,51630.0,0.27,675.21
4591,L51770,1,302.8,311.1,1456,36.1,89,0,0,0,0,0,0,8.300000000000011,306.95000000000005,52561.6,0.14,661.11
4592,H34005,0,302.9,311.2,2102,17.8,91,0,0,0,0,0,0,8.300000000000011,307.04999999999995,37415.6,0.23,841.44
4593,L51772,1,302.9,311.1,1555,33.9,96,0,0,0,0,0,0,8.200000000000045,307.0,52714.5,0.25,855.35
4594,L51773,1,303.0,311.2,1409,41.9,98,0,0,0,0,0,0,8.199999999999989,307.1,59037.1,0.03,450.0
4595,M19454,2,303.0,311.2,1387,41.4,100,0,0,0,0,0,0,8.199999999999989,307.1,57421.799999999996,0.13,811.36
4596,M19455,2,303.0,311.2,1460,43.9,103,0,0,0,0,0,0,8.199999999999989,307.1,64094.0,0.27,647.55
4597,L51776,1,303.0,311.2,1361,47.6,106,1,0,1,0,0,0,8.199999999999989,307.1,64783.6,3.71,4128.63
4598,M19457,2,303.0,311.1,1490,43.0,108,0,0,0,0,0,0,8.100000000000023,307.05,64070.0,0.17,690.83
4599,L51778,1,303.1,311.2,1399,49.2,111,0,0,0,0,0,0,8.099999999999966,307.15,68830.8,0.26,972.02
4600,L51779,1,303.1,311.1,1420,55.8,113,0,0,0,0,0,0,8.0,307.1,79236.0,0.07,459.48
4601,L51780,1,303.0,311.0,1359,44.2,115,1,0,1,0,0,0,8.0,307.0,60067.8,4.59,5298.72
4602,M19461,2,303.0,311.1,1372,54.3,117,1,0,1,0,0,0,8.100000000000023,307.05,74499.59999999999,4.04,4616.79
4603,M19462,2,303.0,311.0,1409,41.7,120,0,0,0,0,0,0,8.0,307.0,58755.3,0.18,714.94
4604,H34017,0,302.9,311.0,1452,58.3,123,0,0,0,0,0,0,8.100000000000023,306.95,84651.59999999999,0.1,879.67
4605,L51784,1,302.9,311.0,1820,24.6,128,0,0,0,0,0,0,8.100000000000023,306.95,44772.0,0.16,679.6
4606,H34019,0,302.9,311.0,1469,48.7,130,0,0,0,0,0,0,8.100000000000023,306.95,71540.3,0.01,1002.85
4607,L51786,1,302.9,311.1,1556,45.3,135,0,0,0,0,0,0,8.200000000000045,307.0,70486.79999999999,0.02,668.5
4608,L51787,1,303.0,311.1,1980,20.2,137,0,0,0,0,0,0,8.100000000000023,307.05,39996.0,0.12,827.48
4609,M19468,2,303.0,311.2,1519,38.0,139,0,0,0,0,0,0,8.199999999999989,307.1,57722.0,0.1,1026.44
4610,L51789,1,303.0,311.2,1456,44.0,142,0,0,0,0,0,0,8.199999999999989,307.1,64064.0,0.18,916.39
4611,L51790,1,303.1,311.2,1394,45.3,144,0,0,0,0,0,0,8.099999999999966,307.15,63148.2,0.01,908.33
4612,L51791,1,303.0,311.3,1365,56.2,146,1,0,1,0,0,0,8.300000000000011,307.15,76713.0,5.59,6027.03
4613,L51792,1,303.0,311.3,2194,16.5,148,0,0,0,0,0,0,8.300000000000011,307.15,36201.0,0.06,733.61
4614,L51793,1,303.1,311.3,1403,55.6,150,0,0,0,0,0,0,8.199999999999989,307.20000000000005,78006.8,0.13,939.51
4615,H34028,0,303.0,311.2,1503,37.0,152,0,0,0,0,0,0,8.199999999999989,307.1,55611.0,0.07,992.21
4616,L51795,1,303.0,311.3,1793,29.3,157,0,0,0,0,0,0,8.300000000000011,307.15,52534.9,0.04,940.45
4617,L51796,1,303.1,311.4,1829,24.5,159,0,0,0,0,0,0,8.299999999999955,307.25,44810.5,0.18,1076.4
4618,M19477,2,303.1,311.4,1831,23.3,161,0,0,0,0,0,0,8.299999999999955,307.25,42662.3,0.22,1184.16
4619,M19478,2,303.0,311.3,1335,53.6,164,1,0,1,0,0,0,8.300000000000011,307.15,71556.0,6.19,7081.25
4620,H34033,0,303.1,311.3,2056,19.7,167,0,0,0,0,0,0,8.199999999999989,307.20000000000005,40503.2,0.08,593.52
4621,L51800,1,303.1,311.3,1336,52.6,172,1,0,1,0,0,0,8.199999999999989,307.20000000000005,70273.6,3.12,4196.33
4622,L51801,1,303.0,311.2,1341,51.0,174,1,0,1,0,0,0,8.199999999999989,307.1,68391.0,3.97,4714.35
4623,M19482,2,303.0,311.1,1526,37.3,176,0,0,0,0,0,0,8.100000000000023,307.05,56919.799999999996,0.18,1107.04
4624,L51803,1,303.0,311.1,1525,40.7,179,0,0,0,0,0,0,8.100000000000023,307.05,62067.50000000001,0.06,982.15
4625,M19484,2,303.0,311.1,1428,39.8,181,0,0,0,0,0,0,8.100000000000023,307.05,56834.399999999994,0.07,982.1
4626,L51805,1,303.0,311.2,1511,45.7,184,0,0,0,0,0,0,8.199999999999989,307.1,69052.7,0.14,894.09
4627,L51806,1,303.0,311.2,1664,29.8,186,0,0,0,0,0,0,8.199999999999989,307.1,49587.200000000004,0.07,709.2
4628,M19487,2,303.0,311.2,1592,38.9,188,0,0,0,0,0,0,8.199999999999989,307.1,61928.799999999996,0.21,999.64
4629,M19488,2,303.0,311.1,1597,36.7,191,0,0,0,0,0,0,8.100000000000023,307.05,58609.9,0.09,1168.94
4630,L51809,1,303.0,311.2,1735,26.1,194,0,0,0,0,0,0,8.199999999999989,307.1,45283.5,0.05,803.01
4631,L51810,1,302.9,311.2,1751,23.8,196,0,0,0,0,0,0,8.300000000000011,307.04999999999995,41673.8,0.05,897.96
4632,L51811,1,303.0,311.2,1383,44.6,198,0,0,0,0,0,0,8.199999999999989,307.1,61681.8,0.04,1092.71
4633,M19492,2,302.9,311.2,1330,53.7,200,1,0,1,0,0,0,8.300000000000011,307.04999999999995,71421.0,3.28,4125.89
4634,L51813,1,303.0,311.2,1382,50.5,203,0,0,0,0,0,0,8.199999999999989,307.1,69791.0,0.0,933.54
4635,L51814,1,303.0,311.2,1755,30.4,205,0,0,0,0,0,0,8.199999999999989,307.1,53352.0,0.16,1197.27
4636,M19495,2,303.0,311.2,1614,35.7,207,0,0,0,0,0,0,8.199999999999989,307.1,57619.8,0.09,1167.4
4637,L51816,1,303.0,311.3,1466,43.0,210,0,0,0,0,0,0,8.300000000000011,307.15,63038.0,0.17,1062.92
4638,M19497,2,303.1,311.3,1847,24.7,212,0,0,0,0,0,0,8.199999999999989,307.20000000000005,45620.9,0.28,1361.14
4639,L51818,1,303.1,311.3,1474,34.8,215,0,0,0,0,0,0,8.199999999999989,307.20000000000005,51295.2,0.26,1394.83
4640,L51819,1,303.1,311.3,1657,31.8,217,0,0,0,0,0,0,8.199999999999989,307.20000000000005,52692.6,0.17,1064.02
4641,L51820,1,303.1,311.2,1435,40.1,219,0,0,0,0,0,0,8.099999999999966,307.15,57543.5,0.13,1257.23
4642,H34055,0,303.1,311.3,1494,42.7,221,0,0,0,0,0,0,8.199999999999989,307.20000000000005,63793.8,0.21,1207.51
4643,L51822,1,303.2,311.4,1238,54.6,226,1,0,1,0,1,0,8.199999999999989,307.29999999999995,67594.8,4.7,5848.59
4644,L51823,1,303.2,311.4,1324,54.2,228,1,0,1,0,1,0,8.199999999999989,307.29999999999995,71760.8,3.98,5228.46
4645,L51824,1,303.2,311.4,1514,41.2,230,0,0,0,0,0,0,8.199999999999989,307.29999999999995,62376.8,0.03,1153.56
4646,L51825,1,303.3,311.4,1732,25.6,232,0,0,0,0,0,0,8.099999999999966,307.35,44339.200000000004,0.23,1527.01
4647,L51826,1,303.3,311.4,1497,46.0,234,1,1,0,0,0,0,8.099999999999966,307.35,68862.0,1.95,3238.62
4648,L51827,1,303.3,311.4,1958,21.5,0,0,0,0,0,0,0,8.099999999999966,307.35,42097.0,0.23,366.17
4649,L51828,1,303.3,311.4,1630,32.5,2,0,0,0,0,0,0,8.099999999999966,307.35,52975.0,0.03,100.47
4650,M19509,2,303.3,311.4,1395,59.1,4,0,0,0,0,0,0,8.099999999999966,307.35,82444.5,0.03,215.12
4651,L51830,1,303.3,311.4,1658,30.5,7,0,0,0,0,0,0,8.099999999999966,307.35,50569.0,0.23,322.76
4652,L51831,1,303.2,311.4,1349,51.1,9,1,0,1,0,0,0,8.199999999999989,307.29999999999995,68933.90000000001,4.79,4584.91
4653,L51832,1,303.1,311.2,1452,52.9,11,0,0,0,0,0,0,8.099999999999966,307.15,76810.8,0.17,106.19
4654,M19513,2,303.1,311.1,1594,35.5,13,0,0,0,0,0,0,8.0,307.1,56587.0,0.25,283.31
4655,M19514,2,303.1,311.0,1510,47.6,16,0,0,0,0,0,0,7.899999999999977,307.05,71876.0,0.26,326.92
4656,L51835,1,303.1,311.1,1854,22.6,19,0,0,0,0,0,0,8.0,307.1,41900.4,0.14,288.66
4657,L51836,1,303.1,311.2,1626,32.3,21,0,0,0,0,0,0,8.099999999999966,307.15,52519.799999999996,0.3,283.96
4658,L51837,1,303.1,311.2,1628,35.2,23,0,0,0,0,0,0,8.099999999999966,307.15,57305.600000000006,0.11,526.31
4659,L51838,1,303.1,311.2,1679,34.8,25,0,0,0,0,0,0,8.099999999999966,307.15,58429.2,0.05,159.63
4660,M19519,2,303.1,311.2,1489,44.5,27,0,0,0,0,0,0,8.099999999999966,307.15,66260.5,0.25,383.85
4661,L51840,1,303.2,311.2,1439,43.9,30,0,0,0,0,0,0,8.0,307.2,63172.1,0.12,169.39
4662,L51841,1,303.3,311.3,1350,48.1,32,1,0,1,0,0,0,8.0,307.3,64935.0,3.71,3719.49
4663,H34076,0,303.3,311.2,1607,31.7,34,0,0,0,0,0,0,7.899999999999977,307.25,50941.9,0.02,171.05
4664,L51843,1,303.3,311.3,1389,53.9,39,0,0,0,0,0,0,8.0,307.3,74867.09999999999,0.03,229.13
4665,M19524,2,303.3,311.3,1566,46.1,41,0,0,0,0,0,0,8.0,307.3,72192.6,0.01,201.96
4666,M19525,2,303.4,311.4,1307,54.0,44,1,0,1,0,0,0,8.0,307.4,70578.0,4.71,5178.27
4667,M19526,2,303.3,311.5,1569,36.6,47,0,0,0,0,0,0,8.199999999999989,307.4,57425.4,0.25,466.05
4668,H34081,0,303.3,311.4,1651,30.6,50,0,0,0,0,0,0,8.099999999999966,307.35,50520.600000000006,0.12,357.11
4669,H34082,0,303.3,311.4,1692,27.9,55,0,0,0,0,0,0,8.099999999999966,307.35,47206.799999999996,0.03,427.29
4670,M19529,2,303.3,311.5,1373,47.3,60,1,0,1,0,0,0,8.199999999999989,307.4,64942.899999999994,3.37,3644.34
4671,L51850,1,303.2,311.4,1610,35.5,63,0,0,0,0,0,0,8.199999999999989,307.29999999999995,57155.0,0.1,495.9
4672,L51851,1,303.3,311.4,1511,43.4,65,0,0,0,0,0,0,8.099999999999966,307.35,65577.4,0.19,323.14
4673,L51852,1,303.3,311.5,1412,55.6,67,0,0,0,0,0,0,8.199999999999989,307.4,78507.2,0.2,344.33
4674,L51853,1,303.4,311.5,1501,36.2,69,0,0,0,0,0,0,8.100000000000023,307.45,54336.200000000004,0.03,393.31
4675,L51854,1,303.4,311.5,1414,44.8,71,0,0,0,0,0,0,8.100000000000023,307.45,63347.2,0.13,450.26
4676,H34089,0,303.5,311.5,1629,33.5,73,0,0,0,0,0,0,8.0,307.5,54571.5,0.19,433.65
4677,L51856,1,303.4,311.5,1879,21.3,78,0,0,0,0,0,0,8.100000000000023,307.45,40022.700000000004,0.08,488.28
4678,H34091,0,303.5,311.6,1466,47.0,80,0,0,0,0,0,0,8.100000000000023,307.55,68902.0,0.12,551.37
4679,H34092,0,303.6,311.7,1476,40.1,85,0,0,0,0,0,0,8.099999999999966,307.65,59187.6,0.18,498.52
4680,L51859,1,303.6,311.8,1695,30.7,90,0,0,0,0,0,0,8.199999999999989,307.70000000000005,52036.5,0.12,492.18
4681,L51860,1,303.6,311.7,1491,39.8,92,0,0,0,0,0,0,8.099999999999966,307.65,59341.799999999996,0.01,502.49
4682,M19541,2,303.6,311.8,1659,34.7,94,0,0,0,0,0,0,8.199999999999989,307.70000000000005,57567.3,0.07,386.84
4683,L51862,1,303.6,311.8,1567,31.7,97,0,0,0,0,0,0,8.199999999999989,307.70000000000005,49673.9,0.23,624.4
4684,L51863,1,303.6,311.8,1736,32.9,99,0,0,0,0,0,0,8.199999999999989,307.70000000000005,57114.399999999994,0.07,645.09
4685,M19544,2,303.6,311.8,1421,44.8,101,1,0,0,0,0,0,8.199999999999989,307.70000000000005,63660.799999999996,0.25,751.42
4686,M19545,2,303.6,311.8,1627,30.8,104,0,0,0,0,0,0,8.199999999999989,307.70000000000005,50111.6,0.14,588.42
4687,M19546,2,303.5,311.6,1562,34.2,107,0,0,0,0,0,0,8.100000000000023,307.55,53420.4,0.14,539.54
4688,L51867,1,303.5,311.6,2183,17.0,110,0,0,0,0,0,0,8.100000000000023,307.55,37111.0,0.23,628.02
4689,L51868,1,303.5,311.6,1577,38.1,112,0,0,0,0,0,0,8.100000000000023,307.55,60083.700000000004,0.11,650.24
4690,M19549,2,303.4,311.5,1560,36.4,114,0,0,0,0,0,0,8.100000000000023,307.45,56784.0,0.07,943.87
4691,M19550,2,303.4,311.5,1483,43.0,117,0,0,0,0,0,0,8.100000000000023,307.45,63769.0,0.03,699.87
4692,L51871,1,303.5,311.5,1535,33.3,120,0,0,0,0,0,0,8.0,307.5,51115.49999999999,0.2,600.07
4693,M19552,2,303.4,311.4,1606,29.6,122,0,0,0,0,0,0,8.0,307.4,47537.600000000006,0.14,856.08
4694,M19553,2,303.4,311.5,1817,24.7,125,0,0,0,0,0,0,8.100000000000023,307.45,44879.9,0.24,751.17
4695,L51874,1,303.4,311.5,1424,50.8,128,0,0,0,0,0,0,8.100000000000023,307.45,72339.2,0.14,779.27
4696,L51875,1,303.3,311.6,1514,34.7,130,0,0,0,0,0,0,8.300000000000011,307.45000000000005,52535.8,0.12,681.67
4697,L51876,1,303.4,311.6,1449,41.7,132,0,0,0,0,0,0,8.200000000000045,307.5,60423.3,0.09,1053.41
4698,M19557,2,303.5,311.6,1573,34.0,134,0,0,0,0,0,0,8.100000000000023,307.55,53482.0,0.06,559.88
4699,L51878,1,303.4,311.6,1564,41.9,137,0,0,0,0,0,0,8.200000000000045,307.5,65531.6,0.25,982.04
4700,L51879,1,303.5,311.6,1428,46.2,139,0,0,0,0,0,0,8.100000000000023,307.55,65973.6,0.03,622.2
4701,L51880,1,303.5,311.7,1620,31.0,141,0,0,0,0,0,0,8.199999999999989,307.6,50220.0,0.27,1085.82
4702,H34115,0,303.5,311.7,1584,32.7,143,0,0,0,0,0,0,8.199999999999989,307.6,51796.8,0.01,769.02
4703,L51882,1,303.6,311.8,1222,66.8,148,1,0,1,0,0,0,8.199999999999989,307.70000000000005,81629.59999999999,2.55,3478.18
4704,M19563,2,303.6,311.8,1432,42.5,150,0,0,0,0,0,0,8.199999999999989,307.70000000000005,60860.0,0.02,877.72
4705,L51884,1,303.7,311.9,1561,33.3,153,0,0,0,0,0,0,8.199999999999989,307.79999999999995,51981.299999999996,0.23,890.97
4706,L51885,1,303.6,311.8,1614,33.2,155,0,0,0,0,0,0,8.199999999999989,307.70000000000005,53584.8,0.06,1272.43
4707,L51886,1,303.5,311.7,1959,22.3,157,0,0,0,0,0,0,8.199999999999989,307.6,43685.700000000004,0.17,1038.31
4708,L51887,1,303.5,311.8,1944,23.5,159,0,0,0,0,0,0,8.300000000000011,307.65,45684.0,0.27,982.4
4709,L51888,1,303.4,311.7,1793,25.8,161,0,0,0,0,0,0,8.300000000000011,307.54999999999995,46259.4,0.19,1025.83
4710,M19569,2,303.4,311.6,1446,50.0,163,0,0,0,0,0,0,8.200000000000045,307.5,72300.0,0.05,959.63
4711,L51890,1,303.4,311.7,1673,32.2,166,0,0,0,0,0,0,8.300000000000011,307.54999999999995,53870.600000000006,0.24,1158.92
4712,M19571,2,303.4,311.7,1515,44.2,168,0,0,0,0,0,0,8.300000000000011,307.54999999999995,66963.0,0.13,1044.4
4713,L51892,1,303.4,311.8,1564,35.9,171,0,0,0,0,0,0,8.400000000000034,307.6,56147.6,0.0,999.97
4714,L51893,1,303.5,311.8,1451,45.2,173,0,0,0,0,0,0,8.300000000000011,307.65,65585.2,0.15,1145.23
4715,H34128,0,303.4,311.8,1693,28.3,175,0,0,0,0,0,0,8.400000000000034,307.6,47911.9,0.24,987.87
4716,L51895,1,303.4,311.7,1476,42.3,180,0,0,0,0,0,0,8.300000000000011,307.54999999999995,62434.799999999996,0.13,1346.21
4717,L51896,1,303.4,311.6,1712,30.1,182,0,0,0,0,0,0,8.200000000000045,307.5,51531.200000000004,0.23,1435.33
4718,M19577,2,303.4,311.6,1425,45.4,184,0,0,0,0,0,0,8.200000000000045,307.5,64695.0,0.21,1250.14
4719,L51898,1,303.3,311.6,1337,56.8,187,1,0,1,0,0,0,8.300000000000011,307.45000000000005,75941.59999999999,4.23,5170.8
4720,M19579,2,303.4,311.7,1690,34.9,189,0,0,0,0,0,0,8.300000000000011,307.54999999999995,58981.0,0.1,1053.38
4721,M19580,2,303.4,311.7,1353,44.1,192,1,0,1,0,0,0,8.300000000000011,307.54999999999995,59667.3,1.8,2711.44
4722,L51901,1,303.5,311.8,1927,21.9,195,0,0,0,0,0,0,8.300000000000011,307.65,42201.299999999996,0.11,1055.84
4723,M19582,2,303.4,311.8,1391,42.7,197,0,0,0,0,0,0,8.400000000000034,307.6,59395.700000000004,0.05,706.98
4724,L51903,1,303.4,311.8,1366,50.9,200,1,0,1,0,0,0,8.400000000000034,307.6,69529.4,3.71,4939.54
4725,L51904,1,303.4,311.9,1771,31.6,202,0,0,0,0,0,0,8.5,307.65,55963.600000000006,0.26,1446.62
4726,M19585,2,303.4,311.8,1515,42.6,204,0,0,0,0,0,0,8.400000000000034,307.6,64539.0,0.09,858.5
4727,M19586,2,303.4,311.8,2133,18.3,207,0,0,0,0,0,0,8.400000000000034,307.6,39033.9,0.07,1238.5
4728,M19587,2,303.4,311.8,1341,47.0,210,1,0,1,0,0,0,8.400000000000034,307.6,63027.0,3.15,4198.84
4729,L51908,1,303.4,311.7,1406,47.1,213,0,0,0,0,0,0,8.300000000000011,307.54999999999995,66222.6,0.02,1055.14
4730,L51909,1,303.4,311.8,1306,61.0,215,1,0,1,0,1,0,8.400000000000034,307.6,79666.0,3.74,4888.93
4731,L51910,1,303.3,311.7,1508,35.5,217,0,0,0,0,0,0,8.399999999999977,307.5,53534.0,0.16,983.58
4732,L51911,1,303.3,311.6,1301,45.1,219,1,0,1,0,0,0,8.300000000000011,307.45000000000005,58675.1,3.77,4863.31
4733,L51912,1,303.3,311.7,1539,38.5,221,0,0,0,0,0,0,8.399999999999977,307.5,59251.5,0.23,1346.92
4734,L51913,1,303.3,311.6,1484,44.6,223,0,0,0,0,0,0,8.300000000000011,307.45000000000005,66186.40000000001,0.11,1237.07
4735,L51914,1,303.2,311.5,1507,39.2,225,0,0,0,0,0,0,8.300000000000011,307.35,59074.4,0.24,1159.88
4736,L51915,1,303.2,311.5,1544,42.5,227,0,0,0,0,0,0,8.300000000000011,307.35,65620.0,0.29,1492.04
4737,L51916,1,303.2,311.5,1513,37.9,0,0,0,0,0,0,0,8.300000000000011,307.35,57342.7,0.22,378.97
4738,M19597,2,303.2,311.5,1336,58.2,2,1,0,1,0,0,0,8.300000000000011,307.35,77755.2,4.72,4791.1
4739,M19598,2,303.2,311.4,2102,19.0,5,0,0,0,0,0,0,8.199999999999989,307.29999999999995,39938.0,0.13,120.62
4740,L51919,1,303.2,311.4,1351,53.8,8,1,0,1,0,0,0,8.199999999999989,307.29999999999995,72683.8,3.96,4403.36
4741,L51920,1,303.3,311.5,1601,35.2,10,0,0,0,0,0,0,8.199999999999989,307.4,56355.200000000004,0.03,0.0
4742,L51921,1,303.2,311.3,1393,52.9,12,0,0,0,0,0,0,8.100000000000023,307.25,73689.7,0.22,396.02
4743,L51922,1,303.3,311.3,1592,33.7,14,0,0,0,0,0,0,8.0,307.3,53650.4,0.11,216.49
4744,L51923,1,303.3,311.3,1409,51.8,16,0,0,0,0,0,0,8.0,307.3,72986.2,0.17,551.85
4745,L51924,1,303.3,311.3,1393,47.4,18,0,0,0,0,0,0,8.0,307.3,66028.2,0.27,418.01
4746,H34159,0,303.2,311.2,1475,43.1,20,0,0,0,0,0,0,8.0,307.2,63572.5,0.18,370.17
4747,L51926,1,303.2,311.2,1427,45.6,25,0,0,0,0,0,0,8.0,307.2,65071.200000000004,0.01,210.86
4748,L51927,1,303.3,311.2,1763,27.3,27,0,0,0,0,0,0,7.899999999999977,307.25,48129.9,0.22,196.25
4749,L51928,1,303.2,311.2,1363,46.7,29,1,0,1,0,0,0,8.0,307.2,63652.100000000006,3.16,3174.67
4750,L51929,1,303.2,311.2,1404,50.9,31,0,0,0,0,0,0,8.0,307.2,71463.59999999999,0.19,303.65
4751,M19610,2,303.2,311.2,1688,31.9,33,0,0,0,0,0,0,8.0,307.2,53847.2,0.26,568.61
4752,L51931,1,303.3,311.4,1510,37.3,36,0,0,0,0,0,0,8.099999999999966,307.35,56322.99999999999,0.25,464.96
4753,H34166,0,303.3,311.3,1502,39.5,38,0,0,0,0,0,0,8.0,307.3,59329.0,0.26,418.99
4754,H34167,0,303.2,311.4,1607,36.6,43,0,0,0,0,0,0,8.199999999999989,307.29999999999995,58816.200000000004,0.1,520.83
4755,M19614,2,303.3,311.5,1384,54.8,48,0,0,0,0,0,0,8.199999999999989,307.4,75843.2,0.14,82.64
4756,L51935,1,303.4,311.7,1295,51.3,51,1,0,1,0,0,0,8.300000000000011,307.54999999999995,66433.5,3.51,3570.63
4757,H34170,0,303.4,311.7,1991,19.0,53,0,0,0,0,0,0,8.300000000000011,307.54999999999995,37829.0,0.27,160.51
4758,L51937,1,303.4,311.6,1497,42.8,58,0,0,0,0,0,0,8.200000000000045,307.5,64071.6,0.04,511.25
4759,L51938,1,303.5,311.6,1465,48.7,60,0,0,0,0,0,0,8.100000000000023,307.55,71345.5,0.05,335.49
4760,L51939,1,303.5,311.6,1361,46.5,62,1,0,1,0,0,0,8.100000000000023,307.55,63286.5,3.56,4014.94
4761,L51940,1,303.6,311.7,1546,38.5,64,0,0,0,0,0,0,8.099999999999966,307.65,59521.0,0.23,533.61
4762,H34175,0,303.7,311.9,1332,52.7,66,1,0,1,0,0,0,8.199999999999989,307.79999999999995,70196.40000000001,6.29,6773.48
4763,M19622,2,303.7,312.0,2663,11.4,71,1,0,0,1,0,0,8.300000000000011,307.85,30358.2,6.24,6575.99
4764,L51943,1,303.7,312.1,1443,45.9,74,0,0,0,0,0,0,8.400000000000034,307.9,66233.7,0.03,461.49
4765,M19624,2,303.7,312.0,1402,48.6,76,0,0,0,0,0,0,8.300000000000011,307.85,68137.2,0.09,509.53
4766,L51945,1,303.7,312.0,1892,22.5,79,0,0,0,0,0,0,8.300000000000011,307.85,42570.0,0.26,705.66
4767,M19626,2,303.6,312.0,1645,35.7,81,0,0,0,0,0,0,8.399999999999977,307.8,58726.50000000001,0.1,757.71
4768,L51947,1,303.6,311.9,1473,50.1,84,0,0,0,0,0,0,8.299999999999955,307.75,73797.3,0.03,206.34
4769,L51948,1,303.6,312.0,1309,52.9,86,1,0,1,0,0,0,8.399999999999977,307.8,69246.09999999999,2.8,3219.74
4770,H34183,0,303.6,311.9,1544,37.1,88,0,0,0,0,0,0,8.299999999999955,307.75,57282.4,0.24,709.7
4771,L51950,1,303.5,311.9,1344,49.3,93,1,0,1,0,0,0,8.399999999999977,307.7,66259.2,4.16,4632.24
4772,M19631,2,303.6,311.9,1617,36.0,95,0,0,0,0,0,0,8.299999999999955,307.75,58212.0,0.05,465.32
4773,M19632,2,303.6,312.0,1435,37.9,98,0,0,0,0,0,0,8.399999999999977,307.8,54386.5,0.09,499.79
4774,L51953,1,303.6,312.0,1391,50.3,101,0,0,0,0,0,0,8.399999999999977,307.8,69967.3,0.29,1024.5
4775,L51954,1,303.6,312.0,1827,23.3,103,0,0,0,0,0,0,8.399999999999977,307.8,42569.1,0.13,634.39
4776,L51955,1,303.5,312.0,1761,25.8,105,0,0,0,0,0,0,8.5,307.75,45433.8,0.13,1020.69
4777,L51956,1,303.5,312.1,1522,36.4,107,0,0,0,0,0,0,8.600000000000023,307.8,55400.799999999996,0.05,664.24
4778,M19637,2,303.5,312.2,1818,23.6,109,0,0,0,0,0,0,8.699999999999989,307.85,42904.8,0.09,591.55
4779,H34192,0,303.6,312.2,1371,54.6,112,1,0,1,0,0,0,8.599999999999966,307.9,74856.6,3.94,4582.9
4780,L51959,1,303.7,312.3,1511,38.9,117,0,0,0,0,0,0,8.600000000000023,308.0,58777.9,0.24,841.34
4781,L51960,1,303.7,312.4,1404,46.6,119,0,0,0,0,0,0,8.699999999999989,308.04999999999995,65426.4,0.13,926.3
4782,L51961,1,303.7,312.3,1384,45.9,121,0,0,0,0,0,0,8.600000000000023,308.0,63525.6,0.27,699.84
4783,L51962,1,303.8,312.5,1368,52.6,123,0,0,0,0,0,0,8.699999999999989,308.15,71956.8,0.11,454.82
4784,L51963,1,303.7,312.5,1641,36.0,125,0,0,0,0,0,0,8.800000000000011,308.1,59076.0,0.26,939.15
4785,L51964,1,303.9,312.6,1642,32.3,127,0,0,0,0,0,0,8.700000000000045,308.25,53036.6,0.01,770.35
4786,H34199,0,303.9,312.7,1401,50.0,129,0,0,0,0,0,0,8.800000000000011,308.29999999999995,70050.0,0.1,787.89
4787,L51966,1,303.8,312.6,1577,41.3,134,0,0,0,0,0,0,8.800000000000011,308.20000000000005,65130.1,0.26,1030.87
4788,L51967,1,303.7,312.6,1396,44.1,136,0,0,0,0,0,0,8.900000000000034,308.15,61563.6,0.27,1028.82
4789,H34202,0,303.7,312.6,1514,35.5,138,0,0,0,0,0,0,8.900000000000034,308.15,53747.0,0.23,697.94
4790,L51969,1,303.8,312.8,1646,35.8,143,0,0,0,0,0,0,9.0,308.3,58926.799999999996,0.2,957.19
4791,L51970,1,303.8,312.8,1443,40.7,145,0,0,0,0,0,0,9.0,308.3,58730.100000000006,0.24,1162.52
4792,M19651,2,303.7,312.7,1469,48.5,147,0,0,0,0,0,0,9.0,308.2,71246.5,0.21,970.77
4793,H34206,0,303.7,312.7,1564,40.2,150,0,0,0,0,0,0,9.0,308.2,62872.8,0.08,633.51
4794,H34207,0,303.6,312.6,1498,40.2,155,0,0,0,0,0,0,9.0,308.1,60219.600000000006,0.14,864.92
4795,L51974,1,303.6,312.6,1699,27.9,160,0,0,0,0,0,0,9.0,308.1,47402.1,0.2,1083.51
4796,L51975,1,303.6,312.5,1431,49.0,162,0,0,0,0,0,0,8.899999999999977,308.05,70119.0,0.18,1259.34
4797,L51976,1,303.5,312.4,1390,47.3,164,0,0,0,0,0,0,8.899999999999977,307.95,65747.0,0.27,796.55
4798,L51977,1,303.5,312.5,1380,46.1,166,0,0,0,0,0,0,9.0,308.0,63618.0,0.14,1024.18
4799,L51978,1,303.5,312.5,1457,46.4,168,0,0,0,0,0,0,9.0,308.0,67604.8,0.05,750.17
4800,L51979,1,303.5,312.5,1418,42.2,170,0,0,0,0,0,0,9.0,308.0,59839.600000000006,0.06,986.16
4801,M19660,2,303.5,312.5,1353,51.0,172,0,0,0,0,0,0,9.0,308.0,69003.0,0.25,1198.17
4802,L51981,1,303.5,312.4,1574,32.7,175,0,0,0,0,0,0,8.899999999999977,307.95,51469.8,0.0,840.03
4803,M19662,2,303.5,312.4,1318,54.2,177,0,0,0,0,0,0,8.899999999999977,307.95,71435.6,0.26,1239.74
4804,L51983,1,303.6,312.5,1710,31.4,180,0,0,0,0,0,0,8.899999999999977,308.05,53694.0,0.02,1090.98
4805,L51984,1,303.7,312.6,1621,38.8,182,0,0,0,0,0,0,8.900000000000034,308.15,62894.799999999996,0.12,1005.31
4806,L51985,1,303.6,312.6,1606,33.6,184,0,0,0,0,0,0,9.0,308.1,53961.600000000006,0.24,959.43
4807,H34220,0,303.6,312.5,1375,54.0,186,0,0,0,0,0,0,8.899999999999977,308.05,74250.0,0.12,1263.84
4808,L51987,1,303.5,312.4,1503,36.5,191,0,0,0,0,0,0,8.899999999999977,307.95,54859.5,0.25,1329.3
4809,L51988,1,303.5,312.3,1404,48.6,193,0,0,0,0,0,0,8.800000000000011,307.9,68234.40000000001,0.03,1079.56
4810,L51989,1,303.4,312.2,1656,32.7,195,0,0,0,0,0,0,8.800000000000011,307.79999999999995,54151.200000000004,0.15,1021.36
4811,M19670,2,303.4,312.1,1499,39.4,197,0,0,0,0,0,0,8.700000000000045,307.75,59060.6,0.17,1302.82
4812,M19671,2,303.4,312.0,1748,28.4,200,0,0,0,0,0,0,8.600000000000023,307.7,49643.2,0.27,1576.36
4813,L51992,1,303.4,311.9,1531,37.9,203,0,0,0,0,0,0,8.5,307.65,58024.9,0.03,1026.8
4814,M19673,2,303.3,311.8,1536,40.6,205,0,0,0,0,0,0,8.5,307.55,62361.600000000006,0.1,1139.17
4815,L51994,1,303.4,311.8,1401,53.0,208,1,0,0,0,1,0,8.400000000000034,307.6,74253.0,8.14,9020.22
4816,H34229,0,303.4,311.9,1534,33.2,210,0,0,0,0,0,0,8.5,307.65,50928.8,0.29,1232.07
4817,L51996,1,303.4,312.0,1521,35.9,215,1,1,0,0,0,0,8.600000000000023,307.7,54603.9,3.5,4413.81
4818,L51997,1,303.5,312.1,1674,30.8,0,0,0,0,0,0,0,8.600000000000023,307.8,51559.200000000004,0.25,269.62
4819,M19678,2,303.6,312.1,1967,20.9,2,0,0,0,0,0,0,8.5,307.85,41110.299999999996,0.16,118.88
4820,L51999,1,303.6,312.2,1696,30.7,5,0,0,0,0,0,0,8.599999999999966,307.9,52067.2,0.17,250.92
4821,M19680,2,303.6,312.1,1627,32.5,7,0,0,0,0,0,0,8.5,307.85,52877.5,0.26,161.21
4822,L52001,1,303.5,311.9,1405,45.6,10,0,0,0,0,0,0,8.399999999999977,307.7,64068.0,0.26,284.87
4823,L52002,1,303.5,311.9,1565,38.9,12,0,0,0,0,0,0,8.399999999999977,307.7,60878.5,0.24,156.97
4824,L52003,1,303.5,311.9,1493,38.7,14,0,0,0,0,0,0,8.399999999999977,307.7,57779.100000000006,0.25,348.14
4825,L52004,1,303.4,311.8,1499,45.0,16,0,0,0,0,0,0,8.400000000000034,307.6,67455.0,0.26,95.15
4826,L52005,1,303.3,311.8,1692,30.6,18,0,0,0,0,0,0,8.5,307.55,51775.200000000004,0.03,142.74
4827,L52006,1,303.4,311.8,2268,15.8,20,0,0,0,0,0,0,8.400000000000034,307.6,35834.4,0.09,148.19
4828,L52007,1,303.4,311.8,1438,58.9,22,0,0,0,0,0,0,8.400000000000034,307.6,84698.2,0.29,427.14
4829,L52008,1,303.5,311.9,1515,39.2,24,0,0,0,0,0,0,8.399999999999977,307.7,59388.00000000001,0.16,32.16
4830,L52009,1,303.4,311.9,1491,38.2,26,0,0,0,0,0,0,8.5,307.65,56956.200000000004,0.05,278.21
4831,L52010,1,303.5,312.0,1756,29.7,28,0,0,0,0,0,0,8.5,307.75,52153.2,0.15,245.19
4832,L52011,1,303.5,312.0,1366,54.5,30,1,0,1,0,0,0,8.5,307.75,74447.0,2.44,2622.57
4833,L52012,1,303.5,312.0,1436,45.1,32,0,0,0,0,0,0,8.5,307.75,64763.6,0.25,129.49
4834,L52013,1,303.4,311.9,1377,41.6,34,1,0,1,0,0,0,8.5,307.65,57283.200000000004,3.35,3333.59
4835,M19694,2,303.4,311.9,1510,42.2,36,0,0,0,0,0,0,8.5,307.65,63722.00000000001,0.01,131.48
4836,M19695,2,303.4,311.9,1419,50.9,39,0,0,0,0,0,0,8.5,307.65,72227.09999999999,0.14,541.33
4837,L52016,1,303.3,311.8,1315,62.0,42,1,0,1,0,0,0,8.5,307.55,81530.0,2.39,2679.09
4838,H34251,0,303.3,311.8,1806,27.7,44,0,0,0,0,0,0,8.5,307.55,50026.2,0.27,509.48
4839,H34252,0,303.3,311.8,1649,29.4,49,0,0,0,0,0,0,8.5,307.55,48480.6,0.05,156.35
4840,H34253,0,303.4,311.9,1402,50.0,54,0,0,0,0,0,0,8.5,307.65,70100.0,0.19,294.06
4841,L52020,1,303.4,311.9,1298,63.9,59,1,0,1,0,0,0,8.5,307.65,82942.2,4.15,4486.5
4842,M19701,2,303.3,311.8,1441,44.9,61,0,0,0,0,0,0,8.5,307.55,64700.9,0.19,600.1
4843,M19702,2,303.3,311.8,1489,49.4,64,0,0,0,0,0,0,8.5,307.55,73556.59999999999,0.17,521.35
4844,L52023,1,303.3,311.8,1842,24.5,67,0,0,0,0,0,0,8.5,307.55,45129.0,0.21,801.43
4845,M19704,2,303.4,311.8,1316,50.9,69,1,0,1,0,0,0,8.400000000000034,307.6,66984.4,3.97,4212.63
4846,M19705,2,303.3,311.8,1583,33.3,72,0,0,0,0,0,0,8.5,307.55,52713.899999999994,0.03,416.91
4847,M19706,2,303.3,311.8,1548,33.5,75,0,0,0,0,0,0,8.5,307.55,51858.0,0.11,231.02
4848,L52027,1,303.4,311.9,1434,44.6,78,0,0,0,0,0,0,8.5,307.65,63956.4,0.16,581.66
4849,H34262,0,303.5,312.0,1397,52.9,80,0,0,0,0,0,0,8.5,307.75,73901.3,0.1,720.41
4850,M19709,2,303.5,312.0,1475,42.9,85,0,0,0,0,0,0,8.5,307.75,63277.5,0.23,498.77
4851,L52030,1,303.5,312.0,1441,56.8,88,0,0,0,0,0,0,8.5,307.75,81848.8,0.1,666.32
4852,L52031,1,303.7,312.1,1363,51.8,90,1,0,1,0,0,0,8.400000000000034,307.9,70603.4,3.84,4506.16
4853,L52032,1,303.7,312.2,1619,34.9,92,0,0,0,0,0,0,8.5,307.95,56503.1,0.04,396.54
4854,L52033,1,303.7,312.2,1487,34.0,94,0,0,0,0,0,0,8.5,307.95,50558.0,0.23,770.04
4855,L52034,1,303.7,312.2,1568,33.8,96,0,0,0,0,0,0,8.5,307.95,52998.399999999994,0.06,776.94
4856,L52035,1,303.7,312.3,1375,46.2,98,0,0,0,0,0,0,8.600000000000023,308.0,63525.00000000001,0.16,684.57
4857,M19716,2,303.6,312.3,1698,31.3,100,0,0,0,0,0,0,8.699999999999989,307.95000000000005,53147.4,0.1,718.01
4858,L52037,1,303.7,312.3,1606,37.4,103,0,0,0,0,0,0,8.600000000000023,308.0,60064.399999999994,0.19,438.91
4859,L52038,1,303.7,312.3,1349,51.0,105,0,0,0,0,0,0,8.600000000000023,308.0,68799.0,0.06,674.57
4860,L52039,1,303.7,312.4,1535,38.6,107,0,0,0,0,0,0,8.699999999999989,308.04999999999995,59251.0,0.24,852.59
4861,M19720,2,303.6,312.4,1504,49.5,109,0,0,0,0,0,0,8.799999999999955,308.0,74448.0,0.17,516.07
4862,L52041,1,303.5,312.3,1946,21.1,112,0,0,0,0,0,0,8.800000000000011,307.9,41060.600000000006,0.29,705.35
4863,L52042,1,303.5,312.1,1326,55.7,114,0,0,0,0,0,0,8.600000000000023,307.8,73858.2,0.21,870.6
4864,M19723,2,303.6,312.3,1915,22.3,116,0,0,0,0,0,0,8.699999999999989,307.95000000000005,42704.5,0.18,714.59
4865,L52044,1,303.6,312.3,1451,43.4,119,0,0,0,0,0,0,8.699999999999989,307.95000000000005,62973.4,0.25,1011.79
4866,M19725,2,303.5,312.3,1624,34.8,121,0,0,0,0,0,0,8.800000000000011,307.9,56515.2,0.07,721.61
4867,L52046,1,303.6,312.4,1781,28.7,124,0,0,0,0,0,0,8.799999999999955,308.0,51114.7,0.19,818.47
4868,L52047,1,303.6,312.5,1345,54.1,126,0,0,0,0,0,0,8.899999999999977,308.05,72764.5,0.12,724.43
4869,L52048,1,303.6,312.4,1418,46.0,128,0,0,0,0,0,0,8.799999999999955,308.0,65228.0,0.22,903.9
4870,L52049,1,303.7,312.4,1718,26.5,130,0,0,0,0,0,0,8.699999999999989,308.04999999999995,45527.0,0.01,780.44
4871,M19730,2,303.7,312.4,1631,28.5,132,0,0,0,0,0,0,8.699999999999989,308.04999999999995,46483.5,0.13,870.08
4872,L52051,1,303.7,312.4,1513,40.1,135,0,0,0,0,0,0,8.699999999999989,308.04999999999995,60671.3,0.2,811.55
4873,L52052,1,303.7,312.4,1316,59.3,137,0,0,0,0,0,0,8.699999999999989,308.04999999999995,78038.8,0.14,1010.92
4874,M19733,2,303.7,312.4,1474,38.8,139,0,0,0,0,0,0,8.699999999999989,308.04999999999995,57191.2,0.07,863.65
4875,L52054,1,303.8,312.5,1619,30.9,142,0,0,0,0,0,0,8.699999999999989,308.15,50027.1,0.14,907.79
4876,L52055,1,303.7,312.4,1702,31.2,144,0,0,0,0,0,0,8.699999999999989,308.04999999999995,53102.4,0.25,983.75
4877,M19736,2,303.7,312.4,1540,37.4,146,0,0,0,0,0,0,8.699999999999989,308.04999999999995,57596.0,0.06,865.01
4878,M19737,2,303.7,312.4,1546,33.7,149,0,0,0,0,0,0,8.699999999999989,308.04999999999995,52100.200000000004,0.11,580.25
4879,L52058,1,303.7,312.4,1348,51.0,152,0,0,0,0,0,0,8.699999999999989,308.04999999999995,68748.0,0.3,1096.2
4880,H34293,0,303.7,312.5,1520,35.6,154,0,0,0,0,0,0,8.800000000000011,308.1,54112.0,0.27,1286.03
4881,M19740,2,303.8,312.6,1527,41.9,159,0,0,0,0,0,0,8.800000000000011,308.20000000000005,63981.299999999996,0.01,838.0
4882,M19741,2,303.8,312.6,1406,47.1,162,0,0,0,0,0,0,8.800000000000011,308.20000000000005,66222.6,0.16,982.52
4883,L52062,1,303.7,312.5,1462,46.2,165,0,0,0,0,0,0,8.800000000000011,308.1,67544.40000000001,0.02,755.62
4884,M19743,2,303.8,312.6,1684,29.3,167,0,0,0,0,0,0,8.800000000000011,308.20000000000005,49341.200000000004,0.28,1188.91
4885,H34298,0,303.8,312.5,1655,28.0,170,0,0,0,0,0,0,8.699999999999989,308.15,46340.0,0.13,950.74
4886,H34299,0,303.8,312.5,1748,25.1,175,0,0,0,0,0,0,8.699999999999989,308.15,43874.8,0.13,1201.39
4887,L52066,1,303.8,312.5,1372,45.7,180,0,0,0,0,0,0,8.699999999999989,308.15,62700.4,0.08,850.46
4888,L52067,1,303.7,312.5,1481,33.3,182,0,0,0,0,0,0,8.800000000000011,308.1,49317.299999999996,0.17,1012.15
4889,L52068,1,303.7,312.4,1512,39.2,184,0,0,0,0,0,0,8.699999999999989,308.04999999999995,59270.4,0.04,869.87
4890,L52069,1,303.7,312.5,1632,36.6,186,0,0,0,0,0,0,8.800000000000011,308.1,59731.200000000004,0.24,1445.19
4891,L52070,1,303.7,312.4,1525,43.9,188,0,0,0,0,0,0,8.699999999999989,308.04999999999995,66947.5,0.15,1061.54
4892,M19751,2,303.7,312.3,1756,26.4,190,0,0,0,0,0,0,8.600000000000023,308.0,46358.399999999994,0.17,1037.79
4893,L52072,1,303.7,312.3,1922,23.1,193,0,0,0,0,0,0,8.600000000000023,308.0,44398.200000000004,0.25,901.41
4894,M19753,2,303.8,312.5,1448,44.3,195,0,0,0,0,0,0,8.699999999999989,308.15,64146.399999999994,0.06,898.29
4895,H34308,0,303.8,312.5,1447,46.6,198,0,0,0,0,0,0,8.699999999999989,308.15,67430.2,0.05,1119.18
4896,M19755,2,303.8,312.4,1597,33.4,203,0,0,0,0,0,0,8.599999999999966,308.1,53339.799999999996,0.13,1223.58
4897,M19756,2,303.7,312.4,1642,32.3,206,0,0,0,0,0,0,8.699999999999989,308.04999999999995,53036.6,0.24,1172.32
4898,H34311,0,303.8,312.5,1525,38.0,209,0,0,0,0,0,0,8.699999999999989,308.15,57950.0,0.02,975.65
4899,H34312,0,303.6,312.4,1460,53.7,214,0,0,0,0,0,0,8.799999999999955,308.0,78402.0,0.24,1588.98
4900,L52079,1,303.6,312.3,2168,17.7,219,0,0,0,0,0,0,8.699999999999989,307.95000000000005,38373.6,0.15,1649.46
4901,L52080,1,303.6,312.4,1388,41.9,221,0,0,0,0,0,0,8.799999999999955,308.0,58157.2,0.17,1447.47
4902,M19761,2,303.6,312.3,1630,32.4,223,0,0,0,0,0,0,8.699999999999989,307.95000000000005,52812.0,0.17,1518.89
4903,L52082,1,303.6,312.3,1616,29.3,226,0,0,0,0,0,0,8.699999999999989,307.95000000000005,47348.8,0.02,1415.71
4904,L52083,1,303.6,312.4,2232,16.8,0,0,0,0,0,0,0,8.799999999999955,308.0,37497.6,0.07,402.19
4905,H34318,0,303.6,312.4,1480,50.7,2,0,0,0,0,0,0,8.799999999999955,308.0,75036.0,0.23,194.71
4906,L52085,1,303.6,312.4,1363,53.1,7,0,0,0,0,0,0,8.799999999999955,308.0,72375.3,0.12,23.26
4907,H34320,0,303.6,312.4,1436,45.6,9,0,0,0,0,0,0,8.799999999999955,308.0,65481.6,0.17,490.02
4908,M19767,2,303.6,312.5,1607,33.7,14,0,0,0,0,0,0,8.899999999999977,308.05,54155.9,0.28,205.36
4909,M19768,2,303.6,312.5,1459,48.2,17,0,0,0,0,0,0,8.899999999999977,308.05,70323.8,0.01,0.0
4910,L52089,1,303.5,312.4,1481,43.7,20,0,0,0,0,0,0,8.899999999999977,307.95,64719.700000000004,0.13,79.15
4911,M19770,2,303.5,312.4,1606,31.7,22,0,0,0,0,0,0,8.899999999999977,307.95,50910.2,0.11,200.29
4912,L52091,1,303.5,312.3,1681,29.8,25,0,0,0,0,0,0,8.800000000000011,307.9,50093.8,0.03,0.0
4913,L52092,1,303.5,312.2,1511,37.1,27,0,0,0,0,0,0,8.699999999999989,307.85,56058.1,0.29,210.03
4914,M19773,2,303.5,312.3,1593,35.2,29,0,0,0,0,0,0,8.800000000000011,307.9,56073.600000000006,0.29,341.65
4915,M19774,2,303.5,312.3,1532,41.7,32,0,0,0,0,0,0,8.800000000000011,307.9,63884.4,0.09,70.61
4916,H34329,0,303.5,312.3,1386,49.0,35,0,0,0,0,0,0,8.800000000000011,307.9,67914.0,0.28,614.36
4917,H34330,0,303.4,312.3,1769,27.9,40,0,0,0,0,0,0,8.900000000000034,307.85,49355.1,0.01,211.0
4918,M19777,2,303.4,312.2,1561,38.2,45,0,0,0,0,0,0,8.800000000000011,307.79999999999995,59630.200000000004,0.29,601.55
4919,L52098,1,303.3,312.2,1457,40.7,48,0,0,0,0,0,0,8.899999999999977,307.75,59299.9,0.25,560.13
4920,L52099,1,303.3,312.2,1506,40.0,50,0,0,0,0,0,0,8.899999999999977,307.75,60240.0,0.06,278.98
4921,L52100,1,303.4,312.2,1337,69.4,52,1,0,0,1,0,0,8.800000000000011,307.79999999999995,92787.8,5.73,6138.22
4922,L52101,1,303.4,312.3,1287,54.8,54,0,0,0,0,0,0,8.900000000000034,307.85,70527.59999999999,0.24,577.82
4923,M19782,2,303.4,312.2,1615,35.7,56,0,0,0,0,0,0,8.800000000000011,307.79999999999995,57655.50000000001,0.1,332.24
4924,M19783,2,303.4,312.2,1972,23.5,59,0,0,0,0,0,0,8.800000000000011,307.79999999999995,46342.0,0.11,152.41
4925,H34338,0,303.4,312.3,1522,42.1,62,0,0,0,0,0,0,8.900000000000034,307.85,64076.200000000004,0.19,578.1
4926,L52105,1,303.4,312.3,1680,30.6,67,0,0,0,0,0,0,8.900000000000034,307.85,51408.0,0.04,185.8
4927,L52106,1,303.4,312.3,1502,36.0,69,0,0,0,0,0,0,8.900000000000034,307.85,54072.0,0.04,442.04
4928,M19787,2,303.5,312.3,1543,33.3,71,0,0,0,0,0,0,8.800000000000011,307.9,51381.899999999994,0.07,436.83
4929,L52108,1,303.5,312.3,1584,35.2,74,0,0,0,0,0,0,8.800000000000011,307.9,55756.8,0.22,385.94
4930,L52109,1,303.5,312.4,1340,44.5,76,0,0,0,0,0,0,8.899999999999977,307.95,59630.0,0.11,528.76
4931,L52110,1,303.4,312.3,1663,33.9,78,0,0,0,0,0,0,8.900000000000034,307.85,56375.7,0.15,568.7
4932,M19791,2,303.3,312.1,1693,30.0,80,0,0,0,0,0,0,8.800000000000011,307.70000000000005,50790.0,0.06,489.24
4933,L52112,1,303.3,312.1,1418,44.7,83,0,0,0,0,0,0,8.800000000000011,307.70000000000005,63384.600000000006,0.06,497.05
4934,H34347,0,303.4,312.2,1554,36.8,85,0,0,0,0,0,0,8.800000000000011,307.79999999999995,57187.2,0.2,527.14
4935,L52114,1,303.4,312.2,1580,35.8,90,0,0,0,0,0,0,8.800000000000011,307.79999999999995,56563.99999999999,0.03,568.74
4936,L52115,1,303.4,312.3,1479,42.8,92,0,0,0,0,0,0,8.900000000000034,307.85,63301.2,0.2,556.85
4937,L52116,1,303.5,312.4,1284,70.6,94,1,0,0,1,0,0,8.899999999999977,307.95,90650.4,6.21,6518.81
4938,L52117,1,303.4,312.3,1540,38.7,96,0,0,0,0,0,0,8.900000000000034,307.85,59598.00000000001,0.2,781.2
4939,M19798,2,303.5,312.4,1606,30.1,98,0,0,0,0,0,0,8.899999999999977,307.95,48340.600000000006,0.11,740.46
4940,L52119,1,303.6,312.5,1286,62.4,101,0,0,0,0,0,0,8.899999999999977,308.05,80246.4,0.25,845.93
4941,L52120,1,303.6,312.6,1502,39.5,103,0,0,0,0,0,0,9.0,308.1,59329.0,0.02,503.92
4942,M19801,2,303.6,312.7,1699,31.5,105,0,0,0,0,0,0,9.099999999999966,308.15,53518.5,0.27,504.08
4943,L52122,1,303.5,312.6,1602,34.2,108,0,0,0,0,0,0,9.100000000000023,308.05,54788.4,0.08,842.25
4944,H34357,0,303.6,312.6,1436,42.0,110,0,0,0,0,0,0,9.0,308.1,60312.0,0.01,266.74
4945,M19804,2,303.6,312.7,1765,27.5,115,0,0,0,0,0,0,9.099999999999966,308.15,48537.5,0.17,832.91
4946,L52125,1,303.6,312.7,1418,44.1,118,0,0,0,0,0,0,9.099999999999966,308.15,62533.8,0.07,976.54
4947,M19806,2,303.7,312.7,1669,31.7,120,0,0,0,0,0,0,9.0,308.2,52907.299999999996,0.14,762.42
4948,L52127,1,303.7,312.7,1395,53.9,123,0,0,0,0,0,0,9.0,308.2,75190.5,0.24,898.68
4949,M19808,2,303.8,312.7,1500,41.7,125,0,0,0,0,0,0,8.899999999999977,308.25,62550.00000000001,0.24,921.9
4950,M19809,2,303.8,312.7,1555,33.4,128,0,0,0,0,0,0,8.899999999999977,308.25,51937.0,0.18,849.73
4951,M19810,2,303.8,312.7,1919,20.2,131,0,0,0,0,0,0,8.899999999999977,308.25,38763.799999999996,0.29,1297.59
4952,L52131,1,303.8,312.7,1596,36.6,134,0,0,0,0,0,0,8.899999999999977,308.25,58413.600000000006,0.14,683.53
4953,M19812,2,303.8,312.7,1374,53.6,136,0,0,0,0,0,0,8.899999999999977,308.25,73646.40000000001,0.01,544.69
4954,L52133,1,303.7,312.5,1670,26.1,139,0,0,0,0,0,0,8.800000000000011,308.1,43587.0,0.25,895.87
4955,L52134,1,303.7,312.6,1702,29.1,141,0,0,0,0,0,0,8.900000000000034,308.15,49528.200000000004,0.07,1036.12
4956,M19815,2,303.8,312.5,1366,45.1,143,0,0,0,0,0,0,8.699999999999989,308.15,61606.6,0.05,678.47
4957,M19816,2,303.8,312.5,2344,15.2,146,0,0,0,0,0,0,8.699999999999989,308.15,35628.799999999996,0.02,814.54
4958,M19817,2,303.8,312.6,1768,23.9,149,0,0,0,0,0,0,8.800000000000011,308.20000000000005,42255.2,0.1,1005.65
4959,L52138,1,303.8,312.5,1523,47.0,152,0,0,0,0,0,0,8.699999999999989,308.15,71581.0,0.1,976.85
4960,L52139,1,303.8,312.6,1735,25.9,154,0,0,0,0,0,0,8.800000000000011,308.20000000000005,44936.5,0.09,1012.71
4961,L52140,1,303.9,312.7,1339,62.3,156,0,0,0,0,0,0,8.800000000000011,308.29999999999995,83419.7,0.18,1172.7
4962,L52141,1,303.9,312.7,1800,24.3,158,0,0,0,0,0,0,8.800000000000011,308.29999999999995,43740.0,0.23,1066.23
4963,M19822,2,304.0,312.7,1456,51.2,160,0,0,0,0,0,0,8.699999999999989,308.35,74547.2,0.28,1011.44
4964,L52143,1,303.9,312.7,1789,24.4,163,0,0,0,0,0,0,8.800000000000011,308.29999999999995,43651.6,0.03,867.08
4965,L52144,1,303.9,312.7,1602,33.9,165,0,0,0,0,0,0,8.800000000000011,308.29999999999995,54307.799999999996,0.05,824.14
4966,M19825,2,303.8,312.7,1364,49.3,167,0,0,0,0,0,0,8.899999999999977,308.25,67245.2,0.18,1393.23
4967,L52146,1,303.8,312.6,1793,28.1,170,0,0,0,0,0,0,8.800000000000011,308.20000000000005,50383.3,0.03,800.1
4968,L52147,1,303.9,312.6,1426,53.4,172,0,0,0,0,0,0,8.700000000000045,308.25,76148.4,0.11,1042.47
4969,M19828,2,303.9,312.7,1485,43.3,174,0,0,0,0,0,0,8.800000000000011,308.29999999999995,64300.49999999999,0.19,834.87
4970,L52149,1,303.9,312.7,1528,38.4,177,0,0,0,0,0,0,8.800000000000011,308.29999999999995,58675.2,0.23,1134.92
4971,L52150,1,303.8,312.6,1565,36.0,179,0,0,0,0,0,0,8.800000000000011,308.20000000000005,56340.0,0.07,921.93
4972,L52151,1,303.8,312.7,1838,27.8,181,0,0,0,0,0,0,8.899999999999977,308.25,51096.4,0.2,1206.35
4973,H34386,0,303.8,312.6,1811,24.9,183,0,0,0,0,0,0,8.800000000000011,308.20000000000005,45093.899999999994,0.19,1210.26
4974,L52153,1,303.8,312.7,1461,38.2,188,0,0,0,0,0,0,8.899999999999977,308.25,55810.200000000004,0.26,1412.55
4975,L52154,1,303.8,312.7,1414,41.7,190,0,0,0,0,0,0,8.899999999999977,308.25,58963.8,0.09,1240.64
4976,L52155,1,303.7,312.7,1426,45.5,192,0,0,0,0,0,0,9.0,308.2,64883.0,0.23,1180.05
4977,L52156,1,303.7,312.7,1359,56.8,194,1,0,0,0,1,0,9.0,308.2,77191.2,8.12,8948.34
4978,L52157,1,303.7,312.7,1540,44.8,196,0,0,0,0,0,0,9.0,308.2,68992.0,0.07,925.93
4979,L52158,1,303.6,312.7,1429,47.7,198,0,0,0,0,0,0,9.099999999999966,308.15,68163.3,0.19,1225.41
4980,M19839,2,303.7,312.7,1612,36.3,200,0,0,0,0,0,0,9.0,308.2,58515.6,0.2,1223.67
4981,M19840,2,303.7,312.8,1685,31.8,203,0,0,0,0,0,0,9.100000000000023,308.25,53583.0,0.08,1133.69
4982,M19841,2,303.7,312.8,1558,37.7,206,0,0,0,0,0,0,9.100000000000023,308.25,58736.600000000006,0.14,1089.73
4983,L52162,1,303.7,313.0,1811,24.3,209,0,0,0,0,0,0,9.300000000000011,308.35,44007.3,0.13,1390.59
4984,L52163,1,303.8,313.1,1869,25.8,211,0,0,0,0,0,0,9.300000000000011,308.45000000000005,48220.200000000004,0.23,1064.1
4985,L52164,1,303.8,313.1,1256,58.7,213,1,0,0,0,1,0,9.300000000000011,308.45000000000005,73727.2,6.85,7826.43
4986,M19845,2,303.8,313.0,1789,23.5,215,0,0,0,0,0,0,9.199999999999989,308.4,42041.5,0.15,1063.43
4987,L52166,1,303.7,312.9,1502,40.5,0,0,0,0,0,0,0,9.199999999999989,308.29999999999995,60831.0,0.06,28.65
4988,M19847,2,303.7,313.0,1303,54.4,2,0,0,0,0,0,0,9.300000000000011,308.35,70883.2,0.19,386.98
4989,L52168,1,303.8,313.1,2497,13.0,5,1,0,0,1,0,0,9.300000000000011,308.45000000000005,32461.0,5.6,5581.84
4990,L52169,1,303.9,313.2,1499,37.4,7,0,0,0,0,0,0,9.300000000000011,308.54999999999995,56062.6,0.15,200.22
4991,L52170,1,303.9,313.2,1393,46.5,9,0,0,0,0,0,0,9.300000000000011,308.54999999999995,64774.5,0.16,304.64
4992,M19851,2,303.9,313.0,1475,41.0,11,0,0,0,0,0,0,9.100000000000023,308.45,60475.0,0.09,94.7
4993,L52172,1,303.8,312.9,1573,34.6,14,0,0,0,0,0,0,9.099999999999966,308.35,54425.8,0.09,217.39
4994,L52173,1,303.8,312.9,1819,23.7,16,0,0,0,0,0,0,9.099999999999966,308.35,43110.299999999996,0.22,337.61
4995,M19854,2,303.5,312.6,1642,29.4,18,0,0,0,0,0,0,9.100000000000023,308.05,48274.799999999996,0.04,0.0
4996,L52175,1,303.6,312.6,1540,39.8,21,0,0,0,0,0,0,9.0,308.1,61291.99999999999,0.23,265.35
4997,M19856,2,303.6,312.8,1400,43.2,23,0,0,0,0,0,0,9.199999999999989,308.20000000000005,60480.00000000001,0.2,368.19
4998,M19857,2,303.6,312.8,2659,11.4,26,1,0,0,1,0,0,9.199999999999989,308.20000000000005,30312.600000000002,6.62,6942.33
4999,M19858,2,303.6,312.8,1825,25.2,29,0,0,0,0,0,0,9.199999999999989,308.20000000000005,45990.0,0.08,417.19
5000,M19859,2,303.7,312.9,1532,41.3,32,0,0,0,0,0,0,9.199999999999989,308.29999999999995,63271.6,0.15,624.32
5001,L52180,1,303.7,312.8,1832,23.6,35,0,0,0,0,0,0,9.100000000000023,308.25,43235.200000000004,0.01,257.82
5002,M19861,2,303.6,312.7,2174,17.6,37,0,0,0,0,0,0,9.099999999999966,308.15,38262.4,0.27,393.0
5003,L52182,1,303.7,312.8,1627,31.7,40,0,0,0,0,0,0,9.100000000000023,308.25,51575.9,0.2,390.41
5004,L52183,1,303.7,312.8,1437,51.3,42,0,0,0,0,0,0,9.100000000000023,308.25,73718.09999999999,0.19,382.94
5005,L52184,1,303.7,312.8,1364,46.3,44,0,0,0,0,0,0,9.100000000000023,308.25,63153.2,0.22,378.82
5006,M19865,2,303.7,312.9,1444,52.7,46,0,0,0,0,0,0,9.199999999999989,308.29999999999995,76098.8,0.09,377.44
5007,M19866,2,303.7,312.8,1366,47.3,49,0,0,0,0,0,0,9.100000000000023,308.25,64611.799999999996,0.18,489.42
5008,L52187,1,303.8,312.9,1442,48.3,52,0,0,0,0,0,0,9.099999999999966,308.35,69648.59999999999,0.24,323.94
5009,H34422,0,303.7,312.8,1488,42.8,54,0,0,0,0,0,0,9.100000000000023,308.25,63686.399999999994,0.03,463.23
5010,L52189,1,303.7,312.8,1523,40.7,59,0,0,0,0,0,0,9.100000000000023,308.25,61986.100000000006,0.29,309.48
5011,L52190,1,303.7,312.8,1543,38.3,61,0,0,0,0,0,0,9.100000000000023,308.25,59096.899999999994,0.27,541.63
5012,M19871,2,303.7,312.8,1634,33.8,63,0,0,0,0,0,0,9.100000000000023,308.25,55229.2,0.29,777.4
5013,M19872,2,303.8,312.9,1815,27.8,66,0,0,0,0,0,0,9.099999999999966,308.35,50457.0,0.24,661.11
5014,M19873,2,303.8,312.9,1594,35.2,69,0,0,0,0,0,0,9.099999999999966,308.35,56108.8,0.09,381.45
5015,L52194,1,303.8,313.0,1452,38.6,72,0,0,0,0,0,0,9.199999999999989,308.4,56047.200000000004,0.17,825.32
5016,L52195,1,303.9,313.0,1759,28.4,74,0,0,0,0,0,0,9.100000000000023,308.45,49955.6,0.04,343.99
5017,L52196,1,303.9,313.0,1408,47.5,76,0,0,0,0,0,0,9.100000000000023,308.45,66880.0,0.23,309.71
5018,L52197,1,303.9,313.0,1483,45.0,78,0,0,0,0,0,0,9.100000000000023,308.45,66735.0,0.05,507.91
5019,M19878,2,303.9,313.0,1620,36.6,80,0,0,0,0,0,0,9.100000000000023,308.45,59292.0,0.26,393.22
5020,M19879,2,304.0,313.1,1466,39.5,83,0,0,0,0,0,0,9.100000000000023,308.55,57907.0,0.07,360.28
5021,L52200,1,304.1,313.1,1556,36.3,86,0,0,0,0,0,0,9.0,308.6,56482.799999999996,0.05,573.41
5022,L52201,1,304.0,313.0,1350,61.1,88,0,0,0,0,0,0,9.0,308.5,82485.0,0.02,390.87
5023,L52202,1,304.0,313.1,1404,47.1,90,0,0,0,0,0,0,9.100000000000023,308.55,66128.40000000001,0.21,747.09
5024,M19883,2,304.0,313.0,1575,34.5,92,0,0,0,0,0,0,9.0,308.5,54337.5,0.06,346.29
5025,L52204,1,303.9,313.1,1639,29.0,95,0,0,0,0,0,0,9.200000000000045,308.5,47531.0,0.06,663.77
5026,M19885,2,303.9,313.1,1473,42.8,97,0,0,0,0,0,0,9.200000000000045,308.5,63044.399999999994,0.05,281.36
5027,L52206,1,303.9,313.2,1481,40.0,100,0,0,0,0,0,0,9.300000000000011,308.54999999999995,59240.0,0.09,787.79
5028,L52207,1,304.0,313.3,1294,54.6,102,0,0,0,0,0,0,9.300000000000011,308.65,70652.40000000001,0.28,718.7
5029,M19888,2,303.9,313.2,1630,29.3,104,0,0,0,0,0,0,9.300000000000011,308.54999999999995,47759.0,0.15,899.67
5030,M19889,2,303.9,313.2,1624,39.8,107,0,0,0,0,0,0,9.300000000000011,308.54999999999995,64635.2,0.08,488.92
5031,M19890,2,303.9,313.1,1437,48.3,110,0,0,0,0,0,0,9.200000000000045,308.5,69407.09999999999,0.05,888.71
5032,M19891,2,303.8,313.0,1514,45.0,113,0,0,0,0,0,0,9.199999999999989,308.4,68130.0,0.01,431.35
5033,M19892,2,304.0,313.1,1694,31.4,116,0,0,0,0,0,0,9.100000000000023,308.55,53191.6,0.11,420.91
5034,L52213,1,304.0,313.1,1564,50.9,119,0,0,0,0,0,0,9.100000000000023,308.55,79607.59999999999,0.03,631.47
5035,M19894,2,303.9,313.1,1514,41.1,121,0,0,0,0,0,0,9.200000000000045,308.5,62225.4,0.01,800.1
5036,M19895,2,304.0,313.2,1500,40.6,124,0,0,0,0,0,0,9.199999999999989,308.6,60900.0,0.03,768.62
5037,L52216,1,304.0,313.2,1615,37.8,127,0,0,0,0,0,0,9.199999999999989,308.6,61046.99999999999,0.1,909.45
5038,M19897,2,304.1,313.2,1586,41.1,129,0,0,0,0,0,0,9.099999999999966,308.65,65184.600000000006,0.23,996.58
5039,L52218,1,304.1,313.3,1732,28.5,132,0,0,0,0,0,0,9.199999999999989,308.70000000000005,49362.0,0.02,556.96
5040,H34453,0,304.1,313.3,1689,32.5,134,0,0,0,0,0,0,9.199999999999989,308.70000000000005,54892.5,0.2,984.96
5041,H34454,0,304.1,313.2,1586,34.6,139,0,0,0,0,0,0,9.099999999999966,308.65,54875.600000000006,0.19,898.93
5042,L52221,1,304.0,313.2,1314,47.1,144,0,0,0,0,0,0,9.199999999999989,308.6,61889.4,0.26,873.54
5043,L52222,1,304.1,313.2,1569,35.8,146,0,0,0,0,0,0,9.099999999999966,308.65,56170.2,0.06,816.9
5044,L52223,1,304.1,313.2,1468,39.4,148,0,0,0,0,0,0,9.099999999999966,308.65,57839.2,0.24,971.55
5045,L52224,1,304.1,313.2,1412,47.5,150,0,0,0,0,0,0,9.099999999999966,308.65,67070.0,0.26,1222.4
5046,M19905,2,304.1,313.2,1510,46.9,152,0,0,0,0,0,0,9.099999999999966,308.65,70819.0,0.29,972.77
5047,M19906,2,304.1,313.2,1410,42.4,155,0,0,0,0,0,0,9.099999999999966,308.65,59784.0,0.24,930.76
5048,M19907,2,304.1,313.3,1680,29.3,158,0,0,0,0,0,0,9.199999999999989,308.70000000000005,49224.0,0.04,725.2
5049,H34462,0,304.0,313.2,1271,68.6,161,1,0,0,1,0,0,9.199999999999989,308.6,87190.59999999999,6.0,7089.53
5050,H34463,0,304.0,313.1,1472,45.5,166,0,0,0,0,0,0,9.100000000000023,308.55,66976.0,0.24,973.6
5051,H34464,0,304.0,313.0,1701,30.4,171,0,0,0,0,0,0,9.0,308.5,51710.399999999994,0.06,1109.53
5052,L52231,1,303.9,313.0,1480,39.9,176,0,0,0,0,0,0,9.100000000000023,308.45,59052.0,0.05,775.29
5053,L52232,1,303.9,313.0,1433,48.4,178,0,0,0,0,0,0,9.100000000000023,308.45,69357.2,0.28,1245.99
5054,L52233,1,303.8,312.9,1514,34.3,180,0,0,0,0,0,0,9.099999999999966,308.35,51930.2,0.05,989.38
5055,L52234,1,303.8,312.9,1619,35.7,182,0,0,0,0,0,0,9.099999999999966,308.35,57798.3,0.23,1325.01
5056,H34469,0,303.8,312.9,1378,45.6,184,0,0,0,0,0,0,9.099999999999966,308.35,62836.8,0.12,1203.26
5057,M19916,2,303.9,312.9,1430,53.5,189,0,0,0,0,0,0,9.0,308.4,76505.0,0.22,1177.28
5058,L52237,1,303.8,312.9,1367,49.9,192,0,0,0,0,0,0,9.099999999999966,308.35,68213.3,0.03,909.44
5059,L52238,1,303.9,312.9,1526,42.5,194,0,0,0,0,0,0,9.0,308.4,64855.0,0.22,1433.74
5060,L52239,1,303.9,312.8,1419,47.9,196,0,0,0,0,0,0,8.900000000000034,308.35,67970.09999999999,0.15,1034.46
5061,L52240,1,304.0,312.8,1542,42.7,198,0,0,0,0,0,0,8.800000000000011,308.4,65843.40000000001,0.27,919.84
5062,L52241,1,304.0,312.9,1363,62.5,200,1,0,0,0,1,0,8.899999999999977,308.45,85187.5,8.64,9361.22
5063,L52242,1,304.0,312.9,1313,53.9,202,0,0,0,0,0,0,8.899999999999977,308.45,70770.7,0.03,797.74
5064,H34477,0,304.0,312.9,1495,46.6,0,0,0,0,0,0,0,8.899999999999977,308.45,69667.0,0.06,149.35
5065,L52244,1,304.0,313.0,1407,42.1,5,0,0,0,0,0,0,9.0,308.5,59234.700000000004,0.02,377.17
5066,L52245,1,304.1,313.0,1566,37.2,7,0,0,0,0,0,0,8.899999999999977,308.55,58255.200000000004,0.29,19.01
5067,L52246,1,304.1,313.1,1550,30.9,9,0,0,0,0,0,0,9.0,308.6,47895.0,0.04,0.0
5068,M19927,2,304.2,313.2,1396,50.5,11,0,0,0,0,0,0,9.0,308.7,70498.0,0.06,128.35
5069,M19928,2,304.3,313.3,1540,39.0,14,0,0,0,0,0,0,9.0,308.8,60060.0,0.24,541.83
5070,M19929,2,304.2,313.2,1380,48.7,17,0,0,0,0,0,0,9.0,308.7,67206.0,0.07,36.81
5071,M19930,2,304.2,313.1,1608,31.1,20,0,0,0,0,0,0,8.900000000000034,308.65,50008.8,0.07,258.62
5072,H34485,0,304.2,313.0,1442,40.9,23,0,0,0,0,0,0,8.800000000000011,308.6,58977.799999999996,0.2,277.49
5073,L52252,1,304.1,313.0,1408,45.3,28,0,0,0,0,0,0,8.899999999999977,308.55,63782.399999999994,0.12,651.07
5074,M19933,2,304.0,313.0,1454,46.8,30,0,0,0,0,0,0,9.0,308.5,68047.2,0.25,421.68
5075,L52254,1,304.1,313.1,1666,34.6,33,0,0,0,0,0,0,9.0,308.6,57643.600000000006,0.19,408.35
5076,L52255,1,304.1,313.2,1366,46.6,35,0,0,0,0,0,0,9.099999999999966,308.65,63655.6,0.09,277.64
5077,L52256,1,304.2,313.2,1464,44.9,37,0,0,0,0,0,0,9.0,308.7,65733.59999999999,0.18,302.8
5078,L52257,1,304.3,313.3,1775,24.9,39,0,0,0,0,0,0,9.0,308.8,44197.5,0.26,597.48
5079,M19938,2,304.3,313.4,1482,43.8,41,0,0,0,0,0,0,9.099999999999966,308.85,64911.6,0.11,141.15
5080,M19939,2,304.2,313.4,1411,54.8,44,0,0,0,0,0,0,9.199999999999989,308.79999999999995,77322.8,0.22,139.71
5081,L52260,1,304.2,313.3,1410,51.6,47,0,0,0,0,0,0,9.100000000000023,308.75,72756.0,0.12,332.47
5082,M19941,2,304.1,313.3,1494,39.0,49,0,0,0,0,0,0,9.199999999999989,308.70000000000005,58266.0,0.16,527.33
5083,H34496,0,304.1,313.2,1590,43.4,52,0,0,0,0,0,0,9.099999999999966,308.65,69006.0,0.22,392.88
5084,L52263,1,304.1,313.1,1327,54.1,57,0,0,0,0,0,0,9.0,308.6,71790.7,0.02,332.97
5085,L52264,1,304.1,313.1,1969,20.8,59,0,0,0,0,0,0,9.0,308.6,40955.200000000004,0.14,251.9
5086,M19945,2,304.0,313.0,1377,56.0,61,0,0,0,0,0,0,9.0,308.5,77112.0,0.03,494.4
5087,L52266,1,304.0,313.0,1541,45.9,64,0,0,0,0,0,0,9.0,308.5,70731.9,0.22,637.79
5088,M19947,2,304.0,313.0,1685,28.2,66,0,0,0,0,0,0,9.0,308.5,47517.0,0.18,512.96
5089,L52268,1,304.0,313.1,1465,41.0,69,0,0,0,0,0,0,9.100000000000023,308.55,60065.0,0.1,470.31
5090,M19949,2,303.9,313.1,1483,47.2,71,0,0,0,0,0,0,9.200000000000045,308.5,69997.6,0.02,165.96
5091,M19950,2,303.9,313.2,1570,40.7,74,0,0,0,0,0,0,9.300000000000011,308.54999999999995,63899.00000000001,0.28,447.67
5092,L52271,1,303.9,313.2,1345,48.2,77,0,0,0,0,0,0,9.300000000000011,308.54999999999995,64829.00000000001,0.09,456.7
5093,M19952,2,303.9,313.2,1608,40.6,79,0,0,0,0,0,0,9.300000000000011,308.54999999999995,65284.8,0.08,552.06
5094,M19953,2,304.0,313.3,1415,52.8,82,0,0,0,0,0,0,9.300000000000011,308.65,74712.0,0.03,524.66
5095,M19954,2,304.1,313.5,1470,45.8,85,0,0,0,0,0,0,9.399999999999977,308.8,67326.0,0.17,540.56
5096,M19955,2,304.1,313.5,1428,39.9,88,0,0,0,0,0,0,9.399999999999977,308.8,56977.2,0.08,631.81
5097,H34510,0,304.2,313.5,1627,32.2,91,0,0,0,0,0,0,9.300000000000011,308.85,52389.4,0.25,918.12
5098,L52277,1,304.2,313.4,1457,49.4,96,0,0,0,0,0,0,9.199999999999989,308.79999999999995,71975.8,0.2,666.7
5099,L52278,1,304.2,313.4,1475,40.2,98,0,0,0,0,0,0,9.199999999999989,308.79999999999995,59295.00000000001,0.0,536.45
5100,L52279,1,304.2,313.5,1438,50.1,100,0,0,0,0,0,0,9.300000000000011,308.85,72043.8,0.17,638.82
5101,M19960,2,304.2,313.5,1437,47.2,102,0,0,0,0,0,0,9.300000000000011,308.85,67826.40000000001,0.07,561.05
5102,M19961,2,304.1,313.4,1518,42.4,105,0,0,0,0,0,0,9.299999999999955,308.75,64363.2,0.0,550.43
5103,M19962,2,304.1,313.5,1587,33.6,108,0,0,0,0,0,0,9.399999999999977,308.8,53323.200000000004,0.19,985.49
5104,L52283,1,304.1,313.4,1399,43.7,111,0,0,0,0,0,0,9.299999999999955,308.75,61136.3,0.06,752.29
5105,L52284,1,304.1,313.5,1469,44.6,113,0,0,0,0,0,0,9.399999999999977,308.8,65517.4,0.27,958.78
5106,L52285,1,304.1,313.4,1374,56.6,115,0,0,0,0,0,0,9.299999999999955,308.75,77768.40000000001,0.17,676.94
5107,L52286,1,304.0,313.3,1519,36.7,117,0,0,0,0,0,0,9.300000000000011,308.65,55747.3,0.06,510.27
5108,L52287,1,303.9,313.2,1540,44.4,119,0,0,0,0,0,0,9.300000000000011,308.54999999999995,68376.0,0.29,943.43
5109,L52288,1,303.9,313.3,1394,51.6,121,0,0,0,0,0,0,9.400000000000034,308.6,71930.40000000001,0.16,951.56
5110,M19969,2,304.0,313.4,1389,45.8,123,0,0,0,0,0,0,9.399999999999977,308.7,63616.2,0.05,923.51
5111,M19970,2,304.0,313.5,1732,26.2,126,0,0,0,0,0,0,9.5,308.75,45378.4,0.16,422.1
5112,L52291,1,304.1,313.6,1556,37.4,129,0,0,0,0,0,0,9.5,308.85,58194.399999999994,0.29,1301.96
5113,M19972,2,304.1,313.6,1441,43.7,131,0,0,0,0,0,0,9.5,308.85,62971.700000000004,0.13,847.55
5114,L52293,1,304.1,313.6,1382,46.7,134,0,0,0,0,0,0,9.5,308.85,64539.4,0.13,936.34
5115,M19974,2,304.2,313.8,1481,44.9,136,0,0,0,0,0,0,9.600000000000023,309.0,66496.9,0.14,559.01
5116,M19975,2,304.2,313.7,2113,18.4,139,0,0,0,0,0,0,9.5,308.95,38879.2,0.08,739.46
5117,L52296,1,304.2,313.8,1401,53.9,142,0,0,0,0,0,0,9.600000000000023,309.0,75513.9,0.05,883.43
5118,L52297,1,304.1,313.6,1611,31.4,144,0,0,0,0,0,0,9.5,308.85,50585.399999999994,0.17,713.79
5119,M19978,2,304.2,313.6,1512,33.4,146,0,0,0,0,0,0,9.400000000000034,308.9,50500.799999999996,0.27,566.75
5120,L52299,1,304.2,313.6,1411,46.0,149,0,0,0,0,0,0,9.400000000000034,308.9,64906.0,0.22,1015.33
5121,M19980,2,304.2,313.6,1424,43.7,151,0,0,0,0,0,0,9.400000000000034,308.9,62228.8,0.03,777.53
5122,L52301,1,304.2,313.6,1469,40.0,154,0,0,0,0,0,0,9.400000000000034,308.9,58760.0,0.12,1106.2
5123,H34536,0,304.2,313.5,1684,29.8,156,0,0,0,0,0,0,9.300000000000011,308.85,50183.200000000004,0.0,756.01
5124,M19983,2,304.2,313.5,1532,41.3,161,0,0,0,0,0,0,9.300000000000011,308.85,63271.6,0.09,881.99
5125,M19984,2,304.2,313.5,1557,37.3,164,0,0,0,0,0,0,9.300000000000011,308.85,58076.1,0.2,1124.65
5126,M19985,2,304.3,313.5,1416,48.1,167,0,0,0,0,0,0,9.199999999999989,308.9,68109.6,0.09,1080.03
5127,L52306,1,304.3,313.5,1802,25.4,170,0,0,0,0,0,0,9.199999999999989,308.9,45770.799999999996,0.25,993.69
5128,M19987,2,304.3,313.5,2245,15.1,172,0,0,0,0,0,0,9.199999999999989,308.9,33899.5,0.14,1141.67
5129,L52308,1,304.2,313.4,1434,42.5,175,0,0,0,0,0,0,9.199999999999989,308.79999999999995,60945.0,0.2,996.74
5130,M19989,2,304.1,313.3,1725,28.3,177,0,0,0,0,0,0,9.199999999999989,308.70000000000005,48817.5,0.27,1157.48
5131,L52310,1,304.2,313.3,1668,35.7,180,0,0,0,0,0,0,9.100000000000023,308.75,59547.600000000006,0.2,1200.62
5132,L52311,1,304.1,313.3,1452,43.9,182,0,0,0,0,0,0,9.199999999999989,308.70000000000005,63742.799999999996,0.27,1306.77
5133,L52312,1,304.1,313.3,1415,50.0,184,0,0,0,0,0,0,9.199999999999989,308.70000000000005,70750.0,0.24,1207.75
5134,L52313,1,304.1,313.2,1824,25.8,186,0,0,0,0,0,0,9.099999999999966,308.65,47059.200000000004,0.17,937.92
5135,L52314,1,304.1,313.3,1438,45.5,188,0,0,0,0,0,0,9.199999999999989,308.70000000000005,65429.0,0.09,749.46
5136,L52315,1,304.1,313.3,1883,24.5,190,0,0,0,0,0,0,9.199999999999989,308.70000000000005,46133.5,0.09,1011.81
5137,L52316,1,304.2,313.4,1735,28.9,192,0,0,0,0,0,0,9.199999999999989,308.79999999999995,50141.5,0.26,1365.69
5138,L52317,1,304.3,313.5,1464,36.7,194,0,0,0,0,0,0,9.199999999999989,308.9,53728.8,0.02,1057.45
5139,M19998,2,304.3,313.6,1489,40.3,196,0,0,0,0,0,0,9.300000000000011,308.95000000000005,60006.7,0.28,1296.3
5140,M19999,2,304.4,313.6,1510,38.9,199,0,0,0,0,0,0,9.200000000000045,309.0,58739.0,0.1,1093.95
5141,M20000,2,304.3,313.6,1585,32.1,202,0,0,0,0,0,0,9.300000000000011,308.95000000000005,50878.5,0.22,1276.37
5142,L52321,1,304.4,313.7,1509,35.0,205,1,1,0,0,0,0,9.300000000000011,309.04999999999995,52815.0,0.0,875.89
5143,L52322,1,304.4,313.6,1568,39.1,0,0,0,0,0,0,0,9.200000000000045,309.0,61308.8,0.29,407.03
5144,M20003,2,304.3,313.5,1525,42.0,2,0,0,0,0,0,0,9.199999999999989,308.9,64050.0,0.01,146.95
5145,L52324,1,304.4,313.7,1607,33.5,5,0,0,0,0,0,0,9.300000000000011,309.04999999999995,53834.5,0.11,81.71
5146,L52325,1,304.5,313.7,1670,32.9,7,0,0,0,0,0,0,9.199999999999989,309.1,54943.0,0.26,360.55
5147,L52326,1,304.4,313.6,1585,38.9,9,0,0,0,0,0,0,9.200000000000045,309.0,61656.5,0.08,0.0
5148,L52327,1,304.4,313.6,1569,38.4,11,0,0,0,0,0,0,9.200000000000045,309.0,60249.6,0.08,162.01
5149,L52328,1,304.4,313.6,1507,43.1,13,0,0,0,0,0,0,9.200000000000045,309.0,64951.700000000004,0.27,315.03
5150,L52329,1,304.3,313.5,1452,41.5,15,0,0,0,0,0,0,9.199999999999989,308.9,60258.0,0.25,513.88
5151,L52330,1,304.3,313.5,1590,29.8,17,0,0,0,0,0,0,9.199999999999989,308.9,47382.0,0.03,85.2
5152,L52331,1,304.3,313.6,1409,56.0,19,0,0,0,0,0,0,9.300000000000011,308.95000000000005,78904.0,0.17,395.3
5153,L52332,1,304.3,313.5,2643,12.7,21,0,0,0,0,0,0,9.199999999999989,308.9,33566.1,0.07,116.32
5154,L52333,1,304.2,313.4,1644,31.7,23,0,0,0,0,0,0,9.199999999999989,308.79999999999995,52114.799999999996,0.06,0.0
5155,L52334,1,304.2,313.4,1568,37.6,25,0,0,0,0,0,0,9.199999999999989,308.79999999999995,58956.8,0.18,271.17
5156,H34569,0,304.2,313.3,1625,37.3,27,0,0,0,0,0,0,9.100000000000023,308.75,60612.49999999999,0.04,204.51
5157,L52336,1,304.2,313.4,1482,41.4,32,0,0,0,0,0,0,9.199999999999989,308.79999999999995,61354.799999999996,0.14,322.63
5158,H34571,0,304.1,313.3,1397,49.6,34,0,0,0,0,0,0,9.199999999999989,308.70000000000005,69291.2,0.08,274.89
5159,L52338,1,304.1,313.3,1459,50.3,39,0,0,0,0,0,0,9.199999999999989,308.70000000000005,73387.7,0.26,379.03
5160,L52339,1,304.2,313.4,1490,44.0,41,0,0,0,0,0,0,9.199999999999989,308.79999999999995,65560.0,0.17,326.44
5161,L52340,1,304.1,313.2,1434,50.1,43,0,0,0,0,0,0,9.099999999999966,308.65,71843.40000000001,0.06,106.05
5162,M20021,2,304.1,313.2,2028,18.9,45,0,0,0,0,0,0,9.099999999999966,308.65,38329.2,0.28,205.51
5163,L52342,1,304.2,313.3,1464,45.9,48,0,0,0,0,0,0,9.100000000000023,308.75,67197.59999999999,0.25,474.03
5164,M20023,2,304.2,313.4,1713,23.5,50,0,0,0,0,0,0,9.199999999999989,308.79999999999995,40255.5,0.08,218.22
5165,M20024,2,304.3,313.4,1624,32.1,53,0,0,0,0,0,0,9.099999999999966,308.85,52130.4,0.29,716.98
5166,L52345,1,304.2,313.4,1421,43.4,56,0,0,0,0,0,0,9.199999999999989,308.79999999999995,61671.4,0.08,32.7
5167,H34580,0,304.2,313.5,1546,41.4,58,0,0,0,0,0,0,9.300000000000011,308.85,64004.399999999994,0.09,423.65
5168,L52347,1,304.2,313.4,1639,32.7,63,0,0,0,0,0,0,9.199999999999989,308.79999999999995,53595.3,0.12,753.22
5169,H34582,0,304.1,313.4,1696,29.6,65,0,0,0,0,0,0,9.299999999999955,308.75,50201.600000000006,0.05,347.57
5170,L52349,1,304.1,313.3,1470,39.9,70,0,0,0,0,0,0,9.199999999999989,308.70000000000005,58653.0,0.21,559.59
5171,M20030,2,304.1,313.3,1480,38.4,72,0,0,0,0,0,0,9.199999999999989,308.70000000000005,56832.0,0.17,593.95
5172,M20031,2,304.2,313.4,1329,54.5,75,0,0,0,0,0,0,9.199999999999989,308.79999999999995,72430.5,0.27,720.68
5173,L52352,1,304.2,313.4,1740,28.2,78,0,0,0,0,0,0,9.199999999999989,308.79999999999995,49068.0,0.07,398.72
5174,M20033,2,304.2,313.5,1739,28.1,80,0,0,0,0,0,0,9.300000000000011,308.85,48865.9,0.05,298.76
5175,M20034,2,304.2,313.5,1390,47.8,83,0,0,0,0,0,0,9.300000000000011,308.85,66442.0,0.11,622.91
5176,L52355,1,304.2,313.4,1740,23.7,86,0,0,0,0,0,0,9.199999999999989,308.79999999999995,41238.0,0.04,183.79
5177,M20036,2,304.0,313.3,1844,27.1,88,0,0,0,0,0,0,9.300000000000011,308.65,49972.4,0.28,844.83
5178,H34591,0,304.0,313.1,1388,53.2,91,0,0,0,0,0,0,9.100000000000023,308.55,73841.6,0.22,616.23
5179,H34592,0,304.0,313.2,1517,43.1,96,0,0,0,0,0,0,9.199999999999989,308.6,65382.700000000004,0.24,720.46
5180,M20039,2,304.0,313.1,1450,42.8,101,0,0,0,0,0,0,9.100000000000023,308.55,62059.99999999999,0.22,646.16
5181,L52360,1,304.0,313.2,1584,38.7,104,0,0,0,0,0,0,9.199999999999989,308.6,61300.8,0.07,804.63
5182,L52361,1,304.0,313.1,1720,28.7,106,0,0,0,0,0,0,9.100000000000023,308.55,49364.0,0.04,607.35
5183,L52362,1,303.9,313.1,1586,31.9,108,0,0,0,0,0,0,9.200000000000045,308.5,50593.399999999994,0.13,621.74
5184,M20043,2,303.9,313.0,1901,22.5,110,0,0,0,0,0,0,9.100000000000023,308.45,42772.5,0.25,747.51
5185,L52364,1,304.0,313.0,1397,42.4,113,0,0,0,0,0,0,9.0,308.5,59232.799999999996,0.1,642.78
5186,L52365,1,304.0,313.0,2012,21.1,115,0,0,0,0,0,0,9.0,308.5,42453.200000000004,0.0,934.54
5187,L52366,1,304.0,313.0,2354,15.0,117,0,0,0,0,0,0,9.0,308.5,35310.0,0.2,587.44
5188,L52367,1,304.0,313.1,1648,35.7,119,0,0,0,0,0,0,9.100000000000023,308.55,58833.600000000006,0.06,817.43
5189,L52368,1,304.0,313.2,1632,30.6,121,0,0,0,0,0,0,9.199999999999989,308.6,49939.200000000004,0.16,850.22
5190,M20049,2,304.1,313.2,1427,46.9,123,0,0,0,0,0,0,9.099999999999966,308.65,66926.3,0.0,845.97
5191,L52370,1,304.1,313.2,1452,48.0,126,0,0,0,0,0,0,9.099999999999966,308.65,69696.0,0.15,874.36
5192,L52371,1,304.0,313.2,1416,46.0,128,0,0,0,0,0,0,9.199999999999989,308.6,65136.0,0.12,760.5
5193,L52372,1,303.9,313.1,1310,62.9,130,0,0,0,0,0,0,9.200000000000045,308.5,82399.0,0.26,1063.0
5194,H34607,0,304.0,313.1,1408,39.8,132,0,0,0,0,0,0,9.100000000000023,308.55,56038.399999999994,0.22,914.47
5195,M20054,2,303.9,313.1,1668,34.4,137,0,0,0,0,0,0,9.200000000000045,308.5,57379.2,0.01,808.24
5196,L52375,1,303.9,313.0,1551,36.8,140,0,0,0,0,0,0,9.100000000000023,308.45,57076.799999999996,0.24,1154.23
5197,H34610,0,303.9,313.0,1517,36.0,142,0,0,0,0,0,0,9.100000000000023,308.45,54612.0,0.24,963.88
5198,H34611,0,303.8,312.9,1570,35.8,147,0,0,0,0,0,0,9.099999999999966,308.35,56205.99999999999,0.2,871.34
5199,L52378,1,303.8,312.8,1428,53.3,152,0,0,0,0,0,0,9.0,308.3,76112.4,0.28,943.43
5200,L52379,1,303.8,312.8,1503,40.0,154,0,0,0,0,0,0,9.0,308.3,60120.0,0.24,1077.58
5201,L52380,1,303.8,312.8,1416,58.7,156,0,0,0,0,0,0,9.0,308.3,83119.2,0.07,718.27
5202,M20061,2,303.7,312.7,1396,47.3,158,0,0,0,0,0,0,9.0,308.2,66030.8,0.11,847.53
5203,L52382,1,303.7,312.7,1335,51.1,161,0,0,0,0,0,0,9.0,308.2,68218.5,0.1,759.86
5204,M20063,2,303.7,312.6,1671,30.5,163,0,0,0,0,0,0,8.900000000000034,308.15,50965.5,0.15,1041.25
5205,L52384,1,303.7,312.7,1989,22.4,166,0,0,0,0,0,0,9.0,308.2,44553.6,0.29,1007.18
5206,L52385,1,303.7,312.7,1468,43.3,168,0,0,0,0,0,0,9.0,308.2,63564.399999999994,0.18,826.99
5207,H34620,0,303.7,312.6,1711,27.6,170,0,0,0,0,0,0,8.900000000000034,308.15,47223.600000000006,0.09,773.38
5208,M20067,2,303.8,312.7,1488,41.3,175,0,0,0,0,0,0,8.899999999999977,308.25,61454.399999999994,0.28,1069.34
5209,L52388,1,303.8,312.7,1664,29.3,178,0,0,0,0,0,0,8.899999999999977,308.25,48755.200000000004,0.21,1027.95
5210,M20069,2,303.8,312.7,1507,38.5,180,0,0,0,0,0,0,8.899999999999977,308.25,58019.5,0.08,1017.72
5211,L52390,1,303.7,312.6,1466,42.5,183,0,0,0,0,0,0,8.900000000000034,308.15,62305.0,0.27,1160.76
5212,L52391,1,303.7,312.5,1433,53.6,185,0,0,0,0,0,0,8.800000000000011,308.1,76808.8,0.1,1080.55
5213,L52392,1,303.7,312.5,1397,45.7,187,0,0,0,0,0,0,8.800000000000011,308.1,63842.9,0.15,1152.59
5214,M20073,2,303.7,312.6,1429,43.3,189,0,0,0,0,0,0,8.900000000000034,308.15,61875.7,0.14,1196.07
5215,L52394,1,303.7,312.7,1572,37.2,192,0,0,0,0,0,0,9.0,308.2,58478.4,0.28,953.83
5216,M20075,2,303.7,312.7,1532,42.7,194,0,0,0,0,0,0,9.0,308.2,65416.4,0.08,880.92
5217,M20076,2,303.7,312.7,1316,51.8,197,0,0,0,0,0,0,9.0,308.2,68168.8,0.1,1168.23
5218,M20077,2,303.8,312.8,1420,47.9,200,0,0,0,0,0,0,9.0,308.3,68018.0,0.2,1231.71
5219,L52398,1,303.8,312.9,1589,37.2,203,0,0,0,0,0,0,9.099999999999966,308.35,59110.8,0.27,1431.54
5220,L52399,1,303.8,313.0,1365,59.9,205,1,0,0,0,1,0,9.199999999999989,308.4,81763.5,8.48,9273.4
5221,L52400,1,303.8,313.0,1633,32.9,207,0,0,0,0,0,0,9.199999999999989,308.4,53725.7,0.06,1023.73
5222,L52401,1,303.9,313.0,1626,31.4,209,0,0,0,0,0,0,9.100000000000023,308.45,51056.399999999994,0.28,1280.54
5223,L52402,1,303.9,313.1,1665,29.6,0,0,0,0,0,0,0,9.200000000000045,308.5,49284.0,0.23,254.98
5224,M20083,2,303.9,313.2,1350,47.2,2,0,0,0,0,0,0,9.300000000000011,308.54999999999995,63720.00000000001,0.1,115.38
5225,L52404,1,303.9,313.2,1590,31.9,5,0,0,0,0,0,0,9.300000000000011,308.54999999999995,50721.0,0.11,205.36
5226,M20085,2,304.0,313.2,1437,53.9,7,0,0,0,0,0,0,9.199999999999989,308.6,77454.3,0.14,157.8
5227,L52406,1,303.9,313.0,1403,48.3,10,0,0,0,0,0,0,9.100000000000023,308.45,67764.9,0.2,455.85
5228,L52407,1,303.9,313.1,1440,41.1,12,0,0,0,0,0,0,9.200000000000045,308.5,59184.0,0.17,483.68
5229,M20088,2,303.9,313.1,1343,61.4,14,0,0,0,0,0,0,9.200000000000045,308.5,82460.2,0.23,132.32
5230,H34643,0,303.9,313.1,1790,26.7,17,0,0,0,0,0,0,9.200000000000045,308.5,47793.0,0.02,111.77
5231,M20090,2,303.8,313.1,2117,18.6,22,0,0,0,0,0,0,9.300000000000011,308.45000000000005,39376.200000000004,0.25,479.7
5232,L52411,1,303.8,313.1,1458,42.2,25,0,0,0,0,0,0,9.300000000000011,308.45000000000005,61527.600000000006,0.02,232.8
5233,L52412,1,303.6,312.9,1381,57.8,27,0,0,0,0,0,0,9.299999999999955,308.25,79821.8,0.26,333.82
5234,L52413,1,303.6,312.9,1450,45.3,29,0,0,0,0,0,0,9.299999999999955,308.25,65685.0,0.01,193.23
5235,L52414,1,303.7,312.9,1461,50.1,31,0,0,0,0,0,0,9.199999999999989,308.29999999999995,73196.1,0.04,0.0
5236,M20095,2,303.7,312.9,1511,41.0,33,0,0,0,0,0,0,9.199999999999989,308.29999999999995,61951.0,0.05,212.13
5237,L52416,1,303.8,313.1,1394,45.4,36,0,0,0,0,0,0,9.300000000000011,308.45000000000005,63287.6,0.07,30.95
5238,L52417,1,303.8,313.0,1499,42.3,38,0,0,0,0,0,0,9.199999999999989,308.4,63407.7,0.12,386.2
5239,L52418,1,303.7,313.0,1457,44.1,40,0,0,0,0,0,0,9.300000000000011,308.35,64253.700000000004,0.2,232.61
5240,L52419,1,303.7,313.0,1753,29.0,42,0,0,0,0,0,0,9.300000000000011,308.35,50837.0,0.27,504.45
5241,L52420,1,303.7,313.0,1694,28.0,44,0,0,0,0,0,0,9.300000000000011,308.35,47432.0,0.16,427.88
5242,L52421,1,303.7,313.1,1683,28.4,46,0,0,0,0,0,0,9.400000000000034,308.4,47797.2,0.16,401.38
5243,L52422,1,303.7,313.1,1496,47.4,48,0,0,0,0,0,0,9.400000000000034,308.4,70910.4,0.1,245.21
5244,L52423,1,303.7,313.1,1721,34.8,50,0,0,0,0,0,0,9.400000000000034,308.4,59890.799999999996,0.24,458.44
5245,L52424,1,303.6,313.0,1593,31.6,52,0,0,0,0,0,0,9.399999999999977,308.3,50338.8,0.03,467.16
5246,L52425,1,303.6,313.0,1575,38.3,54,0,0,0,0,0,0,9.399999999999977,308.3,60322.49999999999,0.09,296.31
5247,L52426,1,303.5,313.0,1465,41.0,56,0,0,0,0,0,0,9.5,308.25,60065.0,0.03,313.21
5248,L52427,1,303.6,313.1,1405,38.3,58,0,0,0,0,0,0,9.5,308.35,53811.49999999999,0.06,266.48
5249,M20108,2,303.5,313.0,1902,21.6,60,0,0,0,0,0,0,9.5,308.25,41083.200000000004,0.18,633.06
5250,M20109,2,303.4,312.9,1422,39.9,63,0,0,0,0,0,0,9.5,308.15,56737.799999999996,0.04,366.67
5251,L52430,1,303.5,312.9,1332,52.9,66,0,0,0,0,0,0,9.399999999999977,308.2,70462.8,0.03,245.4
5252,M20111,2,303.4,312.9,1307,54.3,68,0,0,0,0,0,0,9.5,308.15,70970.09999999999,0.25,591.07
5253,L52432,1,303.5,313.0,1322,59.5,71,0,0,0,0,0,0,9.5,308.25,78659.0,0.04,358.85
5254,L52433,1,303.5,313.0,1547,40.3,73,0,0,0,0,0,0,9.5,308.25,62344.1,0.18,753.89
5255,L52434,1,303.5,313.1,1897,23.6,75,0,0,0,0,0,0,9.600000000000023,308.3,44769.200000000004,0.11,478.3
5256,M20115,2,303.5,313.0,1403,51.9,77,0,0,0,0,0,0,9.5,308.25,72815.7,0.27,447.59
5257,L52436,1,303.5,313.0,1393,51.6,80,0,0,0,0,0,0,9.5,308.25,71878.8,0.21,684.79
5258,L52437,1,303.5,313.0,1482,38.5,82,0,0,0,0,0,0,9.5,308.25,57057.0,0.02,697.91
5259,M20118,2,303.5,312.9,1572,44.7,84,0,0,0,0,0,0,9.399999999999977,308.2,70268.40000000001,0.27,869.54
5260,L52439,1,303.5,312.9,1544,36.9,87,0,0,0,0,0,0,9.399999999999977,308.2,56973.6,0.12,389.56
5261,M20120,2,303.5,313.0,1492,46.1,89,0,0,0,0,0,0,9.5,308.25,68781.2,0.09,494.69
5262,L52441,1,303.4,312.8,1513,35.8,92,0,0,0,0,0,0,9.400000000000034,308.1,54165.399999999994,0.2,655.4
5263,L52442,1,303.4,312.8,1449,43.9,94,0,0,0,0,0,0,9.400000000000034,308.1,63611.1,0.22,687.22
5264,L52443,1,303.5,312.8,1877,22.3,96,0,0,0,0,0,0,9.300000000000011,308.15,41857.1,0.09,627.14
5265,L52444,1,303.4,312.8,1376,53.4,98,0,0,0,0,0,0,9.400000000000034,308.1,73478.4,0.11,548.38
5266,M20125,2,303.5,312.9,1883,23.3,100,0,0,0,0,0,0,9.399999999999977,308.2,43873.9,0.05,412.66
5267,M20126,2,303.4,312.8,1518,38.7,103,0,0,0,0,0,0,9.400000000000034,308.1,58746.600000000006,0.18,837.77
5268,M20127,2,303.5,312.9,1438,42.8,106,0,0,0,0,0,0,9.399999999999977,308.2,61546.399999999994,0.29,651.47
5269,L52448,1,303.4,312.9,1389,54.1,109,0,0,0,0,0,0,9.5,308.15,75144.90000000001,0.12,544.68
5270,L52449,1,303.5,312.9,1504,44.8,111,0,0,0,0,0,0,9.399999999999977,308.2,67379.2,0.3,685.53
5271,L52450,1,303.5,312.9,1275,64.4,113,0,0,0,0,0,0,9.399999999999977,308.2,82110.0,0.05,706.83
5272,L52451,1,303.6,313.0,1534,39.7,115,0,0,0,0,0,0,9.399999999999977,308.3,60899.8,0.24,830.97
5273,M20132,2,303.6,313.0,1396,38.2,117,0,0,0,0,0,0,9.399999999999977,308.3,53327.200000000004,0.28,997.53
5274,L52453,1,303.6,313.1,1395,44.1,120,0,0,0,0,0,0,9.5,308.35,61519.5,0.21,692.22
5275,L52454,1,303.6,313.0,1617,30.9,122,0,0,0,0,0,0,9.399999999999977,308.3,49965.299999999996,0.03,452.05
5276,L52455,1,303.7,313.1,1423,41.2,124,0,0,0,0,0,0,9.400000000000034,308.4,58627.600000000006,0.1,653.41
5277,L52456,1,303.5,313.0,1606,34.0,126,0,0,0,0,0,0,9.5,308.25,54604.0,0.03,632.63
5278,L52457,1,303.5,312.9,1501,44.0,128,0,0,0,0,0,0,9.399999999999977,308.2,66044.0,0.18,851.36
5279,M20138,2,303.5,312.9,1618,30.4,130,0,0,0,0,0,0,9.399999999999977,308.2,49187.2,0.3,697.64
5280,L52459,1,303.6,313.0,1522,35.8,133,0,0,0,0,0,0,9.399999999999977,308.3,54487.6,0.11,846.81
5281,L52460,1,303.6,312.9,1480,41.4,135,0,0,0,0,0,0,9.299999999999955,308.25,61272.0,0.05,590.86
5282,M20141,2,303.7,313.0,1469,39.9,137,0,0,0,0,0,0,9.300000000000011,308.35,58613.1,0.08,667.89
5283,H34696,0,303.8,313.2,1381,52.4,140,0,0,0,0,0,0,9.399999999999977,308.5,72364.4,0.17,1046.06
5284,L52463,1,303.8,313.2,1525,41.9,145,0,0,0,0,0,0,9.399999999999977,308.5,63897.5,0.17,567.52
5285,M20144,2,303.8,313.2,1732,29.6,147,0,0,0,0,0,0,9.399999999999977,308.5,51267.200000000004,0.07,853.38
5286,L52465,1,303.8,313.1,1523,39.8,150,0,0,0,0,0,0,9.300000000000011,308.45000000000005,60615.399999999994,0.23,1027.81
5287,L52466,1,303.8,313.1,1422,42.4,152,0,0,0,0,0,0,9.300000000000011,308.45000000000005,60292.799999999996,0.03,667.18
5288,H34701,0,303.8,313.2,1506,46.9,154,0,0,0,0,0,0,9.399999999999977,308.5,70631.4,0.19,892.95
5289,L52468,1,303.8,313.2,1531,39.4,159,0,0,0,0,0,0,9.399999999999977,308.5,60321.4,0.13,1108.16
5290,M20149,2,303.9,313.3,1507,34.3,161,0,0,0,0,0,0,9.400000000000034,308.6,51690.1,0.04,1139.44
5291,L52470,1,303.9,313.3,1526,40.7,164,0,0,0,0,0,0,9.400000000000034,308.6,62108.200000000004,0.19,1169.71
5292,L52471,1,303.8,313.3,1406,52.1,166,0,0,0,0,0,0,9.5,308.55,73252.6,0.2,1312.88
5293,M20152,2,303.9,313.3,1567,35.0,168,0,0,0,0,0,0,9.400000000000034,308.6,54845.0,0.13,866.3
5294,M20153,2,303.9,313.4,1464,49.1,171,0,0,0,0,0,0,9.5,308.65,71882.40000000001,0.24,857.99
5295,L52474,1,303.9,313.4,1442,48.5,174,0,0,0,0,0,0,9.5,308.65,69937.0,0.15,1012.11
5296,L52475,1,303.8,313.2,1336,47.8,176,0,0,0,0,0,0,9.399999999999977,308.5,63860.799999999996,0.09,1090.73
5297,H34710,0,303.8,313.2,1379,50.2,178,0,0,0,0,0,0,9.399999999999977,308.5,69225.8,0.29,901.79
5298,L52477,1,303.7,313.1,1406,48.6,183,0,0,0,0,0,0,9.400000000000034,308.4,68331.6,0.28,1056.03
5299,M20158,2,303.7,313.1,2130,18.1,185,0,0,0,0,0,0,9.400000000000034,308.4,38553.0,0.03,832.69
5300,L52479,1,303.7,313.1,1355,49.1,188,0,0,0,0,0,0,9.400000000000034,308.4,66530.5,0.28,1273.48
5301,M20160,2,303.8,313.2,1710,26.5,190,0,0,0,0,0,0,9.399999999999977,308.5,45315.0,0.23,1214.14
5302,L52481,1,303.8,313.1,1309,55.8,193,0,0,0,0,0,0,9.300000000000011,308.45000000000005,73042.2,0.03,878.73
5303,L52482,1,303.9,313.1,1491,37.2,195,0,0,0,0,0,0,9.200000000000045,308.5,55465.200000000004,0.16,1161.97
5304,L52483,1,303.9,313.2,1481,44.1,197,0,0,0,0,0,0,9.300000000000011,308.54999999999995,65312.1,0.01,823.28
5305,L52484,1,303.9,313.1,1425,49.3,199,0,0,0,0,0,0,9.200000000000045,308.5,70252.5,0.18,1111.04
5306,H34719,0,303.9,313.2,1680,29.1,201,0,0,0,0,0,0,9.300000000000011,308.54999999999995,48888.0,0.28,1095.28
5307,H34720,0,304.0,313.2,1612,31.7,206,0,0,0,0,0,0,9.199999999999989,308.6,51100.4,0.11,1117.46
5308,L52487,1,304.0,313.3,1530,34.8,211,0,0,0,0,0,0,9.300000000000011,308.65,53243.99999999999,0.15,1084.93
5309,L52488,1,304.0,313.2,1481,42.6,213,0,0,0,0,0,0,9.199999999999989,308.6,63090.6,0.07,1238.56
5310,M20169,2,303.9,313.2,1422,48.0,215,1,1,0,0,0,0,9.300000000000011,308.54999999999995,68256.0,2.57,3641.07
5311,L52490,1,303.8,313.0,1427,43.0,0,0,0,0,0,0,0,9.199999999999989,308.4,61361.0,0.24,205.99
5312,H34725,0,303.7,312.9,1460,49.8,2,0,0,0,0,0,0,9.199999999999989,308.29999999999995,72708.0,0.06,335.22
5313,L52492,1,303.6,312.9,1873,23.5,7,0,0,0,0,0,0,9.299999999999955,308.25,44015.5,0.17,262.49
5314,M20173,2,303.7,312.9,1566,32.6,9,0,0,0,0,0,0,9.199999999999989,308.29999999999995,51051.600000000006,0.11,99.78
5315,L52494,1,303.6,312.8,1701,30.8,12,0,0,0,0,0,0,9.199999999999989,308.20000000000005,52390.8,0.22,192.44
5316,L52495,1,303.6,312.8,1710,27.2,14,0,0,0,0,0,0,9.199999999999989,308.20000000000005,46512.0,0.21,102.82
5317,M20176,2,303.6,312.8,1689,33.1,16,0,0,0,0,0,0,9.199999999999989,308.20000000000005,55905.9,0.21,280.12
5318,L52497,1,303.6,312.7,1637,32.9,19,0,0,0,0,0,0,9.099999999999966,308.15,53857.299999999996,0.11,251.14
5319,L52498,1,303.5,312.6,1496,39.0,21,0,0,0,0,0,0,9.100000000000023,308.05,58344.0,0.18,0.0
5320,M20179,2,303.5,312.7,1402,47.0,23,0,0,0,0,0,0,9.199999999999989,308.1,65894.0,0.2,110.4
5321,L52500,1,303.4,312.7,1363,45.5,26,0,0,0,0,0,0,9.300000000000011,308.04999999999995,62016.5,0.2,252.58
5322,M20181,2,303.4,312.7,1576,49.9,28,0,0,0,0,0,0,9.300000000000011,308.04999999999995,78642.4,0.17,145.27
5323,M20182,2,303.4,312.7,1357,55.3,31,0,0,0,0,0,0,9.300000000000011,308.04999999999995,75042.09999999999,0.26,421.49
5324,M20183,2,303.4,312.7,1399,48.4,34,0,0,0,0,0,0,9.300000000000011,308.04999999999995,67711.59999999999,0.07,267.32
5325,M20184,2,303.4,312.8,1526,30.8,37,0,0,0,0,0,0,9.400000000000034,308.1,47000.8,0.02,186.65
5326,L52505,1,303.5,312.7,1694,27.3,40,0,0,0,0,0,0,9.199999999999989,308.1,46246.200000000004,0.29,572.53
5327,M20186,2,303.5,312.7,1420,49.1,42,0,0,0,0,0,0,9.199999999999989,308.1,69722.0,0.02,142.26
5328,M20187,2,303.5,312.7,2116,16.7,45,0,0,0,0,0,0,9.199999999999989,308.1,35337.2,0.27,488.11
5329,M20188,2,303.7,312.9,1406,41.9,48,0,0,0,0,0,0,9.199999999999989,308.29999999999995,58911.4,0.18,269.5
5330,L52509,1,303.7,313.0,1456,45.5,51,0,0,0,0,0,0,9.300000000000011,308.35,66248.0,0.28,577.69
5331,L52510,1,303.6,312.9,1588,31.9,53,0,0,0,0,0,0,9.299999999999955,308.25,50657.2,0.17,446.39
5332,L52511,1,303.7,312.8,1448,44.5,55,0,0,0,0,0,0,9.100000000000023,308.25,64436.0,0.25,345.22
5333,H34746,0,303.6,312.7,1403,46.2,57,0,0,0,0,0,0,9.099999999999966,308.15,64818.600000000006,0.22,481.74
5334,M20193,2,303.5,312.6,1405,51.6,62,0,0,0,0,0,0,9.100000000000023,308.05,72498.0,0.16,464.33
5335,M20194,2,303.4,312.6,2706,9.8,65,1,0,0,1,0,0,9.200000000000045,308.0,26518.800000000003,6.88,7247.15
5336,M20195,2,303.3,312.4,1505,38.9,68,0,0,0,0,0,0,9.099999999999966,307.85,58544.5,0.0,387.72
5337,L52516,1,303.2,312.4,1663,33.7,71,0,0,0,0,0,0,9.199999999999989,307.79999999999995,56043.100000000006,0.08,326.82
5338,M20197,2,303.3,312.6,1482,44.4,73,0,0,0,0,0,0,9.300000000000011,307.95000000000005,65800.8,0.29,769.55
5339,M20198,2,303.3,312.5,1674,32.7,76,0,0,0,0,0,0,9.199999999999989,307.9,54739.8,0.08,538.46
5340,M20199,2,303.4,312.7,1594,32.8,79,0,0,0,0,0,0,9.300000000000011,308.04999999999995,52283.2,0.23,516.31
5341,L52520,1,303.5,312.7,1393,49.3,82,0,0,0,0,0,0,9.199999999999989,308.1,68674.9,0.15,388.6
5342,H34755,0,303.5,312.8,1404,55.8,84,0,0,0,0,0,0,9.300000000000011,308.15,78343.2,0.09,412.78
5343,M20202,2,303.5,312.8,1375,45.7,89,0,0,0,0,0,0,9.300000000000011,308.15,62837.50000000001,0.3,524.25
5344,L52523,1,303.5,312.8,1607,38.4,92,0,0,0,0,0,0,9.300000000000011,308.15,61708.799999999996,0.01,501.2
5345,L52524,1,303.4,312.8,1360,50.8,94,0,0,0,0,0,0,9.400000000000034,308.1,69088.0,0.17,817.53
5346,L52525,1,303.5,312.8,1524,39.4,96,0,0,0,0,0,0,9.300000000000011,308.15,60045.6,0.14,833.23
5347,L52526,1,303.4,312.7,1534,35.5,98,0,0,0,0,0,0,9.300000000000011,308.04999999999995,54457.0,0.02,346.6
5348,L52527,1,303.3,312.7,1262,63.8,100,0,0,0,0,0,0,9.399999999999977,308.0,80515.59999999999,0.06,678.02
5349,L52528,1,303.3,312.6,1623,34.6,102,0,0,0,0,0,0,9.300000000000011,307.95000000000005,56155.8,0.21,732.68
5350,M20209,2,303.3,312.7,1642,33.6,104,0,0,0,0,0,0,9.399999999999977,308.0,55171.200000000004,0.03,190.61
5351,M20210,2,303.4,312.8,1622,35.1,107,0,0,0,0,0,0,9.400000000000034,308.1,56932.200000000004,0.24,725.14
5352,M20211,2,303.5,312.9,1530,34.5,110,0,0,0,0,0,0,9.399999999999977,308.2,52785.0,0.19,673.45
5353,M20212,2,303.4,312.8,1590,36.3,113,0,0,0,0,0,0,9.400000000000034,308.1,57716.99999999999,0.03,776.62
5354,L52533,1,303.4,312.7,1589,34.0,116,0,0,0,0,0,0,9.300000000000011,308.04999999999995,54026.0,0.09,539.36
5355,L52534,1,303.4,312.6,1462,37.5,118,0,0,0,0,0,0,9.200000000000045,308.0,54825.0,0.04,714.46
5356,H34769,0,303.3,312.5,1328,49.8,120,0,0,0,0,0,0,9.199999999999989,307.9,66134.4,0.24,823.94
5357,H34770,0,303.3,312.6,1692,29.0,125,0,0,0,0,0,0,9.300000000000011,307.95000000000005,49068.0,0.16,568.13
5358,L52537,1,303.3,312.5,1968,20.6,130,0,0,0,0,0,0,9.199999999999989,307.9,40540.8,0.0,567.17
5359,H34772,0,303.3,312.6,1827,24.2,132,0,0,0,0,0,0,9.300000000000011,307.95000000000005,44213.4,0.16,1049.74
5360,M20219,2,303.3,312.6,1397,47.1,137,0,0,0,0,0,0,9.300000000000011,307.95000000000005,65798.7,0.14,798.99
5361,L52540,1,303.3,312.6,1463,44.0,140,0,0,0,0,0,0,9.300000000000011,307.95000000000005,64372.0,0.19,1025.88
5362,L52541,1,303.3,312.7,1643,30.7,142,0,0,0,0,0,0,9.399999999999977,308.0,50440.1,0.01,847.66
5363,L52542,1,303.2,312.6,1281,57.0,144,0,0,0,0,0,0,9.400000000000034,307.9,73017.0,0.01,662.76
5364,L52543,1,303.2,312.5,1518,39.9,146,0,0,0,0,0,0,9.300000000000011,307.85,60568.2,0.1,637.49
5365,L52544,1,303.2,312.6,1601,35.3,148,0,0,0,0,0,0,9.400000000000034,307.9,56515.299999999996,0.21,777.23
5366,L52545,1,303.1,312.6,1548,36.4,150,0,0,0,0,0,0,9.5,307.85,56347.2,0.2,1167.75
5367,H34780,0,303.1,312.6,1404,40.6,152,0,0,0,0,0,0,9.5,307.85,57002.4,0.08,862.76
5368,M20227,2,303.1,312.5,1766,26.7,157,0,0,0,0,0,0,9.399999999999977,307.8,47152.2,0.06,584.93
5369,M20228,2,303.1,312.5,1667,30.0,160,0,0,0,0,0,0,9.399999999999977,307.8,50010.0,0.2,1125.09
5370,H34783,0,303.0,312.5,1507,37.9,163,0,0,0,0,0,0,9.5,307.75,57115.299999999996,0.01,556.97
5371,H34784,0,303.0,312.4,1627,37.1,168,0,0,0,0,0,0,9.399999999999977,307.7,60361.700000000004,0.17,886.08
5372,L52551,1,302.9,312.3,1435,47.7,173,0,0,0,0,0,0,9.400000000000034,307.6,68449.5,0.13,1007.19
5373,H34786,0,302.9,312.3,1509,46.8,175,0,0,0,0,0,0,9.400000000000034,307.6,70621.2,0.07,1323.06
5374,M20233,2,302.9,312.3,1809,25.0,180,0,0,0,0,0,0,9.400000000000034,307.6,45225.0,0.16,1182.4
5375,L52554,1,302.9,312.3,1515,40.8,183,0,0,0,0,0,0,9.400000000000034,307.6,61811.99999999999,0.07,912.64
5376,L52555,1,302.9,312.3,1530,34.9,185,0,0,0,0,0,0,9.400000000000034,307.6,53397.0,0.17,1099.25
5377,H34790,0,302.8,312.3,1336,57.5,187,0,0,0,0,0,0,9.5,307.55,76820.0,0.04,1112.96
5378,L52557,1,302.9,312.4,2030,19.1,192,0,0,0,0,0,0,9.5,307.65,38773.0,0.12,1293.28
5379,L52558,1,302.9,312.4,1550,36.9,194,0,0,0,0,0,0,9.5,307.65,57195.0,0.15,1082.85
5380,L52559,1,302.9,312.4,1446,41.7,196,0,0,0,0,0,0,9.5,307.65,60298.200000000004,0.01,957.21
5381,L52560,1,302.8,312.3,1494,37.5,198,0,0,0,0,0,0,9.5,307.55,56025.0,0.18,1045.49
5382,L52561,1,302.8,312.4,1651,27.0,200,0,0,0,0,0,0,9.599999999999966,307.6,44577.0,0.23,1329.77
5383,L52562,1,302.9,312.4,1698,33.8,202,0,0,0,0,0,0,9.5,307.65,57392.399999999994,0.29,1453.9
5384,L52563,1,302.8,312.3,1504,40.3,204,0,0,0,0,0,0,9.5,307.55,60611.2,0.06,789.2
5385,M20244,2,302.9,312.4,1421,46.0,206,0,0,0,0,0,0,9.5,307.65,65366.0,0.06,1030.48
5386,H34799,0,302.9,312.3,1754,26.9,209,0,0,0,0,0,0,9.400000000000034,307.6,47182.6,0.09,952.98
5387,L52566,1,302.9,312.2,1469,42.0,214,0,0,0,0,0,0,9.300000000000011,307.54999999999995,61698.0,0.27,1362.64
5388,L52567,1,302.8,312.2,1433,50.0,216,0,0,0,0,0,0,9.399999999999977,307.5,71650.0,0.12,1014.31
5389,M20248,2,302.8,312.3,1432,49.0,218,0,0,0,0,0,0,9.5,307.55,70168.0,0.09,981.98
5390,L52569,1,302.8,312.3,1366,49.1,221,0,0,0,0,0,0,9.5,307.55,67070.6,0.22,1493.53
5391,H34804,0,302.8,312.3,1483,47.2,223,0,0,0,0,0,0,9.5,307.55,69997.6,0.01,1100.16
5392,L52571,1,302.7,312.2,1572,34.4,228,0,0,0,0,0,0,9.5,307.45,54076.799999999996,0.16,1291.01
5393,L52572,1,302.8,312.2,1481,40.2,230,0,0,0,0,0,0,9.399999999999977,307.5,59536.200000000004,0.14,1354.75
5394,L52573,1,302.8,312.3,1473,42.6,232,0,0,0,0,0,0,9.5,307.55,62749.8,0.19,1495.62
5395,M20254,2,302.8,312.3,1262,70.5,234,1,0,0,1,1,0,9.5,307.55,88971.0,6.23,7337.21
5396,L52575,1,302.8,312.4,1529,36.8,237,0,0,0,0,0,0,9.599999999999966,307.6,56267.2,0.1,1225.55
5397,L52576,1,302.8,312.4,1523,39.7,239,0,0,0,0,0,0,9.599999999999966,307.6,60463.100000000006,0.19,1326.19
5398,M20257,2,302.8,312.3,1416,42.7,241,0,0,0,0,0,0,9.5,307.55,60463.200000000004,0.16,1527.23
5399,L52578,1,302.9,312.4,1923,23.9,244,0,0,0,0,0,0,9.5,307.65,45959.7,0.04,1249.78
5400,H34813,0,302.8,312.4,1411,53.8,246,1,0,0,0,1,0,9.599999999999966,307.6,75911.8,8.95,10136.34
5401,L52580,1,302.7,312.4,1477,46.3,251,1,0,0,0,1,0,9.699999999999989,307.54999999999995,68385.09999999999,7.75,9063.63
5402,M20261,2,302.6,312.3,1454,54.8,253,1,1,0,0,1,0,9.699999999999989,307.45000000000005,79679.2,2.59,4129.69
5403,L52582,1,302.7,312.3,1421,48.5,0,0,0,0,0,0,0,9.600000000000023,307.5,68918.5,0.22,231.14
5404,L52583,1,302.7,312.3,1858,25.4,2,0,0,0,0,0,0,9.600000000000023,307.5,47193.2,0.07,39.58
5405,H34818,0,302.8,312.5,1422,46.1,4,0,0,0,0,0,0,9.699999999999989,307.65,65554.2,0.13,441.45
5406,L52585,1,302.7,312.4,1444,48.7,9,0,0,0,0,0,0,9.699999999999989,307.54999999999995,70322.8,0.12,364.47
5407,L52586,1,302.7,312.4,1360,47.8,11,0,0,0,0,0,0,9.699999999999989,307.54999999999995,65007.99999999999,0.01,242.72
5408,L52587,1,302.7,312.4,1954,24.8,13,0,0,0,0,0,0,9.699999999999989,307.54999999999995,48459.200000000004,0.12,109.9
5409,L52588,1,302.6,312.4,1628,33.0,15,0,0,0,0,0,0,9.799999999999955,307.5,53724.0,0.1,85.03
5410,L52589,1,302.7,312.4,1433,44.2,17,0,0,0,0,0,0,9.699999999999989,307.54999999999995,63338.600000000006,0.0,0.0
5411,M20270,2,302.7,312.5,1417,51.5,19,0,0,0,0,0,0,9.800000000000011,307.6,72975.5,0.25,489.74
5412,L52591,1,302.8,312.6,1462,39.4,22,0,0,0,0,0,0,9.800000000000011,307.70000000000005,57602.799999999996,0.04,161.55
5413,L52592,1,302.9,312.6,1328,59.9,24,0,0,0,0,0,0,9.700000000000045,307.75,79547.2,0.15,0.0
5414,H34827,0,302.7,312.5,1527,36.4,26,0,0,0,0,0,0,9.800000000000011,307.6,55582.799999999996,0.24,550.28
5415,L52594,1,302.6,312.3,1534,34.3,31,0,0,0,0,0,0,9.699999999999989,307.45000000000005,52616.2,0.18,284.4
5416,M20275,2,302.6,312.4,1410,50.3,33,0,0,0,0,0,0,9.799999999999955,307.5,70923.0,0.05,182.89
5417,L52596,1,302.6,312.3,1660,30.3,36,0,0,0,0,0,0,9.699999999999989,307.45000000000005,50298.0,0.19,143.05
5418,L52597,1,302.6,312.4,1386,45.8,38,0,0,0,0,0,0,9.799999999999955,307.5,63478.799999999996,0.23,493.83
5419,L52598,1,302.6,312.4,1398,41.6,40,0,0,0,0,0,0,9.799999999999955,307.5,58156.8,0.26,535.27
5420,L52599,1,302.6,312.3,1321,53.4,42,0,0,0,0,0,0,9.699999999999989,307.45000000000005,70541.4,0.1,302.8
5421,L52600,1,302.6,312.3,1512,34.2,44,0,0,0,0,0,0,9.699999999999989,307.45000000000005,51710.4,0.01,167.26
5422,M20281,2,302.6,312.3,1566,36.6,46,0,0,0,0,0,0,9.699999999999989,307.45000000000005,57315.600000000006,0.18,803.97
5423,M20282,2,302.7,312.4,1422,44.5,49,0,0,0,0,0,0,9.699999999999989,307.54999999999995,63279.0,0.07,134.49
5424,L52603,1,302.6,312.3,1647,31.8,52,0,0,0,0,0,0,9.699999999999989,307.45000000000005,52374.6,0.23,381.78
5425,L52604,1,302.6,312.2,1377,45.5,54,0,0,0,0,0,0,9.599999999999966,307.4,62653.5,0.2,576.24
5426,L52605,1,302.5,312.2,1775,27.9,56,0,0,0,0,0,0,9.699999999999989,307.35,49522.5,0.23,357.83
5427,L52606,1,302.6,312.3,1554,42.0,58,0,0,0,0,0,0,9.699999999999989,307.45000000000005,65268.0,0.29,416.77
5428,L52607,1,302.7,312.4,1423,51.9,60,0,0,0,0,0,0,9.699999999999989,307.54999999999995,73853.7,0.18,649.73
5429,L52608,1,302.7,312.4,1453,47.3,62,0,0,0,0,0,0,9.699999999999989,307.54999999999995,68726.9,0.27,670.78
5430,L52609,1,302.8,312.4,1590,34.4,64,0,0,0,0,0,0,9.599999999999966,307.6,54696.0,0.19,582.62
5431,L52610,1,302.8,312.5,1694,28.4,66,0,0,0,0,0,0,9.699999999999989,307.65,48109.6,0.05,407.27
5432,L52611,1,302.8,312.5,1462,43.4,68,0,0,0,0,0,0,9.699999999999989,307.65,63450.799999999996,0.24,476.18
5433,L52612,1,302.8,312.4,1392,46.2,70,0,0,0,0,0,0,9.599999999999966,307.6,64310.4,0.21,522.1
5434,L52613,1,302.9,312.5,1550,45.5,72,0,0,0,0,0,0,9.600000000000023,307.7,70525.0,0.29,638.14
5435,L52614,1,302.9,312.5,1629,30.4,74,0,0,0,0,0,0,9.600000000000023,307.7,49521.6,0.07,566.93
5436,M20295,2,303.0,312.5,1524,42.1,76,0,0,0,0,0,0,9.5,307.75,64160.4,0.1,543.88
5437,M20296,2,302.9,312.5,1679,30.9,79,0,0,0,0,0,0,9.600000000000023,307.7,51881.1,0.25,505.82
5438,M20297,2,302.9,312.6,1394,46.4,82,0,0,0,0,0,0,9.700000000000045,307.75,64681.6,0.02,548.43
5439,L52618,1,302.9,312.5,1683,32.1,85,0,0,0,0,0,0,9.600000000000023,307.7,54024.3,0.19,363.22
5440,L52619,1,303.0,312.5,1626,30.5,87,0,0,0,0,0,0,9.5,307.75,49593.0,0.16,546.94
5441,H34854,0,303.0,312.5,1698,30.0,89,0,0,0,0,0,0,9.5,307.75,50940.0,0.05,323.69
5442,M20301,2,303.0,312.6,1392,42.9,94,0,0,0,0,0,0,9.600000000000023,307.8,59716.799999999996,0.05,391.43
5443,L52622,1,303.1,312.7,1353,51.8,97,0,0,0,0,0,0,9.599999999999966,307.9,70085.4,0.24,1013.99
5444,M20303,2,303.0,312.7,1426,46.8,99,0,0,0,0,0,0,9.699999999999989,307.85,66736.8,0.0,274.4
5445,L52624,1,303.0,312.7,2024,19.9,102,0,0,0,0,0,0,9.699999999999989,307.85,40277.6,0.22,607.12
5446,M20305,2,303.0,312.8,1648,32.1,104,0,0,0,0,0,0,9.800000000000011,307.9,52900.8,0.22,816.56
5447,L52626,1,303.1,312.9,1511,40.1,107,0,0,0,0,0,0,9.799999999999955,308.0,60591.1,0.19,654.5
5448,L52627,1,303.1,312.8,1465,44.1,109,0,0,0,0,0,0,9.699999999999989,307.95000000000005,64606.5,0.12,688.33
5449,L52628,1,303.0,312.7,1551,41.8,111,0,0,0,0,0,0,9.699999999999989,307.85,64831.799999999996,0.01,779.43
5450,L52629,1,303.1,312.8,2329,15.1,113,0,0,0,0,0,0,9.699999999999989,307.95000000000005,35167.9,0.24,903.19
5451,H34864,0,303.1,312.8,1435,41.9,115,0,0,0,0,0,0,9.699999999999989,307.95000000000005,60126.5,0.04,544.7
5452,L52631,1,303.0,312.7,1361,48.8,120,0,0,0,0,0,0,9.699999999999989,307.85,66416.8,0.08,659.94
5453,M20312,2,303.0,312.7,1553,35.8,122,0,0,0,0,0,0,9.699999999999989,307.85,55597.399999999994,0.28,969.59
5454,L52633,1,303.0,312.6,1451,42.1,125,0,0,0,0,0,0,9.600000000000023,307.8,61087.1,0.09,810.25
5455,L52634,1,303.0,312.5,1461,40.2,127,0,0,0,0,0,0,9.5,307.75,58732.200000000004,0.08,718.11
5456,M20315,2,303.1,312.6,1895,23.5,129,0,0,0,0,0,0,9.5,307.85,44532.5,0.29,989.09
5457,M20316,2,303.1,312.6,1567,32.9,132,0,0,0,0,0,0,9.5,307.85,51554.299999999996,0.03,744.24
5458,M20317,2,303.0,312.5,1602,33.7,135,0,0,0,0,0,0,9.5,307.75,53987.4,0.05,711.17
5459,L52638,1,303.1,312.6,1514,42.1,138,0,0,0,0,0,0,9.5,307.85,63739.4,0.13,729.21
5460,L52639,1,303.1,312.5,1453,49.1,140,0,0,0,0,0,0,9.399999999999977,307.8,71342.3,0.24,1051.39
5461,M20320,2,303.0,312.4,1526,36.1,142,0,0,0,0,0,0,9.399999999999977,307.7,55088.6,0.27,1023.77
5462,M20321,2,302.9,312.3,1339,52.1,145,0,0,0,0,0,0,9.400000000000034,307.6,69761.90000000001,0.23,642.85
5463,L52642,1,302.9,312.3,1889,22.8,148,0,0,0,0,0,0,9.400000000000034,307.6,43069.200000000004,0.29,906.12
5464,L52643,1,302.9,312.4,1561,34.8,150,0,0,0,0,0,0,9.5,307.65,54322.799999999996,0.01,687.9
5465,M20324,2,302.9,312.4,1659,33.1,152,0,0,0,0,0,0,9.5,307.65,54912.9,0.19,919.83
5466,L52645,1,302.9,312.4,1424,49.5,155,0,0,0,0,0,0,9.5,307.65,70488.0,0.03,985.59
5467,M20326,2,302.9,312.3,1426,44.7,157,0,0,0,0,0,0,9.400000000000034,307.6,63742.200000000004,0.27,1535.35
5468,L52647,1,302.9,312.4,1383,51.4,160,0,0,0,0,0,0,9.5,307.65,71086.2,0.28,711.18
5469,L52648,1,302.8,312.3,1764,29.9,162,0,0,0,0,0,0,9.5,307.55,52743.6,0.09,945.66
5470,M20329,2,302.7,312.2,1439,42.5,164,0,0,0,0,0,0,9.5,307.45,61157.5,0.25,1080.44
5471,M20330,2,302.7,312.2,1585,35.5,167,0,0,0,0,0,0,9.5,307.45,56267.5,0.19,997.93
5472,L52651,1,302.7,312.3,1346,61.2,170,0,0,0,0,0,1,9.600000000000023,307.5,82375.2,2.62,3551.44
5473,L52652,1,302.8,312.3,1386,57.8,172,0,0,0,0,0,0,9.5,307.55,80110.8,0.18,1062.47
5474,L52653,1,302.7,312.2,1369,51.8,174,0,0,0,0,0,0,9.5,307.45,70914.2,0.29,1105.78
5475,M20334,2,302.7,312.1,1378,46.9,176,0,0,0,0,0,0,9.400000000000034,307.4,64628.2,0.09,974.39
5476,L52655,1,302.7,312.2,1336,46.8,179,0,0,0,0,0,0,9.5,307.45,62524.799999999996,0.0,978.48
5477,M20336,2,302.6,312.1,1445,42.0,181,0,0,0,0,0,0,9.5,307.35,60690.0,0.29,1264.22
5478,L52657,1,302.7,312.1,1763,26.5,184,0,0,0,0,0,0,9.400000000000034,307.4,46719.5,0.12,1068.29
5479,L52658,1,302.7,312.2,1611,34.1,186,0,0,0,0,0,0,9.5,307.45,54935.100000000006,0.13,972.48
5480,M20339,2,302.7,312.1,1564,32.1,188,0,0,0,0,0,0,9.400000000000034,307.4,50204.4,0.21,1572.87
5481,H34894,0,302.7,312.1,1478,36.0,191,0,0,0,0,0,0,9.400000000000034,307.4,53208.0,0.18,1188.93
5482,L52661,1,302.6,312.0,1781,28.5,196,0,0,0,0,0,0,9.399999999999977,307.3,50758.5,0.09,1184.37
5483,L52662,1,302.6,312.1,1782,26.8,198,0,0,0,0,0,0,9.5,307.35,47757.6,0.03,943.83
5484,M20343,2,302.6,312.1,2000,21.9,200,0,0,0,0,0,0,9.5,307.35,43800.0,0.25,1278.44
5485,M20344,2,302.5,312.0,1826,25.3,203,0,0,0,0,0,0,9.5,307.25,46197.8,0.15,1192.24
5486,L52665,1,302.6,312.1,1344,51.0,206,0,0,0,0,0,0,9.5,307.35,68544.0,0.2,943.21
5487,L52666,1,302.6,312.2,1520,43.0,208,0,0,0,0,0,0,9.599999999999966,307.4,65360.0,0.26,1192.5
5488,M20347,2,302.6,312.1,1611,39.9,210,0,0,0,0,0,0,9.5,307.35,64278.899999999994,0.01,949.73
5489,L52668,1,302.7,312.2,1450,52.1,213,1,0,0,0,1,0,9.5,307.45,75545.0,7.21,8184.93
5490,L52669,1,302.6,312.1,1499,35.0,215,0,0,0,0,0,1,9.5,307.35,52465.0,2.42,3334.52
5491,L52670,1,302.6,312.1,1288,68.5,0,1,0,0,1,0,0,9.5,307.35,88228.0,5.8,5806.58
5492,M20351,2,302.7,312.2,1350,58.6,2,0,0,0,0,0,0,9.5,307.45,79110.0,0.07,289.6
5493,M20352,2,302.9,312.4,1334,50.9,5,0,0,0,0,0,0,9.5,307.65,67900.59999999999,0.1,144.57
5494,L52673,1,302.8,312.4,1376,57.1,8,0,0,0,0,0,0,9.599999999999966,307.6,78569.6,0.2,62.81
5495,L52674,1,302.8,312.4,1368,49.5,10,0,0,0,0,0,0,9.599999999999966,307.6,67716.0,0.28,175.36
5496,H34909,0,302.9,312.5,1357,55.0,12,0,0,0,0,0,1,9.600000000000023,307.7,74635.0,3.28,3283.44
5497,M20356,2,302.9,312.5,1924,24.0,17,0,0,0,0,0,0,9.600000000000023,307.7,46176.0,0.13,2.66
5498,M20357,2,302.9,312.5,1551,40.0,20,0,0,0,0,0,0,9.600000000000023,307.7,62040.0,0.16,305.67
5499,M20358,2,302.9,312.5,1903,21.2,23,0,0,0,0,0,0,9.600000000000023,307.7,40343.6,0.05,367.96
5500,H34913,0,302.9,312.3,1417,48.7,26,0,0,0,0,0,0,9.400000000000034,307.6,69007.90000000001,0.21,253.61
5501,L52680,1,302.7,312.1,1601,35.2,31,0,0,0,0,0,0,9.400000000000034,307.4,56355.200000000004,0.25,416.42
5502,L52681,1,302.7,312.1,1543,37.5,33,0,0,0,0,0,0,9.400000000000034,307.4,57862.5,0.24,340.66
5503,L52682,1,302.6,312.1,1439,52.3,35,0,0,0,0,0,0,9.5,307.35,75259.7,0.1,180.56
5504,H34917,0,302.6,312.0,1657,29.3,37,0,0,0,0,0,0,9.399999999999977,307.3,48550.1,0.29,503.44
5505,L52684,1,302.8,312.2,1458,51.0,42,0,0,0,0,0,0,9.399999999999977,307.5,74358.0,0.04,150.5
5506,L52685,1,302.8,312.2,1746,27.4,44,0,0,0,0,0,0,9.399999999999977,307.5,47840.399999999994,0.15,248.74
5507,L52686,1,302.9,312.2,1677,30.5,46,0,0,0,0,0,0,9.300000000000011,307.54999999999995,51148.5,0.17,157.11
5508,L52687,1,302.8,312.1,1520,39.9,48,0,0,0,0,0,0,9.300000000000011,307.45000000000005,60648.0,0.16,409.69
5509,L52688,1,302.9,312.2,1367,55.1,50,0,0,0,0,0,0,9.300000000000011,307.54999999999995,75321.7,0.23,640.05
5510,L52689,1,302.8,312.2,1509,36.5,52,0,0,0,0,0,1,9.399999999999977,307.5,55078.5,3.34,3706.1
5511,L52690,1,302.8,312.1,1418,51.4,54,0,0,0,0,0,0,9.300000000000011,307.45000000000005,72885.2,0.02,513.8
5512,L52691,1,302.8,312.1,1958,20.3,56,0,0,0,0,0,0,9.300000000000011,307.45000000000005,39747.4,0.05,228.82
5513,L52692,1,302.8,312.2,1682,30.9,58,0,0,0,0,0,0,9.399999999999977,307.5,51973.799999999996,0.16,577.62
5514,M20373,2,302.8,312.2,1452,50.3,60,0,0,0,0,0,0,9.399999999999977,307.5,73035.59999999999,0.21,344.61
5515,L52694,1,302.7,312.0,1828,24.0,63,0,0,0,0,0,0,9.300000000000011,307.35,43872.0,0.15,571.39
5516,H34929,0,302.7,312.0,1484,41.5,65,0,0,0,0,0,0,9.300000000000011,307.35,61586.0,0.11,681.63
5517,L52696,1,302.6,312.0,1674,32.2,70,0,0,0,0,0,0,9.399999999999977,307.3,53902.8,0.02,444.76
5518,L52697,1,302.6,311.9,1448,49.5,72,0,0,0,0,0,0,9.299999999999955,307.25,71676.0,0.24,849.27
5519,M20378,2,302.5,311.8,2023,19.1,74,0,0,0,0,0,0,9.300000000000011,307.15,38639.3,0.15,430.19
5520,L52699,1,302.5,311.9,1452,47.4,77,0,0,0,0,0,0,9.399999999999977,307.2,68824.8,0.16,524.87
5521,M20380,2,302.6,312.0,1496,45.0,79,0,0,0,0,0,0,9.399999999999977,307.3,67320.0,0.14,397.65
5522,L52701,1,302.6,311.9,1397,46.9,82,0,0,0,0,0,0,9.299999999999955,307.25,65519.299999999996,0.08,495.22
5523,L52702,1,302.6,311.9,1453,39.1,84,0,0,0,0,0,0,9.299999999999955,307.25,56812.3,0.08,540.45
5524,M20383,2,302.5,311.9,1524,34.8,86,0,0,0,0,0,0,9.399999999999977,307.2,53035.2,0.02,453.91
5525,L52704,1,302.6,311.9,1633,30.9,89,0,0,0,0,0,0,9.299999999999955,307.25,50459.7,0.21,583.88
5526,M20385,2,302.6,312.0,1363,45.7,91,0,0,0,0,0,0,9.399999999999977,307.3,62289.100000000006,0.08,461.39
5527,L52706,1,302.5,311.9,1520,44.9,94,0,0,0,0,0,0,9.399999999999977,307.2,68248.0,0.09,611.78
5528,M20387,2,302.5,311.9,1532,38.8,96,0,0,0,0,0,0,9.399999999999977,307.2,59441.6,0.3,756.11
5529,L52708,1,302.4,311.8,1384,50.9,99,0,0,0,0,0,0,9.400000000000034,307.1,70445.59999999999,0.12,442.23
5530,M20389,2,302.4,311.8,1539,39.9,101,0,0,0,0,0,0,9.400000000000034,307.1,61406.1,0.15,370.41
5531,M20390,2,302.3,311.8,1355,50.1,104,0,0,0,0,0,0,9.5,307.05,67885.5,0.12,550.68
5532,M20391,2,302.3,311.7,1504,37.3,107,0,0,0,0,0,0,9.399999999999977,307.0,56099.2,0.09,417.66
5533,L52712,1,302.4,311.8,1476,46.6,110,0,0,0,0,0,0,9.400000000000034,307.1,68781.6,0.0,424.66
5534,L52713,1,302.4,311.7,1721,26.9,112,0,0,0,0,0,0,9.300000000000011,307.04999999999995,46294.899999999994,0.26,756.5
5535,M20394,2,302.3,311.7,1494,37.1,114,0,0,0,0,0,0,9.399999999999977,307.0,55427.4,0.14,688.09
5536,L52715,1,302.3,311.7,1465,43.5,117,0,0,0,0,0,0,9.399999999999977,307.0,63727.5,0.22,705.1
5537,M20396,2,302.3,311.8,1363,54.0,119,1,0,0,0,0,0,9.5,307.05,73602.0,0.29,1213.68
5538,L52717,1,302.4,311.8,1648,30.0,122,0,0,0,0,0,0,9.400000000000034,307.1,49440.0,0.0,420.83
5539,M20398,2,302.3,311.8,1879,23.0,124,0,0,0,0,0,0,9.5,307.05,43217.0,0.2,1001.38
5540,H34953,0,302.3,311.7,1482,39.0,127,0,0,0,0,0,0,9.399999999999977,307.0,57798.0,0.04,650.61
5541,L52720,1,302.4,311.8,1493,38.4,132,0,0,0,0,0,0,9.400000000000034,307.1,57331.2,0.14,701.37
5542,L52721,1,302.4,311.8,1433,42.2,134,0,0,0,0,0,0,9.400000000000034,307.1,60472.600000000006,0.25,1008.14
5543,L52722,1,302.3,311.7,1400,41.6,136,0,0,0,0,0,0,9.399999999999977,307.0,58240.0,0.02,632.07
5544,L52723,1,302.4,311.8,1255,59.0,138,0,0,0,0,0,0,9.400000000000034,307.1,74045.0,0.3,868.96
5545,L52724,1,302.2,311.7,1471,45.6,140,0,0,0,0,0,0,9.5,306.95,67077.6,0.17,1138.47
5546,H34959,0,302.2,311.6,1357,44.2,142,0,0,0,0,0,0,9.400000000000034,306.9,59979.4,0.12,500.83
5547,L52726,1,302.3,311.7,1453,41.2,147,0,0,0,0,0,0,9.399999999999977,307.0,59863.600000000006,0.01,708.27
5548,M20407,2,302.3,311.7,1540,28.9,149,0,0,0,0,0,0,9.399999999999977,307.0,44506.0,0.18,953.51
5549,L52728,1,302.3,311.8,1605,35.2,152,0,0,0,0,0,0,9.5,307.05,56496.00000000001,0.15,1121.2
5550,H34963,0,302.3,311.9,1374,52.4,154,0,0,0,0,0,0,9.599999999999966,307.1,71997.59999999999,0.06,770.24
5551,M20410,2,302.3,311.9,1508,42.3,159,0,0,0,0,0,0,9.599999999999966,307.1,63788.399999999994,0.15,1344.15
5552,H34965,0,302.4,311.9,1366,47.3,162,0,0,0,0,0,0,9.5,307.15,64611.799999999996,0.0,923.87
5553,H34966,0,302.5,312.0,1579,35.7,167,0,0,0,0,0,0,9.5,307.25,56370.3,0.3,779.91
5554,L52733,1,302.5,311.9,1306,59.7,172,0,0,0,0,0,1,9.399999999999977,307.2,77968.2,2.49,3131.95
5555,M20414,2,302.5,312.0,1521,40.2,174,0,0,0,0,0,0,9.5,307.25,61144.200000000004,0.14,1045.54
5556,L52735,1,302.5,312.0,1411,44.2,177,0,0,0,0,0,0,9.5,307.25,62366.200000000004,0.24,953.42
5557,H34970,0,302.5,312.0,1357,42.0,179,0,0,0,0,0,0,9.5,307.25,56994.0,0.21,1187.17
5558,M20417,2,302.5,312.0,1436,43.5,184,0,0,0,0,0,0,9.5,307.25,62466.0,0.27,1121.94
5559,L52738,1,302.5,311.9,1553,40.1,187,0,0,0,0,0,0,9.399999999999977,307.2,62275.3,0.28,1035.6
5560,M20419,2,302.5,312.0,1451,43.2,189,0,0,0,0,0,0,9.5,307.25,62683.200000000004,0.06,860.31
5561,L52740,1,302.4,311.9,1541,37.9,192,0,0,0,0,0,0,9.5,307.15,58403.899999999994,0.12,1207.79
5562,M20421,2,302.3,311.7,1341,46.3,194,0,0,0,0,0,0,9.399999999999977,307.0,62088.299999999996,0.21,876.56
5563,L52742,1,302.3,311.7,1648,32.1,197,0,0,0,0,0,0,9.399999999999977,307.0,52900.8,0.01,1151.79
5564,M20423,2,302.3,311.7,1640,31.5,199,0,0,0,0,0,0,9.399999999999977,307.0,51660.0,0.22,1376.18
5565,L52744,1,302.4,311.8,1416,46.1,202,0,0,0,0,0,0,9.400000000000034,307.1,65277.6,0.0,960.29
5566,L52745,1,302.4,311.9,1671,29.9,204,0,0,0,0,0,0,9.5,307.15,49962.899999999994,0.27,1079.33
5567,L52746,1,302.4,312.0,1457,45.5,206,0,0,0,0,0,0,9.600000000000023,307.2,66293.5,0.22,1333.38
5568,M20427,2,302.5,312.0,1445,54.8,0,0,0,0,0,0,0,9.5,307.25,79186.0,0.17,97.05
5569,L52748,1,302.5,312.1,1534,38.6,3,0,0,0,0,0,0,9.600000000000023,307.3,59212.4,0.13,0.0
5570,L52749,1,302.4,312.0,1508,36.9,5,0,0,0,0,0,0,9.600000000000023,307.2,55645.2,0.3,611.37
5571,M20430,2,302.4,312.1,1492,47.7,7,0,0,0,0,0,0,9.700000000000045,307.25,71168.40000000001,0.22,122.34
5572,L52751,1,302.4,312.0,1562,37.9,10,0,0,0,0,0,0,9.600000000000023,307.2,59199.799999999996,0.24,69.18
5573,L52752,1,302.4,312.0,1545,36.4,12,0,0,0,0,0,0,9.600000000000023,307.2,56238.0,0.25,352.76
5574,L52753,1,302.5,312.2,1738,25.3,14,0,0,0,0,0,0,9.699999999999989,307.35,43971.4,0.01,69.82
5575,L52754,1,302.4,312.0,1305,49.1,16,0,0,0,0,0,0,9.600000000000023,307.2,64075.5,0.02,322.93
5576,H34989,0,302.4,312.0,1477,39.7,18,0,0,0,0,0,0,9.600000000000023,307.2,58636.9,0.06,92.92
5577,H34990,0,302.4,312.0,1457,43.4,23,0,0,0,0,0,0,9.600000000000023,307.2,63233.799999999996,0.2,259.51
5578,L52757,1,302.4,312.1,1455,40.4,28,0,0,0,0,0,0,9.700000000000045,307.25,58782.0,0.19,380.28
5579,L52758,1,302.5,312.2,1574,38.7,30,0,0,0,0,0,0,9.699999999999989,307.35,60913.8,0.1,279.93
5580,L52759,1,302.6,312.2,1695,27.1,32,0,0,0,0,0,0,9.599999999999966,307.4,45934.5,0.29,484.51
5581,M20440,2,302.6,312.2,1458,38.8,34,0,0,0,0,0,0,9.599999999999966,307.4,56570.399999999994,0.03,240.79
5582,M20441,2,302.5,312.1,1454,47.6,37,0,0,0,0,0,0,9.600000000000023,307.3,69210.40000000001,0.23,439.69
5583,L52762,1,302.5,312.0,2052,18.9,40,0,0,0,0,0,0,9.5,307.25,38782.799999999996,0.14,277.53
5584,L52763,1,302.5,312.0,1673,29.9,42,0,0,0,0,0,0,9.5,307.25,50022.7,0.13,464.9
5585,L52764,1,302.4,311.9,1578,29.9,44,0,0,0,0,0,0,9.5,307.15,47182.2,0.01,176.02
5586,M20445,2,302.5,312.0,1642,29.1,46,0,0,0,0,0,0,9.5,307.25,47782.200000000004,0.22,570.65
5587,M20446,2,302.4,311.8,1557,31.5,49,0,0,0,0,0,0,9.400000000000034,307.1,49045.5,0.23,683.16
5588,L52767,1,302.5,311.9,1481,42.9,52,0,0,0,0,0,0,9.399999999999977,307.2,63534.9,0.1,258.37
5589,M20448,2,302.5,311.8,1566,37.6,54,0,0,0,0,0,0,9.300000000000011,307.15,58881.600000000006,0.16,790.67
5590,M20449,2,302.5,311.9,1298,57.5,57,0,0,0,0,0,0,9.399999999999977,307.2,74635.0,0.18,358.11
5591,M20450,2,302.5,311.9,1340,59.4,60,0,0,0,0,0,0,9.399999999999977,307.2,79596.0,0.11,304.19
5592,L52771,1,302.5,312.0,1574,33.8,63,0,0,0,0,0,0,9.5,307.25,53201.2,0.18,576.0
5593,L52772,1,302.5,311.9,1437,46.7,65,0,0,0,0,0,0,9.399999999999977,307.2,67107.90000000001,0.13,521.23
5594,L52773,1,302.6,311.9,1354,48.0,67,0,0,0,0,0,0,9.299999999999955,307.25,64992.0,0.26,605.77
5595,L52774,1,302.6,311.9,1598,35.5,69,0,0,0,0,0,0,9.299999999999955,307.25,56729.0,0.22,687.74
5596,M20455,2,302.7,312.0,1944,21.4,71,0,0,0,0,0,0,9.300000000000011,307.35,41601.6,0.03,422.89
5597,M20456,2,302.7,312.0,1538,36.7,74,0,0,0,0,0,0,9.300000000000011,307.35,56444.600000000006,0.24,919.86
5598,L52777,1,302.7,312.0,1501,37.0,77,0,0,0,0,0,0,9.300000000000011,307.35,55537.0,0.1,477.02
5599,L52778,1,302.8,312.1,1441,52.1,79,0,0,0,0,0,0,9.300000000000011,307.45000000000005,75076.1,0.28,546.83
5600,M20459,2,302.7,312.0,1652,31.0,81,0,0,0,0,0,0,9.300000000000011,307.35,51212.0,0.18,502.24
5601,L52780,1,302.8,312.1,1487,36.6,84,0,0,0,0,0,0,9.300000000000011,307.45000000000005,54424.200000000004,0.01,500.7
5602,L52781,1,302.9,312.2,1605,33.9,86,0,0,0,0,0,0,9.300000000000011,307.54999999999995,54409.5,0.22,722.89
5603,L52782,1,302.9,312.1,1334,54.7,88,0,0,0,0,0,0,9.200000000000045,307.5,72969.8,0.04,510.97
5604,L52783,1,302.9,312.2,1340,57.8,90,0,0,0,0,0,0,9.300000000000011,307.54999999999995,77452.0,0.26,582.57
5605,L52784,1,302.9,312.2,1513,37.8,92,0,0,0,0,0,0,9.300000000000011,307.54999999999995,57191.399999999994,0.28,906.3
5606,L52785,1,302.9,312.2,1510,41.4,94,0,0,0,0,0,0,9.300000000000011,307.54999999999995,62514.0,0.21,970.55
5607,L52786,1,302.9,312.2,1729,23.6,96,0,0,0,0,0,0,9.300000000000011,307.54999999999995,40804.4,0.16,644.38
5608,M20467,2,302.9,312.2,1745,25.5,98,0,0,0,0,0,0,9.300000000000011,307.54999999999995,44497.5,0.18,941.59
5609,M20468,2,303.1,312.3,1623,31.6,101,0,0,0,0,0,0,9.199999999999989,307.70000000000005,51286.8,0.13,764.94
5610,M20469,2,303.1,312.4,1378,50.1,104,0,0,0,0,0,0,9.299999999999955,307.75,69037.8,0.03,882.8
5611,L52790,1,303.1,312.4,1407,41.2,107,0,0,0,0,0,0,9.299999999999955,307.75,57968.4,0.28,885.9
5612,M20471,2,303.0,312.3,1674,29.5,109,0,0,0,0,0,0,9.300000000000011,307.65,49383.0,0.1,665.49
5613,L52792,1,303.0,312.3,1486,42.4,112,0,0,0,0,0,0,9.300000000000011,307.65,63006.4,0.09,776.36
5614,M20473,2,303.0,312.3,1483,38.8,114,0,0,0,0,0,0,9.300000000000011,307.65,57540.399999999994,0.06,564.96
5615,H35028,0,303.0,312.2,1624,28.8,117,0,0,0,0,0,0,9.199999999999989,307.6,46771.200000000004,0.3,946.07
5616,M20475,2,303.0,312.2,1257,71.3,122,1,0,0,1,0,0,9.199999999999989,307.6,89624.09999999999,5.69,6499.61
5617,L52796,1,303.0,312.3,1480,41.4,125,0,0,0,0,0,0,9.300000000000011,307.65,61272.0,0.1,847.93
5618,L52797,1,303.1,312.4,1404,61.5,127,1,0,0,1,0,0,9.299999999999955,307.75,86346.0,5.92,6550.36
5619,M20478,2,303.0,312.4,1645,29.6,129,0,0,0,0,0,0,9.399999999999977,307.7,48692.0,0.24,915.06
5620,L52799,1,303.0,312.3,1932,21.9,132,0,0,0,0,0,0,9.300000000000011,307.65,42310.799999999996,0.13,903.65
5621,L52800,1,303.0,312.3,1533,38.5,134,0,0,0,0,0,0,9.300000000000011,307.65,59020.5,0.29,1068.67
5622,M20481,2,302.9,312.2,1292,54.4,136,0,0,0,0,0,0,9.300000000000011,307.54999999999995,70284.8,0.27,1062.51
5623,L52802,1,302.9,312.2,1571,40.6,139,0,0,0,0,0,0,9.300000000000011,307.54999999999995,63782.600000000006,0.23,975.92
5624,L52803,1,302.9,312.3,1578,36.3,141,0,0,0,0,0,0,9.400000000000034,307.6,57281.399999999994,0.03,611.32
5625,M20484,2,302.8,312.2,1469,36.9,143,0,0,0,0,0,0,9.399999999999977,307.5,54206.1,0.21,825.23
5626,L52805,1,302.7,312.1,1728,24.4,146,0,0,0,0,0,0,9.400000000000034,307.4,42163.2,0.3,1099.18
5627,H35040,0,302.7,312.1,1603,32.5,148,0,0,0,0,0,0,9.400000000000034,307.4,52097.5,0.11,974.72
5628,L52807,1,302.7,312.1,1597,39.8,153,0,0,0,0,0,0,9.400000000000034,307.4,63560.6,0.26,1130.29
5629,L52808,1,302.7,312.1,1688,32.0,155,0,0,0,0,0,0,9.400000000000034,307.4,54016.0,0.12,793.72
5630,L52809,1,302.7,312.2,1405,51.4,157,0,0,0,0,0,0,9.5,307.45,72217.0,0.29,1052.32
5631,M20490,2,302.8,312.2,1615,32.9,159,0,0,0,0,0,0,9.399999999999977,307.5,53133.5,0.2,818.86
5632,L52811,1,302.8,312.2,1515,36.8,162,0,0,0,0,0,0,9.399999999999977,307.5,55751.99999999999,0.03,631.29
5633,L52812,1,302.7,312.2,1376,52.8,164,0,0,0,0,0,0,9.5,307.45,72652.8,0.14,972.22
5634,L52813,1,302.7,312.2,1447,47.5,166,0,0,0,0,0,0,9.5,307.45,68732.5,0.01,1043.72
5635,M20494,2,302.6,312.2,1353,56.5,168,0,0,0,0,0,0,9.599999999999966,307.4,76444.5,0.12,974.97
5636,L52815,1,302.6,312.1,1502,47.3,171,0,0,0,0,0,0,9.5,307.35,71044.59999999999,0.27,1411.22
5637,L52816,1,302.6,312.0,1447,45.5,173,0,0,0,0,0,0,9.399999999999977,307.3,65838.5,0.07,910.38
5638,M20497,2,302.5,312.0,1487,46.1,175,0,0,0,0,0,0,9.5,307.25,68550.7,0.29,1169.68
5639,L52818,1,302.6,312.1,1519,38.1,178,0,0,0,0,0,0,9.5,307.35,57873.9,0.03,771.35
5640,L52819,1,302.6,312.1,1668,28.7,180,0,0,0,0,0,1,9.5,307.35,47871.6,3.47,4317.91
5641,L52820,1,302.6,312.1,1420,51.6,182,0,0,0,0,0,0,9.5,307.35,73272.0,0.29,1021.51
5642,L52821,1,302.6,312.1,1473,37.3,184,0,0,0,0,0,0,9.5,307.35,54942.899999999994,0.2,888.2
5643,L52822,1,302.5,312.0,1495,38.8,186,0,0,0,0,0,0,9.5,307.25,58005.99999999999,0.27,1024.06
5644,L52823,1,302.5,312.0,1574,42.0,188,0,0,0,0,0,0,9.5,307.25,66108.0,0.3,1252.79
5645,L52824,1,302.5,312.0,1383,51.3,190,0,0,0,0,0,0,9.5,307.25,70947.9,0.19,1029.49
5646,M20505,2,302.5,312.0,1591,29.4,192,0,0,0,0,0,0,9.5,307.25,46775.399999999994,0.23,1115.02
5647,M20506,2,302.4,311.8,1644,37.2,195,0,0,0,0,0,0,9.400000000000034,307.1,61156.8,0.01,1046.48
5648,H35061,0,302.5,311.8,2370,14.7,198,0,0,0,0,0,0,9.300000000000011,307.15,34839.0,0.13,887.68
5649,L52828,1,302.5,311.9,1401,44.9,203,0,0,0,0,0,0,9.399999999999977,307.2,62904.9,0.09,1117.16
5650,M20509,2,302.5,311.9,1414,51.6,205,0,0,0,0,0,0,9.399999999999977,307.2,72962.40000000001,0.25,1402.21
5651,L52830,1,302.5,312.0,1456,46.3,208,0,0,0,0,0,0,9.5,307.25,67412.8,0.2,1380.18
5652,M20511,2,302.5,312.0,1447,45.7,210,0,0,0,0,0,0,9.5,307.25,66127.90000000001,0.18,1307.49
5653,L52832,1,302.4,311.8,1727,26.5,213,0,0,0,0,0,0,9.400000000000034,307.1,45765.5,0.28,1337.17
5654,L52833,1,302.4,311.7,1495,36.8,215,0,0,0,0,0,0,9.300000000000011,307.04999999999995,55015.99999999999,0.03,1011.44
5655,L52834,1,302.3,311.6,1544,34.3,0,0,0,0,0,0,0,9.300000000000011,306.95000000000005,52959.2,0.29,277.65
5656,L52835,1,302.3,311.5,1387,47.3,2,0,0,0,0,0,0,9.199999999999989,306.9,65605.09999999999,0.03,288.02
5657,M20516,2,302.3,311.5,1316,47.2,4,0,0,0,0,0,0,9.199999999999989,306.9,62115.200000000004,0.1,160.96
5658,L52837,1,302.3,311.5,1794,26.1,7,0,0,0,0,0,0,9.199999999999989,306.9,46823.4,0.19,208.97
5659,M20518,2,302.2,311.4,1372,55.1,9,0,0,0,0,0,0,9.199999999999989,306.79999999999995,75597.2,0.1,229.55
5660,M20519,2,302.3,311.5,1674,30.0,12,0,0,0,0,0,0,9.199999999999989,306.9,50220.0,0.2,267.46
5661,L52840,1,302.2,311.4,1477,41.7,15,0,0,0,0,0,0,9.199999999999989,306.79999999999995,61590.9,0.23,338.87
5662,L52841,1,302.2,311.4,1397,53.0,17,0,0,0,0,0,0,9.199999999999989,306.79999999999995,74041.0,0.25,297.99
5663,L52842,1,302.2,311.5,1616,34.0,19,0,0,0,0,0,0,9.300000000000011,306.85,54944.0,0.05,82.76
5664,M20523,2,302.3,311.5,1530,42.3,21,0,0,0,0,0,0,9.199999999999989,306.9,64718.99999999999,0.05,304.4
5665,M20524,2,302.2,311.4,1539,35.1,24,0,0,0,0,0,0,9.199999999999989,306.79999999999995,54018.9,0.02,0.0
5666,L52845,1,302.3,311.4,1845,21.9,27,0,0,0,0,0,0,9.099999999999966,306.85,40405.5,0.15,356.79
5667,L52846,1,302.2,311.4,1430,43.1,29,0,0,0,0,0,0,9.199999999999989,306.79999999999995,61633.0,0.04,113.49
5668,L52847,1,302.2,311.4,2080,19.2,31,0,0,0,0,0,0,9.199999999999989,306.79999999999995,39936.0,0.1,0.0
5669,M20528,2,302.2,311.4,1432,45.3,33,0,0,0,0,0,0,9.199999999999989,306.79999999999995,64869.6,0.25,268.81
5670,M20529,2,302.2,311.5,1479,39.5,36,0,0,0,0,0,0,9.300000000000011,306.85,58420.5,0.28,454.59
5671,L52850,1,302.2,311.5,1424,45.2,39,0,0,0,0,0,0,9.300000000000011,306.85,64364.8,0.25,460.22
5672,H35085,0,302.2,311.6,1534,37.2,41,0,0,0,0,0,0,9.400000000000034,306.9,57064.8,0.0,316.0
5673,H35086,0,302.1,311.6,1701,26.2,46,0,0,0,0,0,0,9.5,306.85,44566.2,0.17,521.2
5674,L52853,1,302.2,311.6,1462,50.0,51,0,0,0,0,0,0,9.400000000000034,306.9,73100.0,0.05,72.99
5675,M20534,2,302.2,311.7,1393,42.5,53,0,0,0,0,0,0,9.5,306.95,59202.5,0.11,431.63
5676,M20535,2,302.3,311.7,1453,42.5,56,0,0,0,0,0,0,9.399999999999977,307.0,61752.5,0.13,519.28
5677,L52856,1,302.3,311.8,1565,37.8,59,0,0,0,0,0,0,9.5,307.05,59156.99999999999,0.28,607.84
5678,L52857,1,302.3,311.8,1281,51.7,61,0,0,0,0,0,0,9.5,307.05,66227.7,0.19,570.37
5679,M20538,2,302.2,311.7,1584,36.2,63,0,0,0,0,0,0,9.5,306.95,57340.8,0.08,105.12
5680,M20539,2,302.2,311.7,1466,49.0,66,0,0,0,0,0,0,9.5,306.95,71834.0,0.19,371.47
5681,M20540,2,302.2,311.6,1386,50.5,69,0,0,0,0,0,0,9.400000000000034,306.9,69993.0,0.29,839.91
5682,L52861,1,302.2,311.6,1383,44.3,72,0,0,0,0,0,0,9.400000000000034,306.9,61266.899999999994,0.02,338.04
5683,H35096,0,302.3,311.6,1441,53.9,74,0,0,0,0,0,0,9.300000000000011,306.95000000000005,77669.9,0.24,943.47
5684,M20543,2,302.2,311.6,1592,37.7,79,0,0,0,0,0,0,9.400000000000034,306.9,60018.4,0.07,273.24
5685,H35098,0,302.2,311.6,1594,36.8,82,0,0,0,0,0,0,9.400000000000034,306.9,58659.2,0.05,694.57
5686,L52865,1,302.2,311.5,1482,45.6,87,0,0,0,0,0,0,9.300000000000011,306.85,67579.2,0.27,613.39
5687,L52866,1,302.2,311.6,1658,31.4,89,0,0,0,0,0,0,9.400000000000034,306.9,52061.2,0.0,574.37
5688,L52867,1,302.3,311.7,2170,18.2,91,0,0,0,0,0,0,9.399999999999977,307.0,39494.0,0.22,630.69
5689,M20548,2,302.3,311.7,1423,44.6,93,0,0,0,0,0,0,9.399999999999977,307.0,63465.8,0.03,512.35
5690,L52869,1,302.4,311.8,1543,31.1,96,0,0,0,0,0,0,9.400000000000034,307.1,47987.3,0.19,759.33
5691,L52870,1,302.3,311.8,1435,44.8,98,0,0,0,0,0,0,9.5,307.05,64287.99999999999,0.19,588.0
5692,L52871,1,302.4,311.8,1320,56.4,100,0,0,0,0,0,0,9.400000000000034,307.1,74448.0,0.26,880.17
5693,M20552,2,302.4,311.9,1313,55.7,102,0,0,0,0,0,0,9.5,307.15,73134.1,0.25,720.12
5694,M20553,2,302.4,311.8,1453,42.1,105,0,0,0,0,0,0,9.400000000000034,307.1,61171.3,0.21,761.71
5695,L52874,1,302.4,311.8,1508,45.7,108,0,0,0,0,0,0,9.400000000000034,307.1,68915.6,0.11,253.22
5696,L52875,1,302.4,311.8,1451,42.0,110,0,0,0,0,0,0,9.400000000000034,307.1,60942.0,0.05,549.4
5697,H35110,0,302.5,311.9,1595,34.6,112,0,0,0,0,0,0,9.399999999999977,307.2,55187.0,0.19,939.53
5698,L52877,1,302.5,311.9,1354,49.4,117,0,0,0,0,0,0,9.399999999999977,307.2,66887.59999999999,0.15,839.2
5699,L52878,1,302.5,311.9,1265,59.8,119,0,0,0,0,0,0,9.399999999999977,307.2,75647.0,0.02,747.98
5700,L52879,1,302.4,311.9,1867,25.9,121,0,0,0,0,0,0,9.5,307.15,48355.299999999996,0.29,903.0
5701,L52880,1,302.5,311.9,1497,41.6,123,0,0,0,0,0,0,9.399999999999977,307.2,62275.200000000004,0.09,956.44
5702,M20561,2,302.5,311.9,1347,54.3,125,0,0,0,0,0,0,9.399999999999977,307.2,73142.09999999999,0.0,668.27
5703,L52882,1,302.3,311.7,1544,43.2,128,0,0,0,0,0,0,9.399999999999977,307.0,66700.8,0.27,810.98
5704,H35117,0,302.3,311.7,1456,45.4,130,0,0,0,0,0,0,9.399999999999977,307.0,66102.4,0.17,948.27
5705,L52884,1,302.5,311.8,1335,52.7,135,0,0,0,0,0,0,9.300000000000011,307.15,70354.5,0.22,1033.39
5706,L52885,1,302.4,311.9,1452,43.1,137,0,0,0,0,0,0,9.5,307.15,62581.200000000004,0.05,829.44
5707,L52886,1,302.4,311.9,1290,70.0,139,1,0,0,1,0,0,9.5,307.15,90300.0,6.81,7444.56
5708,L52887,1,302.4,311.8,1448,43.4,141,0,0,0,0,0,0,9.400000000000034,307.1,62843.2,0.19,937.22
5709,L52888,1,302.3,311.7,1611,38.6,143,0,0,0,0,0,0,9.399999999999977,307.0,62184.600000000006,0.08,1004.0
5710,L52889,1,302.2,311.7,1556,38.6,145,0,0,0,0,0,0,9.5,306.95,60061.600000000006,0.21,1006.63
5711,H35124,0,302.2,311.7,1413,46.5,147,0,0,0,0,0,0,9.5,306.95,65704.5,0.07,583.34
5712,L52891,1,302.2,311.6,1545,35.9,152,0,0,0,0,0,0,9.400000000000034,306.9,55465.5,0.06,725.69
5713,L52892,1,302.2,311.7,1330,54.6,154,0,0,0,0,0,0,9.5,306.95,72618.0,0.0,668.71
5714,L52893,1,302.2,311.9,1596,38.0,156,0,0,0,0,0,0,9.699999999999989,307.04999999999995,60648.0,0.08,746.85
5715,L52894,1,302.2,311.8,1618,36.0,158,0,0,0,0,0,0,9.600000000000023,307.0,58248.0,0.07,543.31
5716,H35129,0,302.2,311.9,1597,35.8,160,0,0,0,0,0,0,9.699999999999989,307.04999999999995,57172.6,0.23,1313.59
5717,L52896,1,302.3,312.0,1354,52.2,165,0,0,0,0,0,0,9.699999999999989,307.15,70678.8,0.17,863.56
5718,L52897,1,302.3,312.0,1746,28.1,167,0,0,0,0,0,0,9.699999999999989,307.15,49062.600000000006,0.05,764.41
5719,L52898,1,302.4,312.0,1621,32.5,169,0,0,0,0,0,0,9.600000000000023,307.2,52682.5,0.17,723.74
5720,L52899,1,302.3,312.0,1398,43.3,171,0,0,0,0,0,0,9.699999999999989,307.15,60533.399999999994,0.07,1054.96
5721,L52900,1,302.3,311.9,1434,51.9,173,0,0,0,0,0,0,9.599999999999966,307.1,74424.59999999999,0.13,981.37
5722,M20581,2,302.3,311.8,1443,43.4,175,0,0,0,0,0,0,9.5,307.05,62626.2,0.27,1092.36
5723,L52902,1,302.2,311.7,1488,44.6,178,0,0,0,0,0,0,9.5,306.95,66364.8,0.22,1065.3
5724,M20583,2,302.3,311.8,1475,48.0,180,0,0,0,0,0,0,9.5,307.05,70800.0,0.2,1188.17
5725,L52904,1,302.3,311.8,1433,50.3,183,0,0,0,0,0,0,9.5,307.05,72079.9,0.08,923.0
5726,M20585,2,302.3,311.8,1557,34.1,185,0,0,0,0,0,0,9.5,307.05,53093.700000000004,0.04,666.66
5727,M20586,2,302.4,311.9,1398,50.1,188,0,0,0,0,0,0,9.5,307.15,70039.8,0.23,976.27
5728,M20587,2,302.3,311.8,1559,34.4,191,0,0,0,0,0,0,9.5,307.05,53629.6,0.17,923.48
5729,M20588,2,302.4,311.9,1422,46.4,194,0,0,0,0,0,0,9.5,307.15,65980.8,0.19,1201.3
5730,M20589,2,302.3,311.8,1463,35.7,197,0,0,0,0,0,0,9.5,307.05,52229.100000000006,0.29,1414.5
5731,L52910,1,302.3,311.7,1793,25.3,200,0,0,0,0,0,0,9.399999999999977,307.0,45362.9,0.1,1319.87
5732,L52911,1,302.2,311.6,1872,20.4,202,0,0,0,0,0,0,9.400000000000034,306.9,38188.799999999996,0.24,1004.77
5733,L52912,1,302.2,311.7,1412,44.5,204,0,0,0,0,0,0,9.5,306.95,62834.0,0.17,1283.04
5734,L52913,1,302.3,311.8,1487,43.2,206,0,0,0,0,0,0,9.5,307.05,64238.4,0.07,1007.74
5735,L52914,1,302.3,311.8,1369,56.2,208,1,0,0,0,1,0,9.5,307.05,76937.8,7.73,9208.52
5736,L52915,1,302.4,311.8,1673,30.1,210,0,0,0,0,0,0,9.400000000000034,307.1,50357.3,0.18,1437.53
5737,M20596,2,302.4,311.9,1439,36.6,212,0,0,0,0,0,0,9.5,307.15,52667.4,0.09,1405.28
5738,L52917,1,302.3,311.8,1574,42.8,215,0,0,0,0,0,0,9.5,307.05,67367.2,0.21,1405.37
5739,L52918,1,302.3,311.7,1281,48.8,0,0,0,0,0,0,0,9.399999999999977,307.0,62512.799999999996,0.21,267.28
5740,M20599,2,302.2,311.7,1653,31.4,2,0,0,0,0,0,0,9.5,306.95,51904.2,0.14,89.61
5741,M20600,2,302.3,311.7,1535,38.3,5,0,0,0,0,0,0,9.399999999999977,307.0,58790.49999999999,0.16,95.1
5742,M20601,2,302.3,311.7,1483,40.5,8,0,0,0,0,0,0,9.399999999999977,307.0,60061.5,0.19,109.98
5743,L52922,1,302.3,311.7,1414,47.0,11,0,0,0,0,0,0,9.399999999999977,307.0,66458.0,0.14,287.64
5744,M20603,2,302.2,311.6,1379,42.9,13,0,0,0,0,0,0,9.400000000000034,306.9,59159.1,0.26,559.06
5745,H35158,0,302.2,311.5,1482,42.6,16,0,0,0,0,0,0,9.300000000000011,306.85,63133.200000000004,0.02,46.48
5746,L52925,1,302.1,311.5,1987,20.1,21,0,0,0,0,0,0,9.399999999999977,306.8,39938.700000000004,0.29,286.65
5747,M20606,2,302.1,311.5,1635,31.6,23,0,0,0,0,0,0,9.399999999999977,306.8,51666.0,0.01,0.0
5748,L52927,1,302.1,311.5,1533,39.4,26,0,0,0,0,0,0,9.399999999999977,306.8,60400.2,0.06,226.7
5749,M20608,2,302.2,311.7,1576,34.0,28,0,0,0,0,0,0,9.5,306.95,53584.0,0.21,534.39
5750,H35163,0,302.2,311.8,1330,62.4,31,0,0,0,0,0,0,9.600000000000023,307.0,82992.0,0.03,376.9
5751,L52930,1,302.2,311.8,1981,21.8,36,0,0,0,0,0,0,9.600000000000023,307.0,43185.8,0.08,466.77
5752,H35165,0,302.3,311.8,1475,42.8,38,0,0,0,0,0,0,9.5,307.05,63129.99999999999,0.05,302.31
5753,H35166,0,302.3,311.8,1804,25.0,43,0,0,0,0,0,0,9.5,307.05,45100.0,0.22,448.53
5754,L52933,1,302.2,311.6,1416,54.1,48,0,0,0,0,0,0,9.400000000000034,306.9,76605.6,0.17,602.34
5755,L52934,1,302.1,311.5,1727,27.7,50,0,0,0,0,0,0,9.399999999999977,306.8,47837.9,0.02,103.49
5756,L52935,1,302.1,311.4,1391,49.2,52,0,0,0,0,0,0,9.299999999999955,306.75,68437.2,0.14,333.87
5757,M20616,2,302.0,311.5,1366,52.3,54,0,0,0,0,0,0,9.5,306.75,71441.8,0.06,586.63
5758,L52937,1,301.9,311.3,1366,55.6,57,0,0,0,0,0,0,9.400000000000034,306.6,75949.6,0.29,413.81
5759,L52938,1,301.9,311.3,1501,40.8,59,0,0,0,0,0,0,9.400000000000034,306.6,61240.799999999996,0.03,319.83
5760,L52939,1,301.8,311.3,1551,35.8,61,0,0,0,0,0,0,9.5,306.55,55525.799999999996,0.18,579.7
5761,M20620,2,301.9,311.3,1522,35.6,63,0,0,0,0,0,0,9.400000000000034,306.6,54183.200000000004,0.14,467.4
5762,L52941,1,301.9,311.2,1369,49.8,66,0,0,0,0,0,0,9.300000000000011,306.54999999999995,68176.2,0.17,672.41
5763,L52942,1,301.8,311.2,1334,52.3,68,0,0,0,0,0,0,9.399999999999977,306.5,69768.2,0.29,858.85
5764,H35177,0,301.8,311.2,1451,39.4,70,0,0,0,0,0,0,9.399999999999977,306.5,57169.4,0.1,521.95
5765,L52944,1,301.7,311.2,1589,37.9,75,0,0,0,0,0,0,9.5,306.45,60223.1,0.22,803.51
5766,L52945,1,301.7,311.3,1708,30.5,77,0,0,0,0,0,0,9.600000000000023,306.5,52094.0,0.13,375.7
5767,M20626,2,301.7,311.2,1413,42.6,79,0,0,0,0,0,0,9.5,306.45,60193.8,0.2,571.37
5768,M20627,2,301.6,311.2,1415,46.5,82,0,0,0,0,0,0,9.599999999999966,306.4,65797.5,0.11,880.78
5769,L52948,1,301.7,311.3,1421,45.9,85,0,0,0,0,0,0,9.600000000000023,306.5,65223.9,0.07,786.44
5770,L52949,1,301.7,311.3,1348,51.0,87,0,0,0,0,0,0,9.600000000000023,306.5,68748.0,0.03,273.46
5771,L52950,1,301.6,311.2,1408,42.9,89,0,0,0,0,0,0,9.599999999999966,306.4,60403.2,0.03,473.09
5772,L52951,1,301.6,311.2,1525,43.7,91,0,0,0,0,0,0,9.599999999999966,306.4,66642.5,0.29,765.41
5773,L52952,1,301.6,311.3,1706,29.9,93,0,0,0,0,0,0,9.699999999999989,306.45000000000005,51009.399999999994,0.24,767.48
5774,H35187,0,301.6,311.2,1395,46.8,95,0,0,0,0,0,0,9.599999999999966,306.4,65285.99999999999,0.07,736.11
5775,L52954,1,301.5,311.1,1602,34.3,100,0,0,0,0,0,0,9.600000000000023,306.3,54948.6,0.16,935.87
5776,L52955,1,301.6,311.1,1907,21.5,102,0,0,0,0,0,0,9.5,306.35,41000.5,0.21,725.61
5777,L52956,1,301.6,311.1,1325,49.2,104,0,0,0,0,0,0,9.5,306.35,65190.00000000001,0.11,798.3
5778,L52957,1,301.6,311.1,1408,44.4,106,0,0,0,0,0,0,9.5,306.35,62515.2,0.13,757.23
5779,M20638,2,301.7,311.1,1489,41.4,108,0,0,0,0,0,0,9.400000000000034,306.4,61644.6,0.22,756.83
5780,L52959,1,301.6,311.1,1680,29.2,111,0,0,0,0,0,0,9.5,306.35,49056.0,0.07,370.28
5781,L52960,1,301.7,311.2,1517,42.4,113,0,0,0,0,0,0,9.5,306.45,64320.799999999996,0.16,877.77
5782,M20641,2,301.7,311.1,1618,36.7,115,0,0,0,0,0,0,9.400000000000034,306.4,59380.600000000006,0.06,725.78
5783,L52962,1,301.7,311.1,1455,39.8,118,0,0,0,0,0,0,9.400000000000034,306.4,57908.99999999999,0.0,648.44
5784,H35197,0,301.8,311.1,1543,36.4,120,0,0,0,0,0,0,9.300000000000011,306.45000000000005,56165.2,0.21,662.81
5785,M20644,2,301.8,311.1,1399,41.8,125,0,0,0,0,0,0,9.300000000000011,306.45000000000005,58478.2,0.21,1128.87
5786,L52965,1,301.7,311.1,1469,37.2,128,0,0,0,0,0,0,9.400000000000034,306.4,54646.8,0.3,962.87
5787,L52966,1,301.7,311.2,1521,36.7,130,0,0,0,0,0,0,9.5,306.45,55820.700000000004,0.05,528.79
5788,L52967,1,301.7,311.3,1584,38.8,132,0,0,0,0,0,0,9.600000000000023,306.5,61459.2,0.22,684.65
5789,L52968,1,301.8,311.5,1443,43.3,134,0,0,0,0,0,0,9.699999999999989,306.65,62481.899999999994,0.28,1051.62
5790,M20649,2,301.8,311.5,1416,49.0,136,0,0,0,0,0,0,9.699999999999989,306.65,69384.0,0.19,976.09
5791,M20650,2,301.7,311.2,1563,34.5,139,0,0,0,0,0,0,9.5,306.45,53923.5,0.29,915.55
5792,M20651,2,301.8,311.3,1542,40.1,142,0,0,0,0,0,0,9.5,306.55,61834.200000000004,0.3,1079.39
5793,M20652,2,301.8,311.3,1624,31.6,145,0,0,0,0,0,0,9.5,306.55,51318.4,0.24,1065.14
5794,L52973,1,301.8,311.3,1471,44.2,148,0,0,0,0,0,0,9.5,306.55,65018.200000000004,0.3,1060.99
5795,M20654,2,301.9,311.5,1492,40.8,150,0,0,0,0,0,0,9.600000000000023,306.7,60873.6,0.19,834.8
5796,M20655,2,301.9,311.4,1465,39.9,153,0,0,0,0,0,0,9.5,306.65,58453.5,0.15,1059.2
5797,L52976,1,301.7,311.1,1399,55.1,156,0,0,0,0,0,0,9.400000000000034,306.4,77084.90000000001,0.28,1185.64
5798,L52977,1,301.6,311.0,1431,42.6,158,0,0,0,0,0,0,9.399999999999977,306.3,60960.6,0.25,1125.15
5799,L52978,1,301.5,310.9,1600,39.0,160,0,0,0,0,0,0,9.399999999999977,306.2,62400.0,0.03,704.94
5800,L52979,1,301.5,310.8,1593,34.5,162,0,0,0,0,0,0,9.300000000000011,306.15,54958.5,0.09,700.35
5801,L52980,1,301.5,310.9,1469,44.7,164,0,0,0,0,0,0,9.399999999999977,306.2,65664.3,0.08,911.48
5802,L52981,1,301.5,310.8,1413,44.6,166,0,0,0,0,0,0,9.300000000000011,306.15,63019.8,0.26,1229.44
5803,L52982,1,301.4,310.8,1490,38.0,168,0,0,0,0,0,0,9.400000000000034,306.1,56620.0,0.07,1066.06
5804,L52983,1,301.5,310.9,1671,31.1,170,0,0,0,0,0,0,9.399999999999977,306.2,51968.100000000006,0.09,1027.66
5805,L52984,1,301.5,310.9,1365,46.5,172,0,0,0,0,0,0,9.399999999999977,306.2,63472.5,0.16,952.43
5806,M20665,2,301.4,310.9,1557,39.3,174,0,0,0,0,0,0,9.5,306.15,61190.1,0.02,769.37
5807,L52986,1,301.4,310.9,1440,45.4,177,0,0,0,0,0,0,9.5,306.15,65376.0,0.29,1172.47
5808,M20667,2,301.4,310.9,1489,38.9,179,0,0,0,0,0,0,9.5,306.15,57922.1,0.15,1043.89
5809,L52988,1,301.4,311.0,1733,25.7,182,0,0,0,0,0,0,9.600000000000023,306.2,44538.1,0.06,1136.09
5810,H35223,0,301.3,311.0,1580,36.6,184,0,0,0,0,0,0,9.699999999999989,306.15,57828.0,0.08,928.04
5811,L52990,1,301.3,311.0,1856,21.9,189,0,0,0,0,0,0,9.699999999999989,306.15,40646.399999999994,0.24,1125.5
5812,L52991,1,301.3,311.1,1454,40.3,191,0,0,0,0,0,0,9.800000000000011,306.20000000000005,58596.2,0.19,1453.25
5813,L52992,1,301.4,311.1,1495,36.3,193,0,0,0,0,0,0,9.700000000000045,306.25,54268.49999999999,0.14,1337.68
5814,L52993,1,301.2,311.0,1761,29.1,195,0,0,0,0,0,0,9.800000000000011,306.1,51245.100000000006,0.1,942.58
5815,M20674,2,301.3,311.0,1402,47.5,197,0,0,0,0,0,0,9.699999999999989,306.15,66595.0,0.27,1475.31
5816,L52995,1,301.2,311.0,1670,33.0,200,0,0,0,0,0,0,9.800000000000011,306.1,55110.0,0.23,1061.72
5817,L52996,1,301.3,311.0,1582,35.6,202,0,0,0,0,0,0,9.699999999999989,306.15,56319.200000000004,0.22,1164.89
5818,L52997,1,301.3,311.0,1542,35.1,204,0,0,0,0,0,0,9.699999999999989,306.15,54124.200000000004,0.13,1101.96
5819,L52998,1,301.3,311.0,1539,36.9,206,0,0,0,0,0,0,9.699999999999989,306.15,56789.1,0.29,1308.36
5820,L52999,1,301.3,311.0,1418,41.9,208,0,0,0,0,0,0,9.699999999999989,306.15,59414.2,0.21,1342.96
5821,L53000,1,301.3,311.1,1723,27.6,210,0,0,0,0,0,0,9.800000000000011,306.20000000000005,47554.8,0.13,1195.97
5822,L53001,1,301.3,311.1,1303,49.2,212,0,0,0,0,0,0,9.800000000000011,306.20000000000005,64107.600000000006,0.29,1442.21
5823,M20682,2,301.3,311.0,1463,50.2,214,0,0,0,0,0,0,9.699999999999989,306.15,73442.6,0.27,1279.72
5824,L53003,1,301.2,311.0,1544,39.3,217,0,0,0,0,0,0,9.800000000000011,306.1,60679.2,0.22,1361.13
5825,L53004,1,301.2,311.0,1596,37.2,219,0,0,0,0,0,0,9.800000000000011,306.1,59371.200000000004,0.23,1336.85
5826,L53005,1,301.3,311.1,1413,42.0,221,0,0,0,0,0,0,9.800000000000011,306.20000000000005,59346.0,0.13,1026.75
5827,M20686,2,301.3,311.1,1492,41.2,223,0,0,0,0,0,0,9.800000000000011,306.20000000000005,61470.4,0.15,1337.45
5828,L53007,1,301.3,311.1,1624,40.9,0,0,0,0,0,0,0,9.800000000000011,306.20000000000005,66421.59999999999,0.06,74.41
5829,L53008,1,301.3,311.1,1504,39.1,2,0,0,0,0,0,0,9.800000000000011,306.20000000000005,58806.4,0.18,82.91
5830,M20689,2,301.2,311.1,1574,34.3,4,0,0,0,0,0,0,9.900000000000034,306.15,53988.2,0.11,66.27
5831,M20690,2,301.3,311.2,1438,42.4,7,0,0,0,0,0,0,9.899999999999977,306.25,60971.2,0.1,74.95
5832,L53011,1,301.3,311.3,1474,50.7,10,0,0,0,0,0,0,10.0,306.3,74731.8,0.28,293.26
5833,L53012,1,301.3,311.2,1675,32.1,12,0,0,0,0,0,0,9.899999999999977,306.25,53767.5,0.05,373.84
5834,L53013,1,301.3,311.2,1457,44.5,14,0,0,0,0,0,0,9.899999999999977,306.25,64836.5,0.25,633.54
5835,L53014,1,301.3,311.3,1434,49.8,16,0,0,0,0,0,0,10.0,306.3,71413.2,0.08,0.0
5836,L53015,1,301.3,311.2,1668,30.1,18,0,0,0,0,0,0,9.899999999999977,306.25,50206.8,0.01,173.23
5837,L53016,1,301.2,311.1,1550,39.7,20,0,0,0,0,0,0,9.900000000000034,306.15,61535.00000000001,0.01,253.24
5838,M20697,2,301.3,311.1,1834,25.4,22,0,0,0,0,0,0,9.800000000000011,306.20000000000005,46583.6,0.13,207.59
5839,M20698,2,301.4,311.2,1476,36.5,25,0,0,0,0,0,0,9.800000000000011,306.29999999999995,53874.0,0.14,404.21
5840,M20699,2,301.4,311.2,1541,36.3,28,0,0,0,0,0,0,9.800000000000011,306.29999999999995,55938.299999999996,0.1,488.13
5841,M20700,2,301.3,311.1,1581,30.9,31,0,0,0,0,0,0,9.800000000000011,306.20000000000005,48852.899999999994,0.2,149.22
5842,M20701,2,301.3,311.1,1678,30.7,34,0,0,0,0,0,0,9.800000000000011,306.20000000000005,51514.6,0.15,340.06
5843,L53022,1,301.4,311.2,1355,50.6,37,0,0,0,0,0,0,9.800000000000011,306.29999999999995,68563.0,0.02,498.51
5844,L53023,1,301.5,311.2,1700,28.8,39,0,0,0,0,0,0,9.699999999999989,306.35,48960.0,0.1,109.34
5845,L53024,1,301.4,311.1,1462,37.1,41,0,0,0,0,0,0,9.700000000000045,306.25,54240.200000000004,0.03,217.72
5846,M20705,2,301.4,311.2,1727,26.5,43,0,0,0,0,0,0,9.800000000000011,306.29999999999995,45765.5,0.02,167.74
5847,L53026,1,301.4,311.3,1674,33.3,46,0,0,0,0,0,0,9.900000000000034,306.35,55744.2,0.06,447.78
5848,L53027,1,301.4,311.3,1397,42.3,48,0,0,0,0,0,0,9.900000000000034,306.35,59093.1,0.21,628.69
5849,L53028,1,301.4,311.3,2323,15.9,50,0,0,0,0,0,0,9.900000000000034,306.35,36935.700000000004,0.21,484.35
5850,M20709,2,301.4,311.2,1434,47.6,52,0,0,0,0,0,0,9.800000000000011,306.29999999999995,68258.40000000001,0.26,524.83
5851,L53030,1,301.3,311.1,1560,35.3,55,0,0,0,0,0,0,9.800000000000011,306.20000000000005,55067.99999999999,0.23,247.13
5852,L53031,1,301.2,311.0,1573,32.8,57,0,0,0,0,0,0,9.800000000000011,306.1,51594.399999999994,0.16,658.45
5853,H35266,0,301.2,310.9,1798,22.3,59,0,0,0,0,0,0,9.699999999999989,306.04999999999995,40095.4,0.09,332.03
5854,L53033,1,301.2,311.0,1567,35.1,64,0,0,0,0,0,0,9.800000000000011,306.1,55001.700000000004,0.0,298.65
5855,L53034,1,301.2,310.9,1416,53.3,66,0,0,0,0,0,0,9.699999999999989,306.04999999999995,75472.8,0.19,665.74
5856,M20715,2,301.2,310.9,1424,45.2,68,0,0,0,0,0,0,9.699999999999989,306.04999999999995,64364.8,0.09,459.64
5857,H35270,0,301.2,310.9,1598,35.9,71,0,0,0,0,0,0,9.699999999999989,306.04999999999995,57368.2,0.08,585.58
5858,L53037,1,301.3,310.9,1760,23.9,76,0,0,0,0,0,0,9.599999999999966,306.1,42064.0,0.29,760.51
5859,L53038,1,301.3,311.0,1348,44.5,78,0,0,0,0,0,0,9.699999999999989,306.15,59986.0,0.05,470.57
5860,L53039,1,301.3,311.0,1542,33.6,80,0,0,0,0,0,0,9.699999999999989,306.15,51811.200000000004,0.01,456.57
5861,L53040,1,301.3,310.9,1566,33.1,82,0,0,0,0,0,0,9.599999999999966,306.1,51834.600000000006,0.28,521.58
5862,L53041,1,301.3,311.0,1554,47.7,84,0,0,0,0,0,0,9.699999999999989,306.15,74125.8,0.09,487.65
5863,L53042,1,301.4,311.0,1470,40.6,86,0,0,0,0,0,0,9.600000000000023,306.2,59682.0,0.12,712.61
5864,M20723,2,301.4,311.1,1758,25.4,88,0,0,0,0,0,0,9.700000000000045,306.25,44653.2,0.02,325.2
5865,M20724,2,301.4,311.0,1486,36.5,91,0,0,0,0,0,0,9.600000000000023,306.2,54239.0,0.12,467.71
5866,M20725,2,301.5,311.1,1402,40.0,94,0,0,0,0,0,0,9.600000000000023,306.3,56080.0,0.29,628.06
5867,L53046,1,301.5,311.1,1459,45.1,97,0,0,0,0,0,0,9.600000000000023,306.3,65800.90000000001,0.21,718.01
5868,L53047,1,301.5,311.0,1494,45.3,99,0,0,0,0,0,0,9.5,306.25,67678.2,0.14,845.38
5869,L53048,1,301.5,311.1,1731,27.9,101,0,0,0,0,0,0,9.600000000000023,306.3,48294.899999999994,0.09,677.07
5870,L53049,1,301.5,311.1,2076,18.7,103,0,0,0,0,0,0,9.600000000000023,306.3,38821.2,0.11,298.46
5871,L53050,1,301.5,311.1,2055,16.8,105,0,0,0,0,0,0,9.600000000000023,306.3,34524.0,0.18,802.29
5872,L53051,1,301.5,311.1,1469,49.5,107,0,0,0,0,0,0,9.600000000000023,306.3,72715.5,0.08,548.69
5873,M20732,2,301.5,311.0,1504,42.6,109,0,0,0,0,0,0,9.5,306.25,64070.4,0.05,671.41
5874,M20733,2,301.5,311.1,1396,43.5,112,0,0,0,0,0,0,9.600000000000023,306.3,60726.0,0.21,747.57
5875,M20734,2,301.5,311.1,1660,33.8,115,0,0,0,0,0,0,9.600000000000023,306.3,56107.99999999999,0.26,705.93
5876,M20735,2,301.5,311.0,1577,39.7,118,0,0,0,0,0,0,9.5,306.25,62606.9,0.27,849.28
5877,L53056,1,301.5,311.1,1426,52.1,121,0,0,0,0,0,0,9.600000000000023,306.3,74294.6,0.25,788.78
5878,L53057,1,301.5,311.1,1458,41.4,123,0,0,0,0,0,0,9.600000000000023,306.3,60361.2,0.16,821.16
5879,L53058,1,301.4,311.0,1533,45.8,125,0,0,0,0,0,0,9.600000000000023,306.2,70211.4,0.24,732.1
5880,L53059,1,301.4,311.0,1701,28.4,127,0,0,0,0,0,0,9.600000000000023,306.2,48308.399999999994,0.28,746.28
5881,L53060,1,301.5,311.1,1434,49.6,129,0,0,0,0,0,0,9.600000000000023,306.3,71126.40000000001,0.01,764.81
5882,L53061,1,301.4,311.1,1952,22.7,131,0,0,0,0,0,0,9.700000000000045,306.25,44310.4,0.12,941.33
5883,L53062,1,301.4,311.1,1469,36.9,133,0,0,0,0,0,0,9.700000000000045,306.25,54206.1,0.06,812.01
5884,L53063,1,301.4,311.1,1800,26.0,135,0,0,0,0,0,0,9.700000000000045,306.25,46800.0,0.3,877.68
5885,M20744,2,301.3,311.1,1438,43.0,137,0,0,0,0,0,0,9.800000000000011,306.20000000000005,61834.0,0.28,853.99
5886,L53065,1,301.3,311.1,1647,28.2,140,0,0,0,0,0,0,9.800000000000011,306.20000000000005,46445.4,0.24,837.63
5887,L53066,1,301.4,311.1,1494,41.9,142,0,0,0,0,0,0,9.700000000000045,306.25,62598.6,0.09,933.56
5888,H35301,0,301.4,311.1,1445,41.4,144,0,0,0,0,0,0,9.700000000000045,306.25,59823.0,0.29,886.24
5889,M20748,2,301.5,311.1,1507,38.6,149,0,0,0,0,0,0,9.600000000000023,306.3,58170.200000000004,0.01,887.61
5890,M20749,2,301.4,311.0,1234,55.8,152,0,0,0,0,0,0,9.600000000000023,306.2,68857.2,0.06,915.54
5891,L53070,1,301.4,311.0,1634,32.6,155,0,0,0,0,0,0,9.600000000000023,306.2,53268.4,0.19,1150.66
5892,L53071,1,301.4,311.0,1334,53.3,157,0,0,0,0,0,0,9.600000000000023,306.2,71102.2,0.24,1184.47
5893,L53072,1,301.4,311.1,1472,44.5,159,0,0,0,0,0,0,9.700000000000045,306.25,65504.0,0.27,1146.4
5894,M20753,2,301.3,311.0,1410,52.7,161,0,0,0,0,0,0,9.699999999999989,306.15,74307.0,0.09,674.7
5895,L53074,1,301.2,310.9,1597,37.9,164,0,0,0,0,0,0,9.699999999999989,306.04999999999995,60526.299999999996,0.12,1031.52
5896,M20755,2,301.2,310.9,1460,46.7,166,0,0,0,0,0,0,9.699999999999989,306.04999999999995,68182.0,0.14,987.32
5897,L53076,1,301.1,310.8,1274,55.7,169,0,0,0,0,0,0,9.699999999999989,305.95000000000005,70961.8,0.01,799.01
5898,M20757,2,301.0,310.7,1517,40.2,171,0,0,0,0,0,0,9.699999999999989,305.85,60983.4,0.26,1319.33
5899,L53078,1,301.0,310.7,1300,57.2,174,0,0,0,0,0,0,9.699999999999989,305.85,74360.0,0.1,947.3
5900,H35313,0,300.9,310.6,1686,27.7,176,0,0,0,0,0,0,9.700000000000045,305.75,46702.2,0.06,860.58
5901,M20760,2,300.9,310.7,1485,41.0,181,0,0,0,0,0,0,9.800000000000011,305.79999999999995,60885.0,0.12,1193.61
5902,L53081,1,301.0,310.7,1464,45.8,184,0,0,0,0,0,0,9.699999999999989,305.85,67051.2,0.21,1069.24
5903,L53082,1,300.9,310.6,1598,35.4,186,0,0,0,0,0,0,9.700000000000045,305.75,56569.2,0.26,1103.08
5904,L53083,1,300.9,310.5,1894,21.9,188,0,0,0,0,0,0,9.600000000000023,305.7,41478.6,0.06,830.93
5905,M20764,2,300.8,310.5,1330,59.0,190,0,0,0,0,0,0,9.699999999999989,305.65,78470.0,0.05,876.97
5906,H35319,0,300.8,310.5,1582,31.1,193,0,0,0,0,0,0,9.699999999999989,305.65,49200.200000000004,0.28,1134.84
5907,L53086,1,300.7,310.3,1533,35.6,198,0,0,0,0,0,0,9.600000000000023,305.5,54574.8,0.17,1253.16
5908,H35321,0,300.8,310.4,1419,46.4,200,0,0,0,0,0,0,9.599999999999966,305.6,65841.59999999999,0.11,957.14
5909,M20768,2,300.8,310.3,1526,36.3,205,0,0,0,0,0,0,9.5,305.55,55393.799999999996,0.06,806.32
5910,H35323,0,300.7,310.2,1364,65.3,208,1,1,0,1,1,0,9.5,305.45,89069.2,3.09,4175.48
5911,M20770,2,300.8,310.3,1458,43.4,0,0,0,0,0,0,0,9.5,305.55,63277.2,0.22,124.91
5912,M20771,2,300.8,310.4,1288,64.0,3,0,0,0,0,0,0,9.599999999999966,305.6,82432.0,0.07,82.56
5913,M20772,2,300.7,310.3,1659,29.8,6,0,0,0,0,0,0,9.600000000000023,305.5,49438.200000000004,0.03,252.36
5914,H35327,0,300.7,310.2,1479,52.3,9,0,0,0,0,0,0,9.5,305.45,77351.7,0.06,115.73
5915,L53094,1,300.7,310.3,1592,36.0,14,0,0,0,0,0,0,9.600000000000023,305.5,57312.0,0.07,366.44
5916,M20775,2,300.6,310.2,1532,38.7,16,0,0,0,0,0,0,9.599999999999966,305.4,59288.4,0.03,99.78
5917,L53096,1,300.6,310.2,1555,41.9,19,0,0,0,0,0,0,9.599999999999966,305.4,65154.5,0.07,316.04
5918,L53097,1,300.6,310.2,1341,52.6,21,0,0,0,0,0,0,9.599999999999966,305.4,70536.6,0.04,62.89
5919,L53098,1,300.6,310.1,1541,42.0,23,0,0,0,0,0,0,9.5,305.35,64722.0,0.11,241.15
5920,L53099,1,300.6,310.3,1414,50.6,25,0,0,0,0,0,0,9.699999999999989,305.45000000000005,71548.40000000001,0.15,135.05
5921,L53100,1,300.5,310.2,1764,25.9,27,0,0,0,0,0,0,9.699999999999989,305.35,45687.6,0.14,152.87
5922,L53101,1,300.5,310.3,1336,57.1,29,0,0,0,0,0,0,9.800000000000011,305.4,76285.6,0.25,361.3
5923,L53102,1,300.5,310.3,1435,43.3,31,0,0,0,0,0,0,9.800000000000011,305.4,62135.49999999999,0.08,35.72
5924,M20783,2,300.4,310.3,1537,35.0,33,0,0,0,0,0,0,9.900000000000034,305.35,53795.0,0.27,458.9
5925,L53104,1,300.3,310.2,1369,48.8,36,0,0,0,0,0,0,9.899999999999977,305.25,66807.2,0.27,404.59
5926,M20785,2,300.2,310.1,1619,31.3,38,0,0,0,0,0,0,9.900000000000034,305.15,50674.700000000004,0.29,515.19
5927,L53106,1,300.2,310.1,1440,51.1,41,0,0,0,0,0,0,9.900000000000034,305.15,73584.0,0.05,58.02
5928,L53107,1,300.2,310.1,1649,30.5,43,0,0,0,0,0,0,9.900000000000034,305.15,50294.5,0.07,390.26
5929,M20788,2,300.2,310.1,1550,38.7,45,0,0,0,0,0,0,9.900000000000034,305.15,59985.00000000001,0.19,669.64
5930,L53109,1,300.3,310.2,1471,45.2,48,0,0,0,0,0,0,9.899999999999977,305.25,66489.2,0.04,502.98
5931,L53110,1,300.3,310.3,1483,51.6,50,0,0,0,0,0,0,10.0,305.3,76522.8,0.03,565.59
5932,L53111,1,300.3,310.4,1336,54.4,52,0,0,0,0,0,0,10.099999999999966,305.35,72678.4,0.02,286.36
5933,L53112,1,300.5,310.5,1515,36.6,54,0,0,0,0,0,0,10.0,305.5,55449.0,0.18,397.15
5934,L53113,1,300.5,310.5,1373,47.4,56,0,0,0,0,0,0,10.0,305.5,65080.2,0.24,593.14
5935,H35348,0,300.6,310.5,1454,51.2,58,0,0,0,0,0,0,9.899999999999977,305.55,74444.8,0.08,334.27
5936,L53115,1,300.5,310.5,1646,34.5,63,0,0,0,0,0,0,10.0,305.5,56787.0,0.28,333.93
5937,M20796,2,300.5,310.4,1548,37.3,65,0,0,0,0,0,0,9.899999999999977,305.45,57740.399999999994,0.24,687.89
5938,M20797,2,300.6,310.5,1462,41.3,68,0,0,0,0,0,0,9.899999999999977,305.55,60380.6,0.02,324.84
5939,L53118,1,300.5,310.4,1702,33.1,71,0,0,0,0,0,0,9.899999999999977,305.45,56336.200000000004,0.12,254.9
5940,L53119,1,300.5,310.5,1409,60.9,73,0,0,0,0,0,0,10.0,305.5,85808.09999999999,0.02,308.76
5941,M20800,2,300.6,310.6,1427,52.8,75,0,0,0,0,0,0,10.0,305.6,75345.59999999999,0.27,613.25
5942,L53121,1,300.6,310.7,1438,48.5,78,1,0,0,0,0,0,10.099999999999966,305.65,69743.0,0.22,611.77
5943,L53122,1,300.7,310.7,1450,43.4,80,0,0,0,0,0,0,10.0,305.7,62930.0,0.21,613.58
5944,L53123,1,300.7,310.7,1541,41.3,82,0,0,0,0,0,0,10.0,305.7,63643.299999999996,0.2,815.35
5945,M20804,2,300.7,310.6,1484,38.0,84,0,0,0,0,0,0,9.900000000000034,305.65,56392.0,0.09,316.72
5946,M20805,2,300.8,310.8,1415,44.5,87,0,0,0,0,0,0,10.0,305.8,62967.5,0.28,692.18
5947,L53126,1,300.7,310.8,1496,46.4,90,0,0,0,0,0,0,10.100000000000023,305.75,69414.4,0.28,598.16
5948,M20807,2,300.7,310.8,1465,45.2,92,0,0,0,0,0,0,10.100000000000023,305.75,66218.0,0.22,868.43
5949,L53128,1,300.7,310.8,2113,18.5,95,0,0,0,0,0,0,10.100000000000023,305.75,39090.5,0.14,530.78
5950,M20809,2,300.7,310.8,1506,44.0,97,0,0,0,0,0,0,10.100000000000023,305.75,66264.0,0.01,443.43
5951,L53130,1,300.7,310.8,1689,28.9,100,0,0,0,0,0,0,10.100000000000023,305.75,48812.1,0.01,667.45
5952,L53131,1,300.7,310.9,1650,29.4,102,0,0,0,0,0,0,10.199999999999989,305.79999999999995,48510.0,0.04,748.72
5953,L53132,1,300.7,310.8,1563,33.8,104,0,0,0,0,0,0,10.100000000000023,305.75,52829.399999999994,0.18,920.89
5954,M20813,2,300.7,310.9,1486,38.9,106,0,0,0,0,0,0,10.199999999999989,305.79999999999995,57805.4,0.24,523.53
5955,L53134,1,300.8,310.9,1732,25.7,109,0,0,0,0,0,0,10.099999999999966,305.85,44512.4,0.28,897.44
5956,L53135,1,300.7,310.8,1653,31.6,111,0,0,0,0,0,0,10.100000000000023,305.75,52234.8,0.05,645.52
5957,L53136,1,300.7,310.9,1535,37.1,113,0,0,0,0,0,0,10.199999999999989,305.79999999999995,56948.5,0.08,637.32
5958,L53137,1,300.7,310.9,1637,37.2,115,0,0,0,0,0,0,10.199999999999989,305.79999999999995,60896.4,0.02,604.99
5959,L53138,1,300.6,310.8,1533,38.5,117,0,0,0,0,0,0,10.199999999999989,305.70000000000005,59020.5,0.3,1077.87
5960,L53139,1,300.6,310.8,1378,51.2,119,0,0,0,0,0,0,10.199999999999989,305.70000000000005,70553.6,0.23,980.79
5961,L53140,1,300.5,310.7,1606,33.5,121,0,0,0,0,0,0,10.199999999999989,305.6,53801.0,0.14,879.54
5962,L53141,1,300.3,310.7,1539,32.3,123,0,0,0,0,0,0,10.399999999999977,305.5,49709.7,0.17,816.04
5963,L53142,1,300.5,310.8,1728,26.3,125,0,0,0,0,0,0,10.300000000000011,305.65,45446.4,0.17,1135.59
5964,H35377,0,300.4,310.7,1656,36.3,127,0,0,0,0,0,0,10.300000000000011,305.54999999999995,60112.799999999996,0.08,654.91
5965,H35378,0,300.5,310.8,1631,30.5,132,0,0,0,0,0,0,10.300000000000011,305.65,49745.5,0.06,477.61
5966,H35379,0,300.5,310.9,1447,46.5,137,0,0,0,0,0,0,10.399999999999977,305.7,67285.5,0.09,735.21
5967,L53146,1,300.4,310.8,1396,49.3,142,0,0,0,0,0,0,10.400000000000034,305.6,68822.8,0.07,788.66
5968,L53147,1,300.4,310.8,1390,52.5,144,0,0,0,0,0,0,10.400000000000034,305.6,72975.0,0.17,1085.48
5969,L53148,1,300.4,310.8,1348,56.0,146,0,0,0,0,0,0,10.400000000000034,305.6,75488.0,0.09,743.35
5970,M20829,2,300.4,310.8,1491,35.9,148,0,0,0,0,0,0,10.400000000000034,305.6,53526.9,0.22,1033.68
5971,L53150,1,300.4,310.8,1520,37.6,151,0,0,0,0,0,0,10.400000000000034,305.6,57152.0,0.17,703.41
5972,L53151,1,300.5,310.8,1509,33.0,153,0,0,0,0,0,0,10.300000000000011,305.65,49797.0,0.16,1087.21
5973,L53152,1,300.5,310.8,1445,46.6,155,0,0,0,0,0,0,10.300000000000011,305.65,67337.0,0.29,1075.25
5974,L53153,1,300.5,310.8,1354,51.8,157,0,0,0,0,0,0,10.300000000000011,305.65,70137.2,0.1,842.92
5975,L53154,1,300.5,310.7,1488,39.4,159,0,0,0,0,0,0,10.199999999999989,305.6,58627.2,0.19,1304.75
5976,H35389,0,300.5,310.7,1654,28.6,161,0,0,0,0,0,0,10.199999999999989,305.6,47304.4,0.0,965.49
5977,H35390,0,300.5,310.6,1378,51.5,166,0,0,0,0,0,0,10.100000000000023,305.55,70967.0,0.22,894.02
5978,L53157,1,300.6,310.7,1750,30.6,171,0,0,0,0,0,0,10.099999999999966,305.65,53550.0,0.15,988.59
5979,L53158,1,300.5,310.6,1448,46.3,173,0,0,0,0,0,0,10.100000000000023,305.55,67042.4,0.06,1335.45
5980,H35393,0,300.6,310.7,1501,45.3,175,0,0,0,0,0,0,10.099999999999966,305.65,67995.3,0.0,1171.82
5981,M20840,2,300.6,310.7,1654,32.0,180,0,0,0,0,0,0,10.099999999999966,305.65,52928.0,0.21,1248.44
5982,M20841,2,300.7,310.7,1347,46.5,183,0,0,0,0,0,0,10.0,305.7,62635.5,0.2,837.94
5983,L53162,1,300.7,310.8,1486,37.1,186,0,0,0,0,0,0,10.100000000000023,305.75,55130.6,0.2,1329.82
5984,H35397,0,300.8,310.8,1466,45.2,188,0,0,0,0,0,0,10.0,305.8,66263.2,0.13,974.72
5985,H35398,0,300.7,310.8,1346,52.0,193,0,0,0,0,0,0,10.100000000000023,305.75,69992.0,0.19,1353.53
5986,L53165,1,300.7,310.7,1314,42.4,198,0,0,0,0,0,0,10.0,305.7,55713.6,0.17,1051.6
5987,L53166,1,300.6,310.7,1440,52.5,200,0,0,0,0,0,0,10.099999999999966,305.65,75600.0,0.07,1143.32
5988,L53167,1,300.7,310.8,1608,39.5,202,0,0,0,0,0,0,10.100000000000023,305.75,63516.0,0.16,1073.96
5989,H35402,0,300.7,310.8,1296,58.2,204,0,0,0,0,0,0,10.100000000000023,305.75,75427.2,0.15,1115.51
5990,L53169,1,300.7,310.7,1507,46.1,209,0,0,0,0,0,0,10.0,305.7,69472.7,0.25,1388.33
5991,M20850,2,300.7,310.7,1343,51.6,211,0,0,0,0,0,0,10.0,305.7,69298.8,0.13,987.17
5992,L53171,1,300.7,310.7,1416,40.4,214,0,0,0,0,0,0,10.0,305.7,57206.4,0.13,1555.86
5993,L53172,1,300.7,310.6,1288,47.2,216,0,0,0,0,0,0,9.900000000000034,305.65,60793.600000000006,0.3,1225.92
5994,M20853,2,300.7,310.6,1407,42.4,218,0,0,0,0,0,0,9.900000000000034,305.65,59656.799999999996,0.27,1197.53
5995,L53174,1,300.6,310.4,1608,39.2,221,0,0,0,0,0,0,9.799999999999955,305.5,63033.600000000006,0.07,1268.77
5996,L53175,1,300.6,310.3,1920,22.3,223,0,0,0,0,0,0,9.699999999999989,305.45000000000005,42816.0,0.27,1578.79
5997,M20856,2,300.5,310.2,1386,48.2,225,0,0,0,0,0,0,9.699999999999989,305.35,66805.2,0.04,1116.44
5998,M20857,2,300.5,310.2,1571,34.6,228,0,0,0,0,0,0,9.699999999999989,305.35,54356.600000000006,0.26,1239.28
5999,M20858,2,300.4,310.2,1613,36.9,231,0,0,0,0,0,0,9.800000000000011,305.29999999999995,59519.7,0.05,1066.64
6000,M20859,2,300.4,310.2,1671,30.5,234,1,1,0,0,0,0,9.800000000000011,305.29999999999995,50965.5,0.89,1905.5
6001,H35414,0,300.4,310.2,1431,43.2,0,0,0,0,0,0,0,9.800000000000011,305.29999999999995,61819.200000000004,0.3,346.23
6002,M20861,2,300.4,310.2,1380,47.3,5,0,0,0,0,0,0,9.800000000000011,305.29999999999995,65273.99999999999,0.03,44.5
6003,L53182,1,300.5,310.3,1683,31.5,8,0,0,0,0,0,0,9.800000000000011,305.4,53014.5,0.25,353.87
6004,L53183,1,300.4,310.2,1529,36.2,10,0,0,0,0,0,0,9.800000000000011,305.29999999999995,55349.8,0.15,254.73
6005,L53184,1,300.5,310.4,1761,26.5,12,0,0,0,0,0,0,9.899999999999977,305.45,46666.5,0.03,213.65
6006,L53185,1,300.6,310.5,1570,38.3,14,0,0,0,0,0,0,9.899999999999977,305.55,60130.99999999999,0.29,298.51
6007,M20866,2,300.6,310.5,2156,18.0,16,0,0,0,0,0,0,9.899999999999977,305.55,38808.0,0.16,129.27
6008,M20867,2,300.7,310.6,1349,54.5,19,0,0,0,0,0,0,9.900000000000034,305.65,73520.5,0.26,378.44
6009,L53188,1,300.7,310.7,1431,39.3,22,0,0,0,0,0,0,10.0,305.7,56238.299999999996,0.26,361.75
6010,L53189,1,300.6,310.6,1931,22.0,24,0,0,0,0,0,0,10.0,305.6,42482.0,0.0,157.94
6011,H35424,0,300.7,310.7,1428,43.4,26,0,0,0,0,0,0,10.0,305.7,61975.2,0.08,103.24
6012,L53191,1,300.8,310.8,1564,36.2,31,0,0,0,0,0,0,10.0,305.8,56616.8,0.1,351.33
6013,H35426,0,300.8,310.9,1425,44.0,33,0,0,0,0,0,0,10.099999999999966,305.85,62700.0,0.16,148.24
6014,L53193,1,300.7,310.8,1597,30.5,38,0,0,0,0,0,0,10.100000000000023,305.75,48708.5,0.02,143.94
6015,H35428,0,300.8,310.8,1618,32.8,40,0,0,0,0,0,0,10.0,305.8,53070.399999999994,0.12,489.36
6016,M20875,2,300.8,310.8,1520,38.0,45,0,0,0,0,0,0,10.0,305.8,57760.0,0.24,295.3
6017,L53196,1,300.7,310.7,1425,45.3,48,0,0,0,0,0,0,10.0,305.7,64552.49999999999,0.05,447.54
6018,L53197,1,300.8,310.9,1398,38.2,50,0,0,0,0,0,0,10.099999999999966,305.85,53403.600000000006,0.21,248.64
6019,M20878,2,300.8,310.9,1557,31.6,52,0,0,0,0,0,0,10.099999999999966,305.85,49201.200000000004,0.14,162.22
6020,L53199,1,300.7,310.8,1519,43.9,55,0,0,0,0,0,0,10.100000000000023,305.75,66684.09999999999,0.02,70.92
6021,L53200,1,300.7,310.8,1619,34.9,57,0,0,0,0,0,0,10.100000000000023,305.75,56503.1,0.05,352.52
6022,L53201,1,300.7,310.8,1814,21.4,59,0,0,0,0,0,0,10.100000000000023,305.75,38819.6,0.04,444.44
6023,L53202,1,300.7,310.9,1521,39.4,61,0,0,0,0,0,0,10.199999999999989,305.79999999999995,59927.4,0.19,688.89
6024,M20883,2,300.7,310.9,1369,51.2,63,0,0,0,0,0,0,10.199999999999989,305.79999999999995,70092.8,0.03,526.93
6025,L53204,1,300.7,310.9,1356,65.3,66,1,0,0,1,0,0,10.199999999999989,305.79999999999995,88546.8,4.93,5389.4
6026,L53205,1,300.7,311.0,1336,53.3,68,0,0,0,0,0,0,10.300000000000011,305.85,71208.8,0.24,455.23
6027,L53206,1,300.7,311.0,1403,48.3,70,0,0,0,0,0,0,10.300000000000011,305.85,67764.9,0.02,243.92
6028,M20887,2,300.7,311.0,1413,44.3,72,0,0,0,0,0,0,10.300000000000011,305.85,62595.899999999994,0.27,748.17
6029,L53208,1,300.6,310.9,1472,47.6,75,0,0,0,0,0,0,10.299999999999955,305.75,70067.2,0.29,878.2
6030,M20889,2,300.7,310.8,1452,47.9,77,0,0,0,0,0,0,10.100000000000023,305.75,69550.8,0.01,240.33
6031,L53210,1,300.6,310.7,1397,53.7,80,0,0,0,0,0,0,10.099999999999966,305.65,75018.90000000001,0.29,884.1
6032,L53211,1,300.6,310.7,1455,40.6,82,0,0,0,0,0,0,10.099999999999966,305.65,59073.0,0.08,201.95
6033,L53212,1,300.7,310.8,1754,27.7,84,0,0,0,0,0,0,10.100000000000023,305.75,48585.799999999996,0.2,678.49
6034,L53213,1,300.6,310.9,1471,37.9,86,0,0,0,0,0,0,10.299999999999955,305.75,55750.9,0.05,464.43
6035,M20894,2,300.6,310.8,1389,48.1,88,0,0,0,0,0,0,10.199999999999989,305.70000000000005,66810.90000000001,0.25,659.37
6036,M20895,2,300.6,310.9,1702,30.3,91,0,0,0,0,0,0,10.299999999999955,305.75,51570.6,0.25,709.69
6037,M20896,2,300.6,311.0,1401,54.6,94,0,0,0,0,0,0,10.399999999999977,305.8,76494.6,0.29,631.94
6038,L53217,1,300.7,311.1,1426,46.2,97,0,0,0,0,0,0,10.400000000000034,305.9,65881.2,0.3,851.91
6039,L53218,1,300.7,311.0,1496,38.3,99,0,0,0,0,0,0,10.300000000000011,305.85,57296.799999999996,0.02,524.1
6040,L53219,1,300.6,310.9,1433,42.6,101,0,0,0,0,0,0,10.299999999999955,305.75,61045.8,0.2,845.3
6041,M20900,2,300.7,311.1,1438,46.6,103,0,0,0,0,0,0,10.400000000000034,305.9,67010.8,0.08,833.56
6042,M20901,2,300.7,311.0,1418,49.3,106,0,0,0,0,0,0,10.300000000000011,305.85,69907.4,0.04,589.04
6043,M20902,2,300.8,311.0,1580,36.6,109,0,0,0,0,0,0,10.199999999999989,305.9,57828.0,0.04,462.19
6044,M20903,2,300.7,310.9,1468,41.8,112,0,0,0,0,0,0,10.199999999999989,305.79999999999995,61362.399999999994,0.28,669.32
6045,M20904,2,300.8,310.9,1522,41.7,115,0,0,0,0,0,0,10.099999999999966,305.85,63467.4,0.21,1039.74
6046,L53225,1,300.8,310.9,1311,55.8,118,0,0,0,0,0,0,10.099999999999966,305.85,73153.8,0.02,845.56
6047,L53226,1,300.9,311.0,1316,56.5,120,0,0,0,0,0,0,10.100000000000023,305.95,74354.0,0.3,1033.11
6048,H35461,0,300.9,311.0,1853,23.6,122,0,0,0,0,0,0,10.100000000000023,305.95,43730.8,0.24,858.98
6049,M20908,2,300.9,311.0,1556,38.8,127,0,0,0,0,0,0,10.100000000000023,305.95,60372.799999999996,0.09,847.27
6050,M20909,2,300.9,311.0,1567,34.3,130,0,0,0,0,0,0,10.100000000000023,305.95,53748.1,0.14,985.67
6051,M20910,2,300.9,311.1,1546,37.7,133,0,0,0,0,0,0,10.200000000000045,306.0,58284.200000000004,0.22,792.31
6052,L53231,1,300.9,311.0,1382,51.2,136,0,0,0,0,0,0,10.100000000000023,305.95,70758.40000000001,0.2,884.47
6053,L53232,1,300.9,311.0,2003,20.2,138,0,0,0,0,0,0,10.100000000000023,305.95,40460.6,0.14,664.06
6054,L53233,1,300.8,310.9,1748,29.9,140,0,0,0,0,0,0,10.099999999999966,305.85,52265.2,0.15,830.64
6055,H35468,0,300.7,310.8,1518,40.1,142,0,0,0,0,0,0,10.100000000000023,305.75,60871.8,0.01,951.64
6056,L53235,1,300.7,310.8,1475,42.0,147,0,0,0,0,0,0,10.100000000000023,305.75,61950.0,0.15,1046.78
6057,L53236,1,300.8,310.8,1634,29.2,149,0,0,0,0,0,0,10.0,305.8,47712.799999999996,0.1,865.25
6058,L53237,1,300.8,310.8,1689,32.9,151,0,0,0,0,0,0,10.0,305.8,55568.1,0.09,441.02
6059,M20918,2,300.9,310.9,1636,35.3,153,0,0,0,0,0,0,10.0,305.9,57750.799999999996,0.08,746.63
6060,L53239,1,300.9,311.0,2235,15.8,156,0,0,0,0,0,0,10.100000000000023,305.95,35313.0,0.19,985.36
6061,L53240,1,301.0,311.1,1615,35.6,158,0,0,0,0,0,0,10.100000000000023,306.05,57494.0,0.13,887.61
6062,H35475,0,301.1,311.1,1618,29.5,160,0,0,0,0,0,0,10.0,306.1,47731.0,0.13,934.92
6063,M20922,2,301.1,311.2,1407,53.0,165,0,0,0,0,0,0,10.099999999999966,306.15,74571.0,0.05,911.39
6064,L53243,1,301.1,311.1,1450,43.3,168,0,0,0,0,0,0,10.0,306.1,62784.99999999999,0.29,1049.95
6065,L53244,1,301.1,311.1,1889,23.8,170,0,0,0,0,0,0,10.0,306.1,44958.200000000004,0.07,918.87
6066,L53245,1,301.0,310.9,1568,38.2,172,0,0,0,0,0,0,9.899999999999977,305.95,59897.600000000006,0.12,957.58
6067,L53246,1,301.0,311.0,1804,25.8,174,0,0,0,0,0,0,10.0,306.0,46543.200000000004,0.06,824.52
6068,L53247,1,301.0,311.0,1582,37.5,176,0,0,0,0,0,0,10.0,306.0,59325.0,0.21,1366.95
6069,M20928,2,301.0,310.9,2047,17.9,178,0,0,0,0,0,0,9.899999999999977,305.95,36641.299999999996,0.13,948.53
6070,L53249,1,300.9,310.9,1601,34.0,181,0,0,0,0,0,0,10.0,305.9,54434.0,0.12,686.87
6071,L53250,1,300.9,310.9,1615,32.0,183,0,0,0,0,0,0,10.0,305.9,51680.0,0.26,1442.49
6072,M20931,2,300.9,310.8,1452,43.6,185,0,0,0,0,0,0,9.900000000000034,305.85,63307.200000000004,0.23,1028.06
6073,M20932,2,300.9,310.8,1695,30.2,188,0,0,0,0,0,0,9.900000000000034,305.85,51189.0,0.16,1234.99
6074,M20933,2,300.9,310.8,1790,26.2,191,0,0,0,0,0,0,9.900000000000034,305.85,46898.0,0.14,992.87
6075,M20934,2,301.0,310.8,1533,39.3,194,0,0,0,0,0,0,9.800000000000011,305.9,60246.899999999994,0.29,1345.39
6076,L53255,1,301.0,310.9,1813,28.5,197,0,0,0,0,0,0,9.899999999999977,305.95,51670.5,0.29,1267.78
6077,L53256,1,301.0,310.9,1492,36.7,199,0,0,0,0,0,0,9.899999999999977,305.95,54756.4,0.21,1355.05
6078,L53257,1,300.9,310.7,1479,43.3,201,0,0,0,0,0,0,9.800000000000011,305.79999999999995,64040.7,0.23,1202.94
6079,L53258,1,300.8,310.7,1339,59.1,203,1,0,0,0,1,0,9.899999999999977,305.75,79134.90000000001,9.64,10556.7
6080,M20939,2,300.8,310.7,1371,44.7,205,0,0,0,0,0,0,9.899999999999977,305.75,61283.700000000004,0.29,1353.55
6081,L53260,1,300.9,310.7,1468,36.2,208,0,0,0,0,0,0,9.800000000000011,305.79999999999995,53141.600000000006,0.02,1002.63
6082,L53261,1,300.9,310.7,1517,41.7,210,0,0,0,0,0,0,9.800000000000011,305.79999999999995,63258.9,0.3,1060.62
6083,L53262,1,300.9,310.7,1352,46.4,212,0,0,0,0,0,0,9.800000000000011,305.79999999999995,62732.799999999996,0.21,1179.77
6084,L53263,1,300.9,310.7,1389,50.0,214,0,0,0,0,0,0,9.800000000000011,305.79999999999995,69450.0,0.18,1680.32
6085,M20944,2,300.8,310.6,1505,36.2,0,0,0,0,0,0,0,9.800000000000011,305.70000000000005,54481.00000000001,0.12,0.0
6086,L53265,1,300.9,310.6,1538,36.7,3,0,0,0,0,0,0,9.700000000000045,305.75,56444.600000000006,0.1,151.16
6087,L53266,1,300.9,310.8,1482,37.0,5,0,0,0,0,0,0,9.900000000000034,305.85,54834.0,0.24,228.57
6088,M20947,2,300.9,310.8,1599,33.0,7,0,0,0,0,0,0,9.900000000000034,305.85,52767.0,0.2,510.46
6089,L53268,1,300.9,310.8,1476,39.0,10,0,0,0,0,0,0,9.900000000000034,305.85,57564.0,0.06,0.0
6090,L53269,1,300.9,310.7,1509,37.5,12,0,0,0,0,0,0,9.800000000000011,305.79999999999995,56587.5,0.18,255.2
6091,L53270,1,300.9,310.8,1708,29.1,14,0,0,0,0,0,0,9.900000000000034,305.85,49702.8,0.04,212.93
6092,L53271,1,300.9,310.7,1412,57.5,16,0,0,0,0,0,1,9.800000000000011,305.79999999999995,81190.0,1.97,2023.11
6093,L53272,1,300.9,310.7,1658,28.5,18,0,0,0,0,0,0,9.800000000000011,305.79999999999995,47253.0,0.18,154.87
6094,L53273,1,301.0,310.8,1375,57.2,20,0,0,0,0,0,0,9.800000000000011,305.9,78650.0,0.19,286.67
6095,M20954,2,300.9,310.8,1402,48.1,22,0,0,0,0,0,0,9.900000000000034,305.85,67436.2,0.04,103.58
6096,M20955,2,300.9,310.7,1452,47.3,25,0,0,0,0,0,0,9.800000000000011,305.79999999999995,68679.59999999999,0.03,108.15
6097,M20956,2,300.8,310.7,1483,40.8,28,0,0,0,0,0,0,9.899999999999977,305.75,60506.399999999994,0.08,359.61
6098,H35511,0,300.9,310.8,1477,38.4,31,0,0,0,0,0,0,9.900000000000034,305.85,56716.799999999996,0.18,395.44
6099,M20958,2,300.8,310.7,1924,22.4,36,0,0,0,0,0,0,9.899999999999977,305.75,43097.6,0.28,542.77
6100,H35513,0,300.9,310.7,1609,28.7,39,0,0,0,0,0,0,9.800000000000011,305.79999999999995,46178.299999999996,0.23,474.54
6101,M20960,2,300.8,310.7,1886,21.1,44,0,0,0,0,0,0,9.899999999999977,305.75,39794.600000000006,0.22,583.98
6102,L53281,1,300.7,310.6,1616,29.6,47,0,0,0,0,0,0,9.900000000000034,305.65,47833.600000000006,0.1,530.64
6103,L53282,1,300.7,310.7,1442,43.2,49,0,0,0,0,0,0,10.0,305.7,62294.4,0.03,231.99
6104,L53283,1,300.8,310.8,1407,45.1,51,0,0,0,0,0,0,10.0,305.8,63455.700000000004,0.27,647.92
6105,M20964,2,300.8,310.8,1461,41.3,53,0,0,0,0,0,0,10.0,305.8,60339.299999999996,0.15,220.57
6106,M20965,2,300.8,310.9,1522,46.2,56,0,0,0,0,0,0,10.099999999999966,305.85,70316.40000000001,0.03,0.0
6107,L53286,1,300.9,311.0,1432,48.1,59,0,0,0,0,0,0,10.100000000000023,305.95,68879.2,0.16,728.96
6108,L53287,1,300.9,311.0,1438,49.0,61,0,0,0,0,0,0,10.100000000000023,305.95,70462.0,0.2,455.0
6109,M20968,2,300.8,310.9,1678,28.1,63,0,0,0,0,0,0,10.099999999999966,305.85,47151.8,0.1,452.87
6110,M20969,2,300.8,310.9,1514,38.7,66,0,0,0,0,0,0,10.099999999999966,305.85,58591.8,0.0,146.22
6111,L53290,1,300.7,310.8,1534,41.3,69,0,0,0,0,0,0,10.100000000000023,305.75,63354.2,0.19,344.3
6112,M20971,2,300.7,310.8,1486,41.2,71,0,0,0,0,0,0,10.100000000000023,305.75,61223.200000000004,0.01,258.06
6113,L53292,1,300.7,310.8,1925,22.0,74,0,0,0,0,0,0,10.100000000000023,305.75,42350.0,0.13,596.43
6114,M20973,2,300.7,310.8,1724,30.0,76,0,0,0,0,0,0,10.100000000000023,305.75,51720.0,0.25,552.52
6115,M20974,2,300.8,310.8,1549,35.5,79,0,0,0,0,0,0,10.0,305.8,54989.5,0.3,644.63
6116,L53295,1,300.8,310.9,1457,47.7,82,0,0,0,0,0,0,10.099999999999966,305.85,69498.90000000001,0.11,408.32
6117,L53296,1,300.8,310.9,1453,43.9,84,0,0,0,0,0,0,10.099999999999966,305.85,63786.7,0.01,604.87
6118,L53297,1,300.8,311.0,1578,44.4,86,0,0,0,0,0,0,10.199999999999989,305.9,70063.2,0.15,710.28
6119,M20978,2,300.9,311.1,1325,61.4,88,0,0,0,0,0,0,10.200000000000045,306.0,81355.0,0.08,447.38
6120,L53299,1,300.9,311.1,1471,39.3,91,0,0,0,0,0,0,10.200000000000045,306.0,57810.299999999996,0.27,827.62
6121,M20980,2,300.9,311.2,1472,40.0,93,0,0,0,0,0,0,10.300000000000011,306.04999999999995,58880.0,0.21,638.21
6122,L53301,1,300.9,311.1,1457,37.4,96,0,0,0,0,0,0,10.200000000000045,306.0,54491.799999999996,0.12,549.37
6123,L53302,1,301.0,311.0,1402,55.3,98,0,0,0,0,0,0,10.0,306.0,77530.59999999999,0.23,712.54
6124,L53303,1,300.9,310.9,1477,41.5,100,0,0,0,0,0,0,10.0,305.9,61295.5,0.1,696.49
6125,M20984,2,300.9,310.9,1727,30.1,102,0,0,0,0,0,0,10.0,305.9,51982.700000000004,0.16,536.17
6126,L53305,1,300.9,310.9,1995,20.2,105,0,0,0,0,0,0,10.0,305.9,40299.0,0.28,880.36
6127,L53306,1,300.9,310.9,1370,52.5,107,0,0,0,0,0,0,10.0,305.9,71925.0,0.06,969.67
6128,L53307,1,300.9,310.9,1228,66.4,109,0,0,0,0,0,0,10.0,305.9,81539.20000000001,0.09,662.47
6129,L53308,1,300.9,311.0,1499,38.0,111,0,0,0,0,0,0,10.100000000000023,305.95,56962.0,0.27,830.36
6130,M20989,2,301.0,311.0,1508,46.9,113,0,0,0,0,0,0,10.0,306.0,70725.2,0.14,692.37
6131,L53310,1,301.0,310.9,1473,44.2,116,0,0,0,0,0,0,9.899999999999977,305.95,65106.600000000006,0.1,751.73
6132,H35545,0,301.0,311.0,1640,37.6,118,0,0,0,0,0,0,10.0,306.0,61664.0,0.01,358.44
6133,L53312,1,301.1,311.1,1429,42.5,123,0,0,0,0,0,0,10.0,306.1,60732.5,0.13,1000.16
6134,L53313,1,301.1,311.1,1470,40.9,125,0,0,0,0,0,0,10.0,306.1,60123.0,0.15,922.18
6135,L53314,1,301.0,311.0,1581,37.0,127,0,0,0,0,0,0,10.0,306.0,58497.0,0.12,658.32
6136,L53315,1,301.0,310.9,1740,28.9,129,0,0,0,0,0,0,9.899999999999977,305.95,50286.0,0.08,729.73
6137,H35550,0,300.9,310.8,1390,40.6,131,0,0,0,0,0,0,9.900000000000034,305.85,56434.0,0.11,681.4
6138,M20997,2,300.9,310.8,1988,19.7,136,0,0,0,0,0,0,9.900000000000034,305.85,39163.6,0.19,914.89
6139,M20998,2,300.8,310.7,1452,43.0,139,0,0,0,0,0,0,9.899999999999977,305.75,62436.0,0.27,974.2
6140,L53319,1,300.8,310.7,1586,33.4,142,0,0,0,0,0,0,9.899999999999977,305.75,52972.399999999994,0.19,934.3
6141,L53320,1,300.8,310.7,1589,34.3,144,0,0,0,0,0,0,9.899999999999977,305.75,54502.7,0.19,755.75
6142,L53321,1,300.8,310.8,1486,45.7,146,0,0,0,0,0,0,10.0,305.8,67910.2,0.25,907.77
6143,L53322,1,300.9,310.9,1755,27.9,148,0,0,0,0,0,0,10.0,305.9,48964.5,0.05,961.91
6144,M21003,2,301.0,310.9,1575,34.6,150,0,0,0,0,0,0,9.899999999999977,305.95,54495.0,0.09,759.93
6145,M21004,2,301.1,311.1,1615,37.7,153,0,0,0,0,0,0,10.0,306.1,60885.50000000001,0.02,388.48
6146,M21005,2,301.1,311.1,1436,41.8,156,0,0,0,0,0,0,10.0,306.1,60024.799999999996,0.1,857.41
6147,M21006,2,301.1,311.1,1470,40.6,159,0,0,0,0,0,0,10.0,306.1,59682.0,0.3,1456.72
6148,M21007,2,301.1,311.1,2089,19.8,162,0,0,0,0,0,0,10.0,306.1,41362.200000000004,0.1,1037.33
6149,L53328,1,301.1,311.2,1564,37.0,165,0,0,0,0,0,0,10.099999999999966,306.15,57868.0,0.26,997.38
6150,M21009,2,301.0,311.1,1420,47.4,167,0,0,0,0,0,0,10.100000000000023,306.05,67308.0,0.03,857.41
6151,L53330,1,301.1,311.1,1711,29.1,170,0,0,0,0,0,0,10.0,306.1,49790.100000000006,0.14,1091.98
6152,L53331,1,301.1,311.2,1555,35.3,172,0,0,0,0,0,0,10.099999999999966,306.15,54891.49999999999,0.11,706.56
6153,M21012,2,301.1,311.1,1592,35.7,174,0,0,0,0,0,0,10.0,306.1,56834.4,0.06,801.59
6154,L53333,1,301.0,311.1,1236,64.4,177,1,0,0,0,1,0,10.100000000000023,306.05,79598.40000000001,7.84,8784.75
6155,M21014,2,301.0,310.9,1765,24.2,179,0,0,0,0,0,0,9.899999999999977,305.95,42713.0,0.2,1334.17
6156,L53335,1,301.0,311.0,1634,31.2,182,0,0,0,0,0,0,10.0,306.0,50980.799999999996,0.15,994.1
6157,L53336,1,301.1,311.1,1508,41.5,184,0,0,0,0,0,0,10.0,306.1,62582.0,0.25,1405.05
6158,L53337,1,301.1,311.2,1774,29.6,186,0,0,0,0,0,0,10.099999999999966,306.15,52510.4,0.27,1086.85
6159,L53338,1,301.1,311.0,1677,29.1,188,0,0,0,0,0,0,9.899999999999977,306.05,48800.700000000004,0.14,572.17
6160,L53339,1,301.0,311.0,1399,58.0,190,1,0,0,0,1,0,10.0,306.0,81142.0,8.79,9851.57
6161,L53340,1,301.0,310.9,1570,34.0,192,0,0,0,0,0,0,9.899999999999977,305.95,53380.0,0.02,1061.06
6162,L53341,1,301.0,310.9,1479,44.3,194,0,0,0,0,0,0,9.899999999999977,305.95,65519.7,0.08,1160.43
6163,L53342,1,301.0,310.8,1558,34.9,196,0,0,0,0,0,0,9.800000000000011,305.9,54374.2,0.13,1214.57
6164,L53343,1,300.8,310.7,1358,48.1,198,0,0,0,0,0,0,9.899999999999977,305.75,65319.8,0.17,1188.76
6165,H35578,0,300.9,310.7,1656,30.7,200,0,0,0,0,0,0,9.800000000000011,305.79999999999995,50839.2,0.16,1121.18
6166,L53345,1,300.9,310.7,1523,35.8,205,0,0,0,0,0,0,9.800000000000011,305.79999999999995,54523.399999999994,0.17,1161.9
6167,H35580,0,300.9,310.7,1403,40.6,207,0,0,0,0,0,0,9.800000000000011,305.79999999999995,56961.8,0.27,1235.94
6168,M21027,2,300.9,310.7,1362,51.6,212,0,0,0,0,0,0,9.800000000000011,305.79999999999995,70279.2,0.08,1079.94
6169,M21028,2,300.7,310.6,1778,27.1,215,0,0,0,0,0,0,9.900000000000034,305.65,48183.8,0.25,1053.34
6170,L53349,1,300.7,310.5,1448,38.2,218,0,0,0,0,0,0,9.800000000000011,305.6,55313.600000000006,0.17,1077.85
6171,H35584,0,300.8,310.5,1559,40.1,220,0,0,0,0,0,0,9.699999999999989,305.65,62515.9,0.15,1225.49
6172,L53351,1,300.8,310.6,1416,42.2,225,0,0,0,0,0,0,9.800000000000011,305.70000000000005,59755.200000000004,0.09,878.87
6173,L53352,1,300.8,310.6,1577,37.9,227,1,1,0,0,0,0,9.800000000000011,305.70000000000005,59768.299999999996,1.75,2583.82
6174,L53353,1,300.8,310.7,1633,27.8,0,0,0,0,0,0,0,9.899999999999977,305.75,45397.4,0.12,69.86
6175,L53354,1,300.9,310.7,1573,31.2,2,0,0,0,0,0,0,9.800000000000011,305.79999999999995,49077.6,0.23,220.75
6176,L53355,1,300.9,310.8,1517,44.3,4,0,0,0,0,0,0,9.900000000000034,305.85,67203.09999999999,0.14,113.0
6177,L53356,1,301.0,310.9,1515,37.3,6,0,0,0,0,0,0,9.899999999999977,305.95,56509.49999999999,0.05,0.0
6178,L53357,1,301.0,310.8,1527,45.3,8,0,0,0,0,0,0,9.800000000000011,305.9,69173.09999999999,0.23,502.86
6179,L53358,1,301.1,310.9,1282,67.9,10,1,0,0,1,0,0,9.799999999999955,306.0,87047.8,3.91,3744.57
6180,M21039,2,301.1,310.9,1396,45.1,12,0,0,0,0,0,0,9.799999999999955,306.0,62959.6,0.28,217.28
6181,L53360,1,301.0,310.9,1492,44.6,15,0,0,0,0,0,0,9.899999999999977,305.95,66543.2,0.16,45.73
6182,L53361,1,301.0,310.8,1975,19.7,17,0,0,0,0,0,0,9.800000000000011,305.9,38907.5,0.2,479.85
6183,L53362,1,301.0,310.8,1475,35.3,19,0,0,0,0,0,0,9.800000000000011,305.9,52067.49999999999,0.14,298.21
6184,H35597,0,301.0,310.9,1495,37.3,21,0,0,0,0,0,0,9.899999999999977,305.95,55763.49999999999,0.2,234.01
6185,L53364,1,301.0,311.0,1553,35.8,26,0,0,0,0,0,0,10.0,306.0,55597.399999999994,0.13,178.45
6186,L53365,1,301.1,311.0,1918,21.7,28,0,0,0,0,0,0,9.899999999999977,306.05,41620.6,0.04,206.94
6187,M21046,2,301.1,311.0,1413,46.6,30,0,0,0,0,0,0,9.899999999999977,306.05,65845.8,0.3,263.02
6188,L53367,1,301.0,311.0,1437,56.0,33,0,0,0,0,0,0,10.0,306.0,80472.0,0.22,442.11
6189,L53368,1,301.0,310.9,1450,45.9,35,0,0,0,0,0,0,9.899999999999977,305.95,66555.0,0.18,272.7
6190,M21049,2,301.0,310.9,1910,21.9,37,0,0,0,0,0,0,9.899999999999977,305.95,41829.0,0.14,402.95
6191,L53370,1,300.9,310.9,1749,26.4,40,0,0,0,0,0,0,10.0,305.9,46173.6,0.21,482.86
6192,H35605,0,301.0,310.9,1916,22.0,42,0,0,0,0,0,0,9.899999999999977,305.95,42152.0,0.04,160.96
6193,L53372,1,301.0,310.9,1428,45.3,47,0,0,0,0,0,0,9.899999999999977,305.95,64688.399999999994,0.1,27.09
6194,L53373,1,301.0,310.9,1578,38.4,49,0,0,0,0,0,0,9.899999999999977,305.95,60595.2,0.04,247.98
6195,L53374,1,300.9,310.8,1571,39.9,51,0,0,0,0,0,0,9.900000000000034,305.85,62682.899999999994,0.04,77.58
6196,L53375,1,300.9,310.8,1729,30.2,53,0,0,0,0,0,0,9.900000000000034,305.85,52215.799999999996,0.01,286.8
6197,L53376,1,300.9,310.8,1701,30.4,55,0,0,0,0,0,0,9.900000000000034,305.85,51710.399999999994,0.23,466.51
6198,L53377,1,300.9,310.8,1493,45.8,57,0,0,0,0,0,0,9.900000000000034,305.85,68379.4,0.07,266.8
6199,M21058,2,301.0,310.9,1554,32.7,59,0,0,0,0,0,0,9.899999999999977,305.95,50815.8,0.25,350.67
6200,L53379,1,300.9,310.9,1497,43.2,62,0,0,0,0,0,0,10.0,305.9,64670.4,0.27,758.02
6201,L53380,1,301.0,310.9,1679,29.8,64,0,0,0,0,0,0,9.899999999999977,305.95,50034.200000000004,0.05,301.95
6202,M21061,2,301.0,310.9,1510,44.5,66,0,0,0,0,0,0,9.899999999999977,305.95,67195.0,0.21,893.0
6203,L53382,1,301.0,310.9,1296,54.9,69,0,0,0,0,0,0,9.899999999999977,305.95,71150.4,0.14,490.24
6204,L53383,1,301.0,310.9,1404,41.8,71,0,0,0,0,0,0,9.899999999999977,305.95,58687.2,0.28,687.74
6205,M21064,2,300.9,310.8,1519,34.9,73,0,0,0,0,0,0,9.900000000000034,305.85,53013.1,0.15,520.88
6206,M21065,2,300.9,310.7,1696,27.3,76,0,0,0,0,0,0,9.800000000000011,305.79999999999995,46300.8,0.11,541.24
6207,M21066,2,300.8,310.6,1669,28.4,79,0,0,0,0,0,0,9.800000000000011,305.70000000000005,47399.6,0.09,648.9
6208,L53387,1,300.7,310.6,1447,40.7,82,0,0,0,0,0,0,9.900000000000034,305.65,58892.9,0.27,845.63
6209,M21068,2,300.7,310.6,1418,46.3,84,0,0,0,0,0,0,9.900000000000034,305.65,65653.4,0.07,225.01
6210,L53389,1,300.7,310.6,1407,40.5,87,0,0,0,0,0,0,9.900000000000034,305.65,56983.5,0.25,813.32
6211,L53390,1,300.8,310.5,1434,44.5,89,0,0,0,0,0,0,9.699999999999989,305.65,63813.0,0.06,579.57
6212,L53391,1,300.8,310.6,1360,48.8,91,0,0,0,0,0,0,9.800000000000011,305.70000000000005,66368.0,0.19,650.38
6213,L53392,1,300.8,310.6,1402,53.7,93,0,0,0,0,0,0,9.800000000000011,305.70000000000005,75287.40000000001,0.14,861.88
6214,L53393,1,300.9,310.6,1552,34.9,95,0,0,0,0,0,0,9.700000000000045,305.75,54164.799999999996,0.03,767.92
6215,L53394,1,300.9,310.7,1392,44.2,97,0,0,0,0,0,0,9.800000000000011,305.79999999999995,61526.4,0.04,660.69
6216,L53395,1,301.1,310.8,1521,41.0,99,0,0,0,0,0,0,9.699999999999989,305.95000000000005,62361.0,0.08,493.47
6217,L53396,1,301.1,310.8,1724,27.5,101,0,0,0,0,0,0,9.699999999999989,305.95000000000005,47410.0,0.23,556.13
6218,M21077,2,301.0,310.7,1455,46.1,103,0,0,0,0,0,0,9.699999999999989,305.85,67075.5,0.22,848.16
6219,H35632,0,301.0,310.6,1366,50.6,106,0,0,0,0,0,0,9.600000000000023,305.8,69119.6,0.06,793.93
6220,H35633,0,301.1,310.6,1407,43.9,111,0,0,0,0,0,0,9.5,305.85,61767.299999999996,0.14,390.7
6221,L53400,1,301.1,310.8,1470,49.3,116,0,0,0,0,0,0,9.699999999999989,305.95000000000005,72471.0,0.03,772.94
6222,M21081,2,301.2,310.9,1359,50.8,118,0,0,0,0,0,0,9.699999999999989,306.04999999999995,69037.2,0.21,761.77
6223,H35636,0,301.1,310.8,1792,25.8,121,0,0,0,0,0,0,9.699999999999989,305.95000000000005,46233.6,0.24,573.65
6224,M21083,2,301.1,310.9,1552,37.9,126,0,0,0,0,0,0,9.799999999999955,306.0,58820.799999999996,0.27,970.41
6225,L53404,1,301.2,311.0,1612,32.9,129,0,0,0,0,0,0,9.800000000000011,306.1,53034.799999999996,0.27,1051.41
6226,M21085,2,301.2,311.0,1424,41.4,131,0,0,0,0,0,0,9.800000000000011,306.1,58953.6,0.1,702.3
6227,H35640,0,301.3,311.0,1341,59.3,134,0,0,0,0,0,0,9.699999999999989,306.15,79521.3,0.08,591.4
6228,L53407,1,301.2,310.8,1479,38.2,139,0,0,0,0,0,0,9.600000000000023,306.0,56497.8,0.27,1221.81
6229,L53408,1,301.2,310.9,1413,50.1,141,0,0,0,0,0,0,9.699999999999989,306.04999999999995,70791.3,0.04,644.7
6230,L53409,1,301.3,310.9,2165,17.4,143,0,0,0,0,0,0,9.599999999999966,306.1,37671.0,0.02,908.92
6231,M21090,2,301.3,311.0,1641,33.0,145,0,0,0,0,0,0,9.699999999999989,306.15,54153.0,0.09,588.04
6232,M21091,2,301.3,311.0,1495,40.8,148,0,0,0,0,0,0,9.699999999999989,306.15,60995.99999999999,0.23,1032.4
6233,L53412,1,301.3,311.0,1576,30.4,151,0,0,0,0,0,0,9.699999999999989,306.15,47910.399999999994,0.21,1023.13
6234,L53413,1,301.2,310.9,1467,37.1,153,0,0,0,0,0,0,9.699999999999989,306.04999999999995,54425.700000000004,0.3,1196.01
6235,L53414,1,301.2,310.8,1479,41.2,155,0,0,0,0,0,0,9.600000000000023,306.0,60934.8,0.11,1108.95
6236,L53415,1,301.3,310.9,1596,33.9,157,0,0,0,0,0,0,9.599999999999966,306.1,54104.399999999994,0.08,742.96
6237,M21096,2,301.3,310.9,1512,36.9,159,0,0,0,0,0,0,9.599999999999966,306.1,55792.799999999996,0.11,983.12
6238,L53417,1,301.4,310.9,1414,38.8,162,0,0,0,0,0,0,9.5,306.15,54863.2,0.23,835.01
6239,L53418,1,301.3,310.8,1390,57.4,164,0,0,0,0,0,0,9.5,306.05,79786.0,0.06,673.31
6240,L53419,1,301.2,310.7,1644,31.6,166,0,0,0,0,0,0,9.5,305.95,51950.4,0.28,1023.25
6241,M21100,2,301.2,310.7,1394,42.8,168,0,0,0,0,0,0,9.5,305.95,59663.2,0.15,1051.4
6242,L53421,1,301.1,310.5,1324,52.4,171,0,0,0,0,0,0,9.399999999999977,305.8,69377.59999999999,0.23,1336.53
6243,L53422,1,301.0,310.4,1476,43.6,173,0,0,0,0,0,0,9.399999999999977,305.7,64353.6,0.25,1393.84
6244,L53423,1,301.0,310.4,2204,16.6,175,0,0,0,0,0,0,9.399999999999977,305.7,36586.4,0.14,961.77
6245,M21104,2,301.0,310.4,1665,30.9,177,0,0,0,0,0,0,9.399999999999977,305.7,51448.5,0.22,1150.83
6246,L53425,1,300.9,310.4,1445,41.7,180,0,0,0,0,0,0,9.5,305.65,60256.50000000001,0.11,1151.45
6247,H35660,0,300.8,310.3,1457,46.8,182,0,0,0,0,0,0,9.5,305.55,68187.59999999999,0.24,1264.81
6248,L53427,1,300.8,310.2,1492,46.3,187,0,0,0,0,0,0,9.399999999999977,305.5,69079.59999999999,0.25,1159.58
6249,L53428,1,300.8,310.1,1405,61.2,189,1,0,0,1,1,0,9.300000000000011,305.45000000000005,85986.0,7.45,8406.42
6250,L53429,1,300.7,310.1,1542,35.5,191,0,0,0,0,0,0,9.400000000000034,305.4,54741.0,0.07,1008.47
6251,L53430,1,300.8,310.2,1520,37.7,193,0,0,0,0,0,0,9.399999999999977,305.5,57304.00000000001,0.29,1223.74
6252,M21111,2,300.8,310.2,1598,36.5,195,0,0,0,0,0,0,9.399999999999977,305.5,58327.0,0.28,1203.79
6253,L53432,1,300.8,310.3,1538,36.1,198,0,0,0,0,0,0,9.5,305.55,55521.8,0.19,1162.05
6254,L53433,1,300.9,310.4,1615,30.9,200,0,0,0,0,0,0,9.5,305.65,49903.5,0.3,1239.13
6255,L53434,1,301.0,310.5,1408,47.0,202,0,0,0,0,0,0,9.5,305.75,66176.0,0.15,989.69
6256,L53435,1,301.0,310.5,1379,57.3,204,1,0,0,0,1,0,9.5,305.75,79016.7,8.74,9889.39
6257,L53436,1,301.0,310.6,1493,37.8,206,1,1,0,0,0,0,9.600000000000023,305.8,56435.399999999994,1.07,2177.44
6258,L53437,1,301.1,310.7,1376,49.1,0,0,0,0,0,0,0,9.599999999999966,305.9,67561.6,0.01,291.49
6259,M21118,2,301.1,310.7,1583,40.7,2,0,0,0,0,0,0,9.599999999999966,305.9,64428.100000000006,0.16,225.43
6260,M21119,2,301.2,310.8,1396,47.4,5,0,0,0,0,0,0,9.600000000000023,306.0,66170.4,0.2,162.46
6261,L53440,1,301.1,310.7,1436,45.3,8,0,0,0,0,0,0,9.599999999999966,305.9,65050.799999999996,0.03,0.0
6262,L53441,1,301.1,310.6,1417,47.6,10,0,0,0,0,0,0,9.5,305.85,67449.2,0.08,137.1
6263,L53442,1,301.0,310.6,1641,33.4,12,0,0,0,0,0,0,9.600000000000023,305.8,54809.399999999994,0.22,362.93
6264,M21123,2,301.0,310.6,1698,27.3,14,0,0,0,0,0,0,9.600000000000023,305.8,46355.4,0.24,273.29
6265,L53444,1,300.9,310.4,1541,39.1,17,0,0,0,0,0,0,9.5,305.65,60253.100000000006,0.3,164.46
6266,L53445,1,300.8,310.3,1383,46.6,19,0,0,0,0,0,0,9.5,305.55,64447.8,0.08,64.15
6267,L53446,1,300.8,310.4,1368,46.8,21,0,0,0,0,0,0,9.599999999999966,305.6,64022.399999999994,0.25,357.7
6268,L53447,1,300.8,310.4,1570,35.2,23,0,0,0,0,0,0,9.599999999999966,305.6,55264.00000000001,0.05,276.04
6269,L53448,1,300.9,310.5,1616,33.5,25,0,0,0,0,0,0,9.600000000000023,305.7,54136.0,0.04,0.0
6270,M21129,2,300.9,310.5,1444,43.2,27,0,0,0,0,0,0,9.600000000000023,305.7,62380.8,0.22,394.76
6271,L53450,1,300.9,310.4,2021,18.8,30,0,0,0,0,0,0,9.5,305.65,37994.8,0.13,313.17
6272,M21131,2,300.9,310.5,1702,29.3,32,0,0,0,0,0,0,9.600000000000023,305.7,49868.6,0.24,332.26
6273,M21132,2,301.1,310.6,1429,52.7,35,0,0,0,0,0,0,9.5,305.85,75308.3,0.08,166.96
6274,L53453,1,301.2,310.8,1711,28.9,38,0,0,0,0,0,0,9.600000000000023,306.0,49447.899999999994,0.06,139.55
6275,M21134,2,301.2,310.7,1543,32.9,40,0,0,0,0,0,0,9.5,305.95,50764.7,0.16,381.12
6276,L53455,1,301.3,310.8,1628,32.2,43,0,0,0,0,0,0,9.5,306.05,52421.600000000006,0.03,414.02
6277,L53456,1,301.2,310.8,1233,64.6,45,0,0,0,0,0,0,9.600000000000023,306.0,79651.79999999999,0.08,484.67
6278,L53457,1,301.2,310.8,1461,40.6,47,0,0,0,0,0,0,9.600000000000023,306.0,59316.6,0.05,116.4
6279,L53458,1,301.2,310.7,1568,38.3,49,0,0,0,0,0,0,9.5,305.95,60054.399999999994,0.1,316.95
6280,L53459,1,301.3,310.8,1432,54.4,51,0,0,0,0,0,0,9.5,306.05,77900.8,0.23,155.97
6281,M21140,2,301.2,310.7,1527,41.1,53,0,0,0,0,0,0,9.5,305.95,62759.700000000004,0.04,321.38
6282,M21141,2,301.3,310.8,1455,41.2,56,0,0,0,0,0,0,9.5,306.05,59946.00000000001,0.18,549.65
6283,M21142,2,301.3,310.8,1418,45.4,59,0,0,0,0,0,0,9.5,306.05,64377.2,0.18,710.64
6284,L53463,1,301.3,310.8,1719,29.5,62,0,0,0,0,0,0,9.5,306.05,50710.5,0.16,202.03
6285,M21144,2,301.2,310.8,1734,31.3,64,0,0,0,0,0,0,9.600000000000023,306.0,54274.200000000004,0.15,306.79
6286,M21145,2,301.2,310.7,1426,46.1,67,0,0,0,0,0,0,9.5,305.95,65738.6,0.2,556.62
6287,L53466,1,301.1,310.6,1611,35.2,70,0,0,0,0,0,0,9.5,305.85,56707.200000000004,0.26,367.24
6288,M21147,2,301.1,310.6,1479,41.1,72,0,0,0,0,0,0,9.5,305.85,60786.9,0.05,435.83
6289,L53468,1,301.0,310.5,1317,50.9,75,0,0,0,0,0,0,9.5,305.75,67035.3,0.24,708.45
6290,L53469,1,301.0,310.5,1248,61.4,77,0,0,0,0,0,0,9.5,305.75,76627.2,0.02,212.81
6291,L53470,1,301.0,310.5,1932,21.7,79,0,0,0,0,0,0,9.5,305.75,41924.4,0.14,554.89
6292,M21151,2,301.1,310.5,1547,35.8,81,0,0,0,0,0,0,9.399999999999977,305.8,55382.6,0.15,373.17
6293,L53472,1,301.0,310.4,1614,31.6,84,0,0,0,0,0,0,9.399999999999977,305.7,51002.4,0.06,686.31
6294,H35707,0,301.0,310.4,1512,44.9,86,0,0,0,0,0,0,9.399999999999977,305.7,67888.8,0.03,491.0
6295,L53474,1,301.1,310.5,1529,38.7,91,0,0,0,0,0,0,9.399999999999977,305.8,59172.3,0.02,378.99
6296,H35709,0,301.1,310.6,1782,24.9,93,0,0,0,0,0,0,9.5,305.85,44371.799999999996,0.01,289.28
6297,L53476,1,301.0,310.5,1429,39.4,98,0,0,0,0,0,0,9.5,305.75,56302.6,0.17,718.37
6298,M21157,2,301.1,310.5,1309,60.7,100,0,0,0,0,0,0,9.399999999999977,305.8,79456.3,0.05,753.69
6299,L53478,1,301.1,310.5,1428,44.1,103,0,0,0,0,0,0,9.399999999999977,305.8,62974.8,0.24,639.27
6300,L53479,1,301.2,310.6,1385,49.2,105,0,0,0,0,0,0,9.400000000000034,305.9,68142.0,0.27,729.05
6301,L53480,1,301.2,310.7,1517,39.4,107,0,0,0,0,0,0,9.5,305.95,59769.799999999996,0.09,512.18
6302,M21161,2,301.2,310.6,1576,39.6,109,0,0,0,0,0,0,9.400000000000034,305.9,62409.600000000006,0.05,828.32
6303,L53482,1,301.2,310.6,1437,51.2,112,0,0,0,0,0,0,9.400000000000034,305.9,73574.40000000001,0.12,393.7
6304,H35717,0,301.2,310.6,1457,50.5,114,0,0,0,0,0,0,9.400000000000034,305.9,73578.5,0.26,1022.84
6305,L53484,1,301.1,310.5,1532,37.5,119,0,0,0,0,0,0,9.399999999999977,305.8,57450.0,0.12,658.42
6306,M21165,2,301.1,310.5,1603,32.6,121,0,0,0,0,0,0,9.399999999999977,305.8,52257.8,0.03,624.26
6307,L53486,1,301.0,310.4,1563,34.4,124,0,0,0,0,0,0,9.399999999999977,305.7,53767.2,0.3,868.9
6308,L53487,1,301.0,310.3,1617,34.5,126,0,0,0,0,0,0,9.300000000000011,305.65,55786.5,0.15,815.94
6309,M21168,2,300.8,310.1,1686,26.9,128,0,0,0,0,0,0,9.300000000000011,305.45000000000005,45353.399999999994,0.1,630.53
6310,L53489,1,300.9,310.2,1382,50.4,131,0,0,0,0,0,0,9.300000000000011,305.54999999999995,69652.8,0.27,1083.76
6311,L53490,1,300.9,310.1,2090,17.8,133,0,0,0,0,0,0,9.200000000000045,305.5,37202.0,0.28,1109.85
6312,L53491,1,300.9,310.3,1446,44.5,135,0,0,0,0,0,0,9.400000000000034,305.6,64347.0,0.15,677.49
6313,M21172,2,300.9,310.2,1533,38.1,137,0,0,0,0,0,0,9.300000000000011,305.54999999999995,58407.3,0.09,875.12
6314,L53493,1,300.9,310.3,1440,47.6,140,0,0,0,0,0,0,9.400000000000034,305.6,68544.0,0.14,786.53
6315,M21174,2,301.0,310.4,1793,25.0,142,0,0,0,0,0,0,9.399999999999977,305.7,44825.0,0.07,787.75
6316,M21175,2,301.0,310.4,1517,46.1,145,0,0,0,0,0,0,9.399999999999977,305.7,69933.7,0.14,1093.77
6317,L53496,1,300.9,310.4,1544,36.0,148,0,0,0,0,0,0,9.5,305.65,55584.0,0.07,708.89
6318,L53497,1,300.9,310.3,1321,48.8,150,0,0,0,0,0,0,9.400000000000034,305.6,64464.799999999996,0.19,1078.98
6319,M21178,2,300.9,310.3,1416,50.9,152,0,0,0,0,0,0,9.400000000000034,305.6,72074.4,0.23,1058.57
6320,L53499,1,300.8,310.2,1514,40.0,155,0,0,0,0,0,0,9.399999999999977,305.5,60560.0,0.29,1035.9
6321,M21180,2,300.8,310.2,1304,52.5,157,0,0,0,0,0,0,9.399999999999977,305.5,68460.0,0.25,1090.11
6322,L53501,1,300.7,310.2,1286,64.9,160,0,0,0,0,0,0,9.5,305.45,83461.40000000001,0.03,867.26
6323,M21182,2,300.7,310.1,1483,40.2,162,0,0,0,0,0,0,9.400000000000034,305.4,59616.600000000006,0.06,696.25
6324,L53503,1,300.7,310.1,1351,46.9,165,0,0,0,0,0,0,9.400000000000034,305.4,63361.9,0.16,893.99
6325,M21184,2,300.7,310.1,1367,52.6,167,0,0,0,0,0,0,9.400000000000034,305.4,71904.2,0.08,758.21
6326,L53505,1,300.7,310.1,1721,32.3,170,0,0,0,0,0,0,9.400000000000034,305.4,55588.299999999996,0.0,808.51
6327,L53506,1,300.6,310.0,1455,40.4,172,0,0,0,0,0,0,9.399999999999977,305.3,58782.0,0.23,1291.76
6328,L53507,1,300.6,310.0,1425,49.5,174,0,0,0,0,0,0,9.399999999999977,305.3,70537.5,0.11,1067.15
6329,L53508,1,300.7,310.0,1672,29.7,176,0,0,0,0,0,0,9.300000000000011,305.35,49658.4,0.02,685.11
6330,M21189,2,300.7,310.0,1641,34.6,178,0,0,0,0,0,0,9.300000000000011,305.35,56778.600000000006,0.15,998.99
6331,M21190,2,300.5,310.0,1580,37.0,181,0,0,0,0,0,0,9.5,305.25,58460.0,0.29,1230.04
6332,H35745,0,300.5,310.0,1495,47.4,184,0,0,0,0,0,0,9.5,305.25,70863.0,0.2,1231.61
6333,M21192,2,300.5,309.9,1994,19.8,189,0,0,0,0,0,0,9.399999999999977,305.2,39481.200000000004,0.05,897.38
6334,M21193,2,300.4,309.9,1415,31.8,192,0,0,0,0,0,0,9.5,305.15,44997.0,0.15,924.39
6335,M21194,2,300.4,309.8,1725,30.4,195,0,0,0,0,0,0,9.400000000000034,305.1,52440.0,0.27,1236.55
6336,M21195,2,300.4,309.8,1430,43.4,198,0,0,0,0,0,0,9.400000000000034,305.1,62062.0,0.02,1095.35
6337,L53516,1,300.4,309.8,1395,48.1,201,0,0,0,0,0,0,9.400000000000034,305.1,67099.5,0.19,1230.23
6338,M21197,2,300.4,309.8,1435,43.6,203,0,0,0,0,0,0,9.400000000000034,305.1,62566.0,0.22,1102.3
6339,L53518,1,300.4,309.9,1681,28.6,206,0,0,0,0,0,0,9.5,305.15,48076.600000000006,0.21,1503.19
6340,L53519,1,300.5,310.0,1451,48.6,208,0,0,0,0,0,0,9.5,305.25,70518.6,0.05,1075.18
6341,H35754,0,300.5,309.9,1397,45.9,210,1,1,0,0,0,0,9.399999999999977,305.2,64122.299999999996,1.8,2879.06
6342,M21201,2,300.4,309.8,1421,47.2,0,0,0,0,0,0,0,9.400000000000034,305.1,67071.2,0.1,0.7
6343,M21202,2,300.3,309.8,1444,42.0,3,0,0,0,0,0,0,9.5,305.05,60648.0,0.02,200.98
6344,L53523,1,300.2,309.8,1827,23.0,6,0,0,0,0,0,0,9.600000000000023,305.0,42021.0,0.02,135.78
6345,H35758,0,300.2,309.8,1374,47.7,8,0,0,0,0,0,0,9.600000000000023,305.0,65539.8,0.14,227.2
6346,L53525,1,300.2,309.8,1650,29.6,13,0,0,0,0,0,0,9.600000000000023,305.0,48840.0,0.01,0.0
6347,L53526,1,300.2,309.7,1275,60.7,15,0,0,0,0,0,0,9.5,304.95,77392.5,0.23,469.1
6348,L53527,1,300.2,309.7,1421,44.6,17,0,0,0,0,0,0,9.5,304.95,63376.6,0.26,458.54
6349,L53528,1,300.2,309.8,1557,33.8,19,0,0,0,0,0,0,9.600000000000023,305.0,52626.6,0.0,247.24
6350,L53529,1,300.1,309.8,1506,35.2,21,0,0,0,0,0,0,9.699999999999989,304.95000000000005,53011.200000000004,0.24,350.55
6351,L53530,1,300.1,309.7,1362,49.1,23,0,0,0,0,0,0,9.599999999999966,304.9,66874.2,0.29,393.77
6352,L53531,1,300.0,309.7,1542,47.1,25,0,0,0,0,0,0,9.699999999999989,304.85,72628.2,0.01,107.69
6353,L53532,1,300.0,309.6,1496,38.8,27,0,0,0,0,0,0,9.600000000000023,304.8,58044.799999999996,0.22,696.85
6354,M21213,2,300.0,309.6,1491,42.0,29,0,0,0,0,0,0,9.600000000000023,304.8,62622.0,0.3,363.63
6355,L53534,1,300.1,309.6,1565,34.8,32,0,0,0,0,0,0,9.5,304.85,54461.99999999999,0.24,222.06
6356,L53535,1,300.1,309.7,1481,37.9,34,0,0,0,0,0,0,9.599999999999966,304.9,56129.9,0.15,264.01
6357,M21216,2,300.1,309.7,1420,48.4,36,0,0,0,0,0,0,9.599999999999966,304.9,68728.0,0.27,370.03
6358,L53537,1,300.2,309.8,1398,54.8,39,0,0,0,0,0,0,9.600000000000023,305.0,76610.4,0.21,593.98
6359,M21218,2,300.2,309.8,1466,45.7,41,0,0,0,0,0,0,9.600000000000023,305.0,66996.2,0.09,91.6
6360,L53539,1,300.1,309.8,1430,56.7,44,0,0,0,0,0,0,9.699999999999989,304.95000000000005,81081.0,0.07,205.81
6361,L53540,1,300.1,309.7,1441,40.1,46,0,0,0,0,0,0,9.599999999999966,304.9,57784.1,0.15,408.58
6362,M21221,2,300.1,309.7,1348,57.3,48,0,0,0,0,0,0,9.599999999999966,304.9,77240.4,0.11,540.24
6363,L53542,1,300.0,309.6,1738,28.7,51,0,0,0,0,0,0,9.600000000000023,304.8,49880.6,0.1,461.97
6364,M21223,2,300.0,309.6,1618,36.2,53,0,0,0,0,0,0,9.600000000000023,304.8,58571.600000000006,0.05,557.85
6365,M21224,2,299.9,309.6,1489,41.7,56,0,0,0,0,0,0,9.700000000000045,304.75,62091.3,0.25,581.87
6366,M21225,2,299.9,309.5,1412,57.9,59,0,0,0,0,0,0,9.600000000000023,304.7,81754.8,0.21,474.46
6367,M21226,2,299.9,309.5,2065,18.1,62,0,0,0,0,0,0,9.600000000000023,304.7,37376.5,0.1,538.33
6368,L53547,1,300.0,309.6,1571,33.1,65,0,0,0,0,0,0,9.600000000000023,304.8,52000.100000000006,0.07,189.93
6369,M21228,2,300.0,309.6,1423,48.7,67,0,0,0,0,0,0,9.600000000000023,304.8,69300.1,0.04,118.52
6370,H35783,0,300.0,309.5,1781,24.9,70,0,0,0,0,0,0,9.5,304.75,44346.899999999994,0.03,526.44
6371,L53550,1,300.1,309.6,1321,46.9,75,0,0,0,0,0,0,9.5,304.85,61954.9,0.19,596.59
6372,L53551,1,300.1,309.6,1546,36.7,77,0,0,0,0,0,0,9.5,304.85,56738.200000000004,0.03,559.6
6373,M21232,2,300.0,309.5,1879,22.4,79,0,0,0,0,0,0,9.5,304.75,42089.6,0.29,557.14
6374,H35787,0,300.0,309.5,1735,28.9,82,0,0,0,0,0,0,9.5,304.75,50141.5,0.08,682.72
6375,L53554,1,300.0,309.5,1506,38.8,87,0,0,0,0,0,0,9.5,304.75,58432.799999999996,0.01,545.55
6376,H35789,0,300.0,309.6,1629,32.3,89,0,0,0,0,0,0,9.600000000000023,304.8,52616.7,0.26,700.33
6377,L53556,1,300.0,309.6,1694,28.7,94,0,0,0,0,0,0,9.600000000000023,304.8,48617.799999999996,0.11,611.1
6378,L53557,1,300.1,309.6,1541,37.0,96,0,0,0,0,0,0,9.5,304.85,57017.0,0.1,632.04
6379,L53558,1,300.0,309.6,1514,44.6,98,0,0,0,0,0,0,9.600000000000023,304.8,67524.40000000001,0.04,401.49
6380,L53559,1,300.1,309.7,1485,45.9,100,0,0,0,0,0,0,9.599999999999966,304.9,68161.5,0.2,642.25
6381,L53560,1,300.2,309.8,1430,55.0,102,0,0,0,0,0,0,9.600000000000023,305.0,78650.0,0.11,669.67
6382,L53561,1,300.2,309.7,1771,27.1,104,0,0,0,0,0,0,9.5,304.95,47994.100000000006,0.25,706.23
6383,L53562,1,300.2,309.8,1481,41.9,106,0,0,0,0,0,0,9.600000000000023,305.0,62053.9,0.19,499.59
6384,H35797,0,300.2,309.7,1483,43.8,108,0,0,0,0,0,0,9.5,304.95,64955.399999999994,0.26,844.23
6385,H35798,0,300.1,309.6,1463,45.1,113,0,0,0,0,0,0,9.5,304.85,65981.3,0.19,880.41
6386,L53565,1,300.1,309.7,1410,48.3,118,0,0,0,0,0,0,9.599999999999966,304.9,68103.0,0.23,980.28
6387,L53566,1,300.2,309.7,1656,34.3,120,0,0,0,0,0,0,9.5,304.95,56800.799999999996,0.21,889.85
6388,M21247,2,300.2,309.8,1487,39.2,122,0,0,0,0,0,0,9.600000000000023,305.0,58290.4,0.14,872.75
6389,H35802,0,300.3,309.9,1509,46.6,125,0,0,0,0,0,0,9.599999999999966,305.1,70319.40000000001,0.21,983.13
6390,H35803,0,300.3,309.9,1677,30.1,130,0,0,0,0,0,0,9.599999999999966,305.1,50477.700000000004,0.2,861.95
6391,L53570,1,300.3,309.8,1450,55.0,135,0,0,0,0,0,0,9.5,305.05,79750.0,0.0,357.16
6392,M21251,2,300.2,309.7,1413,43.0,137,0,0,0,0,0,0,9.5,304.95,60759.0,0.21,1068.97
6393,L53572,1,300.1,309.7,1680,33.8,140,0,0,0,0,0,0,9.599999999999966,304.9,56783.99999999999,0.08,646.0
6394,L53573,1,300.2,309.7,1678,30.5,142,0,0,0,0,0,0,9.5,304.95,51179.0,0.16,700.37
6395,M21254,2,300.2,309.7,1408,44.0,144,0,0,0,0,0,0,9.5,304.95,61952.0,0.03,584.49
6396,M21255,2,300.1,309.6,1376,52.1,147,0,0,0,0,0,0,9.5,304.85,71689.6,0.01,1117.69
6397,L53576,1,300.0,309.6,1526,46.4,150,0,0,0,0,0,0,9.600000000000023,304.8,70806.4,0.0,816.08
6398,M21257,2,300.0,309.6,1587,32.6,152,0,0,0,0,0,0,9.600000000000023,304.8,51736.200000000004,0.05,653.76
6399,L53578,1,300.1,309.7,1351,58.2,155,0,0,0,0,0,0,9.599999999999966,304.9,78628.2,0.01,682.49
6400,M21259,2,300.1,309.6,1501,38.0,157,0,0,0,0,0,0,9.5,304.85,57038.0,0.04,824.89
6401,L53580,1,300.1,309.7,1601,35.8,160,0,0,0,0,0,0,9.599999999999966,304.9,57315.799999999996,0.17,1051.36
6402,M21261,2,300.0,309.6,1573,39.7,162,0,0,0,0,0,0,9.600000000000023,304.8,62448.100000000006,0.12,971.89
6403,M21262,2,300.1,309.6,1584,36.7,165,0,0,0,0,0,0,9.5,304.85,58132.8,0.29,975.71
6404,L53583,1,300.1,309.6,1649,33.6,168,0,0,0,0,0,0,9.5,304.85,55406.4,0.24,1127.57
6405,M21264,2,300.2,309.7,1183,61.4,170,0,0,0,0,0,0,9.5,304.95,72636.2,0.04,798.32
6406,L53585,1,300.1,309.7,2151,17.5,173,0,0,0,0,0,0,9.599999999999966,304.9,37642.5,0.13,1152.04
6407,L53586,1,300.2,309.8,1526,45.6,175,0,0,0,0,0,0,9.600000000000023,305.0,69585.6,0.13,1013.44
6408,M21267,2,300.3,309.9,1611,29.0,177,0,0,0,0,0,0,9.599999999999966,305.1,46719.0,0.11,881.1
6409,L53588,1,300.3,309.9,1601,31.7,180,0,0,0,0,0,0,9.599999999999966,305.1,50751.7,0.15,1153.34
6410,L53589,1,300.3,310.0,1560,40.8,182,0,0,0,0,0,0,9.699999999999989,305.15,63647.99999999999,0.2,1167.49
6411,L53590,1,300.4,310.1,1544,41.9,184,0,0,0,0,0,0,9.700000000000045,305.25,64693.6,0.19,1038.77
6412,M21271,2,300.4,310.0,1560,42.3,186,0,0,0,0,0,0,9.600000000000023,305.2,65988.0,0.11,1149.51
6413,L53592,1,300.4,310.0,1423,44.2,189,0,0,0,0,0,0,9.600000000000023,305.2,62896.600000000006,0.21,1249.37
6414,L53593,1,300.4,310.1,1614,33.5,191,0,0,0,0,0,0,9.700000000000045,305.25,54069.0,0.09,1225.27
6415,M21274,2,300.4,310.1,1457,35.1,193,0,0,0,0,0,0,9.700000000000045,305.25,51140.700000000004,0.25,1321.52
6416,L53595,1,300.4,310.1,1503,42.2,196,0,0,0,0,0,0,9.700000000000045,305.25,63426.600000000006,0.29,1237.91
6417,H35830,0,300.4,310.1,1484,38.0,198,0,0,0,0,0,0,9.700000000000045,305.25,56392.0,0.09,826.42
6418,L53597,1,300.3,309.9,1540,39.9,203,0,0,0,0,0,0,9.599999999999966,305.1,61446.0,0.24,1283.0
6419,H35832,0,300.3,309.9,1405,52.1,205,0,0,0,0,0,0,9.599999999999966,305.1,73200.5,0.24,1316.27
6420,H35833,0,300.3,309.9,1394,46.7,210,1,1,0,0,0,0,9.599999999999966,305.1,65099.8,1.92,2977.68
6421,L53600,1,300.3,309.9,1518,36.4,0,0,0,0,0,0,0,9.599999999999966,305.1,55255.2,0.03,0.0
6422,L53601,1,300.3,309.9,1527,41.4,2,0,0,0,0,0,0,9.599999999999966,305.1,63217.799999999996,0.24,351.82
6423,L53602,1,300.3,309.9,1377,55.3,4,0,0,0,0,0,0,9.599999999999966,305.1,76148.09999999999,0.12,3.19
6424,M21283,2,300.3,310.0,1537,37.5,6,0,0,0,0,0,0,9.699999999999989,305.15,57637.5,0.06,192.86
6425,M21284,2,300.3,310.0,1409,43.2,9,0,0,0,0,0,0,9.699999999999989,305.15,60868.8,0.19,490.1
6426,L53605,1,300.3,309.9,1393,56.1,12,0,0,0,0,0,0,9.599999999999966,305.1,78147.3,0.13,152.08
6427,L53606,1,300.2,309.7,1448,36.8,14,0,0,0,0,0,0,9.5,304.95,53286.399999999994,0.03,165.77
6428,L53607,1,300.2,309.8,1418,49.3,16,0,0,0,0,0,0,9.600000000000023,305.0,69907.4,0.3,384.92
6429,M21288,2,300.2,309.8,1743,24.1,18,0,0,0,0,0,0,9.600000000000023,305.0,42006.3,0.07,238.84
6430,M21289,2,300.2,309.8,1394,47.4,21,0,0,0,0,0,0,9.600000000000023,305.0,66075.59999999999,0.15,270.52
6431,L53610,1,300.3,309.8,1523,39.2,24,0,0,0,0,0,0,9.5,305.05,59701.600000000006,0.2,242.45
6432,L53611,1,300.2,309.8,1353,59.4,26,0,0,0,0,0,0,9.600000000000023,305.0,80368.2,0.03,24.26
6433,M21292,2,300.3,309.9,1447,46.5,28,0,0,0,0,0,0,9.599999999999966,305.1,67285.5,0.22,598.57
6434,L53613,1,300.3,309.9,1570,34.0,31,0,0,0,0,0,0,9.599999999999966,305.1,53380.0,0.19,410.78
6435,M21294,2,300.3,309.9,1494,38.5,33,0,0,0,0,0,0,9.599999999999966,305.1,57519.0,0.15,439.58
6436,L53615,1,300.3,309.9,1621,34.1,36,0,0,0,0,0,0,9.599999999999966,305.1,55276.100000000006,0.16,399.86
6437,L53616,1,300.4,310.0,1769,26.1,38,0,0,0,0,0,0,9.600000000000023,305.2,46170.9,0.29,626.37
6438,L53617,1,300.4,310.0,1282,66.1,40,0,0,0,0,0,0,9.600000000000023,305.2,84740.2,0.27,335.6
6439,L53618,1,300.4,310.0,1581,30.3,42,0,0,0,0,0,0,9.600000000000023,305.2,47904.3,0.03,252.48
6440,L53619,1,300.6,310.1,1656,32.7,44,0,0,0,0,0,0,9.5,305.35,54151.200000000004,0.11,405.82
6441,L53620,1,300.6,310.2,1648,31.7,46,0,0,0,0,0,0,9.599999999999966,305.4,52241.6,0.16,583.9
6442,L53621,1,300.7,310.2,1639,31.4,48,0,0,0,0,0,0,9.5,305.45,51464.6,0.28,920.96
6443,L53622,1,300.7,310.2,1348,54.8,50,0,0,0,0,0,0,9.5,305.45,73870.4,0.24,551.13
6444,L53623,1,300.8,310.3,1537,33.3,52,0,0,0,0,0,0,9.5,305.55,51182.1,0.12,280.83
6445,M21304,2,300.8,310.3,1270,61.0,54,0,0,0,0,0,0,9.5,305.55,77470.0,0.27,360.65
6446,L53625,1,300.7,310.3,1662,34.4,57,0,0,0,0,0,0,9.600000000000023,305.5,57172.799999999996,0.11,259.28
6447,M21306,2,300.7,310.3,1471,40.2,59,0,0,0,0,0,0,9.600000000000023,305.5,59134.200000000004,0.08,258.88
6448,L53627,1,300.6,310.1,1337,45.8,62,0,0,0,0,0,0,9.5,305.35,61234.6,0.18,54.84
6449,H35862,0,300.7,310.2,1877,24.8,64,0,0,0,0,0,0,9.5,305.45,46549.6,0.11,328.65
6450,L53629,1,300.6,310.2,1519,44.6,69,0,0,0,0,0,0,9.599999999999966,305.4,67747.40000000001,0.19,642.51
6451,L53630,1,300.6,310.2,1378,47.3,71,0,0,0,0,0,0,9.599999999999966,305.4,65179.399999999994,0.12,486.31
6452,L53631,1,300.7,310.2,1696,27.5,73,0,0,0,0,0,0,9.5,305.45,46640.0,0.24,566.21
6453,L53632,1,300.7,310.1,1376,50.8,75,0,0,0,0,0,0,9.400000000000034,305.4,69900.8,0.29,421.71
6454,L53633,1,300.7,310.2,1807,24.2,77,0,0,0,0,0,0,9.5,305.45,43729.4,0.08,622.56
6455,L53634,1,300.7,310.1,1598,32.8,79,0,0,0,0,0,0,9.400000000000034,305.4,52414.399999999994,0.15,621.77
6456,L53635,1,300.7,310.1,1565,40.2,81,0,0,0,0,0,0,9.400000000000034,305.4,62913.00000000001,0.22,623.06
6457,L53636,1,300.7,310.2,1387,50.6,83,0,0,0,0,0,0,9.5,305.45,70182.2,0.05,134.62
6458,L53637,1,300.7,310.0,1395,48.0,85,0,0,0,0,0,0,9.300000000000011,305.35,66960.0,0.24,591.38
6459,M21318,2,300.6,310.0,1302,62.9,87,0,0,0,0,0,0,9.399999999999977,305.3,81895.8,0.17,670.06
6460,M21319,2,300.6,310.0,1397,55.2,90,0,0,0,0,0,0,9.399999999999977,305.3,77114.40000000001,0.04,485.71
6461,L53640,1,300.6,310.0,1313,52.9,93,0,0,0,0,0,0,9.399999999999977,305.3,69457.7,0.26,753.79
6462,L53641,1,300.6,310.0,1505,35.9,95,0,0,0,0,0,0,9.399999999999977,305.3,54029.5,0.13,707.82
6463,H35876,0,300.6,310.0,1483,44.0,97,0,0,0,0,0,0,9.399999999999977,305.3,65252.0,0.05,558.21
6464,H35877,0,300.5,310.0,1358,60.4,102,0,0,0,0,0,0,9.5,305.25,82023.2,0.06,667.45
6465,M21324,2,300.5,309.9,1735,27.0,107,0,0,0,0,0,0,9.399999999999977,305.2,46845.0,0.24,648.47
6466,M21325,2,300.5,309.8,1416,48.5,110,0,0,0,0,0,0,9.300000000000011,305.15,68676.0,0.28,646.58
6467,L53646,1,300.4,309.7,1740,31.1,113,0,0,0,0,0,0,9.300000000000011,305.04999999999995,54114.0,0.11,746.6
6468,L53647,1,300.4,309.7,1692,27.4,115,0,0,0,0,0,0,9.300000000000011,305.04999999999995,46360.799999999996,0.02,697.36
6469,L53648,1,300.5,309.8,1507,42.5,117,0,0,0,0,0,0,9.300000000000011,305.15,64047.5,0.03,692.85
6470,M21329,2,300.4,309.6,1521,35.0,119,0,0,0,0,0,0,9.200000000000045,305.0,53235.0,0.2,814.74
6471,L53650,1,300.4,309.6,1379,54.5,122,0,0,0,0,0,0,9.200000000000045,305.0,75155.5,0.11,671.39
6472,L53651,1,300.4,309.6,1523,38.5,124,0,0,0,0,0,0,9.200000000000045,305.0,58635.5,0.13,781.65
6473,H35886,0,300.4,309.6,1571,33.6,126,0,0,0,0,0,0,9.200000000000045,305.0,52785.600000000006,0.1,786.89
6474,H35887,0,300.4,309.5,1547,50.7,131,0,0,0,0,0,0,9.100000000000023,304.95,78432.90000000001,0.14,860.89
6475,M21334,2,300.5,309.7,1347,54.3,136,0,0,0,0,0,0,9.199999999999989,305.1,73142.09999999999,0.19,1261.07
6476,L53655,1,300.5,309.7,1560,30.2,139,0,0,0,0,0,0,9.199999999999989,305.1,47112.0,0.16,716.88
6477,L53656,1,300.5,309.7,1384,48.6,141,0,0,0,0,0,0,9.199999999999989,305.1,67262.40000000001,0.05,1238.9
6478,L53657,1,300.5,309.7,1841,24.6,143,0,0,0,0,0,0,9.199999999999989,305.1,45288.600000000006,0.15,676.48
6479,L53658,1,300.5,309.8,1663,29.1,145,1,0,0,0,0,0,9.300000000000011,305.15,48393.3,0.14,922.85
6480,L53659,1,300.6,309.8,1418,42.7,147,0,0,0,0,0,0,9.199999999999989,305.20000000000005,60548.600000000006,0.16,715.77
6481,L53660,1,300.7,309.9,1775,26.6,149,0,0,0,0,0,0,9.199999999999989,305.29999999999995,47215.0,0.03,820.94
6482,L53661,1,300.7,309.8,1406,48.4,151,0,0,0,0,0,0,9.100000000000023,305.25,68050.4,0.05,952.32
6483,L53662,1,300.6,309.9,1480,43.7,153,0,0,0,0,0,0,9.299999999999955,305.25,64676.00000000001,0.16,929.89
6484,L53663,1,300.7,309.9,1412,45.3,155,0,0,0,0,0,0,9.199999999999989,305.29999999999995,63963.6,0.08,1000.96
6485,H35898,0,300.6,309.8,1913,22.5,157,0,0,0,0,0,0,9.199999999999989,305.20000000000005,43042.5,0.19,911.45
6486,L53665,1,300.6,309.8,1629,37.6,162,0,0,0,0,0,0,9.199999999999989,305.20000000000005,61250.4,0.11,612.52
6487,L53666,1,300.5,309.8,1939,21.4,164,0,0,0,0,0,0,9.300000000000011,305.15,41494.6,0.07,984.01
6488,H35901,0,300.6,309.8,1541,36.2,166,0,0,0,0,0,0,9.199999999999989,305.20000000000005,55784.200000000004,0.2,1034.6
6489,L53668,1,300.7,309.8,1330,54.4,171,0,0,0,0,0,0,9.100000000000023,305.25,72352.0,0.12,903.06
6490,M21349,2,300.7,309.8,1490,38.8,173,0,0,0,0,0,0,9.100000000000023,305.25,57811.99999999999,0.05,853.42
6491,L53670,1,300.7,309.9,1383,44.5,176,0,0,0,0,0,0,9.199999999999989,305.29999999999995,61543.5,0.24,1180.99
6492,L53671,1,300.8,310.0,1468,52.7,178,0,0,0,0,0,0,9.199999999999989,305.4,77363.6,0.13,897.82
6493,M21352,2,300.8,309.9,1444,46.0,180,0,0,0,0,0,0,9.099999999999966,305.35,66424.0,0.27,1226.29
6494,L53673,1,300.7,309.8,1363,53.1,183,0,0,0,0,0,0,9.100000000000023,305.25,72375.3,0.06,1153.3
6495,L53674,1,300.6,309.7,1617,33.2,185,0,0,0,0,0,0,9.099999999999966,305.15,53684.4,0.26,1494.01
6496,M21355,2,300.6,309.8,1694,31.1,187,0,0,0,0,0,0,9.199999999999989,305.20000000000005,52683.4,0.24,1385.68
6497,L53676,1,300.7,309.9,1815,27.0,190,0,0,0,0,0,0,9.199999999999989,305.29999999999995,49005.0,0.03,1004.26
6498,L53677,1,300.8,309.9,1312,65.3,192,1,0,0,0,1,0,9.099999999999966,305.35,85673.59999999999,8.69,9688.65
6499,H35912,0,300.8,309.9,2041,19.2,194,0,0,0,0,0,0,9.099999999999966,305.35,39187.2,0.2,1109.96
6500,L53679,1,300.9,310.0,1671,26.8,199,0,0,0,0,0,0,9.100000000000023,305.45,44782.8,0.15,1075.15
6501,M21360,2,300.9,310.0,1416,46.6,201,0,0,0,0,0,0,9.100000000000023,305.45,65985.6,0.12,1255.8
6502,M21361,2,300.9,310.0,1600,36.0,204,0,0,0,0,0,0,9.100000000000023,305.45,57600.0,0.28,1253.87
6503,L53682,1,300.9,310.0,2595,13.7,207,0,0,0,0,0,0,9.100000000000023,305.45,35551.5,0.21,1299.91
6504,M21363,2,300.9,309.9,1465,42.9,209,0,0,0,0,0,0,9.0,305.4,62848.5,0.29,1190.62
6505,M21364,2,301.0,310.1,1681,27.4,212,0,0,0,0,0,0,9.100000000000023,305.55,46059.399999999994,0.25,1515.55
6506,L53685,1,301.1,310.1,1457,39.6,215,0,0,0,0,0,0,9.0,305.6,57697.200000000004,0.25,1276.63
6507,H35920,0,301.0,310.1,1454,44.1,217,0,0,0,0,0,0,9.100000000000023,305.55,64121.4,0.22,1468.2
6508,L53687,1,301.0,310.1,1558,32.6,0,0,0,0,0,0,0,9.100000000000023,305.55,50790.8,0.19,84.43
6509,H35922,0,301.0,310.1,1756,30.7,2,0,0,0,0,0,0,9.100000000000023,305.55,53909.2,0.27,166.49
6510,L53689,1,301.1,310.1,1564,36.8,7,0,0,0,0,0,0,9.0,305.6,57555.2,0.18,414.2
6511,L53690,1,301.1,310.2,1455,55.3,9,0,0,0,0,0,0,9.099999999999966,305.65,80461.5,0.02,0.0
6512,M21371,2,301.2,310.1,2280,15.7,11,0,0,0,0,0,0,8.900000000000034,305.65,35796.0,0.17,0.0
6513,M21372,2,301.1,310.0,1433,48.1,14,0,0,0,0,0,0,8.899999999999977,305.55,68927.3,0.03,0.0
6514,L53693,1,301.1,310.0,1513,38.0,17,0,0,0,0,0,0,8.899999999999977,305.55,57494.0,0.28,493.51
6515,L53694,1,301.0,309.9,1507,41.8,19,0,0,0,0,0,0,8.899999999999977,305.45,62992.6,0.19,399.09
6516,L53695,1,301.0,310.0,1480,43.5,21,0,0,0,0,0,0,9.0,305.5,64380.0,0.17,160.62
6517,H35930,0,301.1,310.0,1470,40.1,23,0,0,0,0,0,0,8.899999999999977,305.55,58947.0,0.06,80.24
6518,L53697,1,301.1,310.1,1540,36.6,28,0,0,0,0,0,0,9.0,305.6,56364.0,0.15,390.95
6519,H35932,0,301.0,310.0,1212,67.9,30,0,0,0,0,0,0,9.0,305.5,82294.8,0.1,447.39
6520,L53699,1,301.1,310.1,1417,46.9,35,0,0,0,0,0,0,9.0,305.6,66457.3,0.2,364.68
6521,M21380,2,301.2,310.1,1666,34.9,37,0,0,0,0,0,0,8.900000000000034,305.65,58143.399999999994,0.18,448.14
6522,L53701,1,301.1,310.1,1666,27.2,40,0,0,0,0,0,0,9.0,305.6,45315.2,0.15,481.01
6523,L53702,1,301.1,310.1,1489,45.8,42,0,0,0,0,0,0,9.0,305.6,68196.2,0.08,612.95
6524,M21383,2,301.1,310.2,1850,27.7,44,0,0,0,0,0,0,9.099999999999966,305.65,51245.0,0.16,206.64
6525,L53704,1,301.1,310.4,1874,24.8,47,0,0,0,0,0,0,9.299999999999955,305.75,46475.200000000004,0.14,274.69
6526,L53705,1,301.1,310.4,1312,73.6,49,1,0,0,1,0,0,9.299999999999955,305.75,96563.2,6.88,7049.03
6527,L53706,1,301.2,310.4,1515,38.4,51,0,0,0,0,0,0,9.199999999999989,305.79999999999995,58176.0,0.27,649.13
6528,L53707,1,301.2,310.4,1516,44.4,53,0,0,0,0,0,0,9.199999999999989,305.79999999999995,67310.4,0.23,457.21
6529,L53708,1,301.2,310.5,1546,40.0,55,0,0,0,0,0,0,9.300000000000011,305.85,61840.0,0.1,421.84
6530,L53709,1,301.3,310.6,1481,40.9,57,0,0,0,0,0,0,9.300000000000011,305.95000000000005,60572.9,0.01,313.28
6531,H35944,0,301.3,310.6,1605,32.5,59,0,0,0,0,0,0,9.300000000000011,305.95000000000005,52162.5,0.28,575.26
6532,H35945,0,301.2,310.7,1656,26.2,64,0,0,0,0,0,0,9.5,305.95,43387.2,0.3,636.11
6533,H35946,0,301.2,310.6,1352,52.0,69,0,0,0,0,0,0,9.400000000000034,305.9,70304.0,0.04,539.49
6534,L53713,1,301.3,310.7,1504,47.2,74,0,0,0,0,0,0,9.399999999999977,306.0,70988.8,0.21,434.41
6535,L53714,1,301.3,310.6,1436,44.2,76,0,0,0,0,0,0,9.300000000000011,305.95000000000005,63471.200000000004,0.13,487.73
6536,H35949,0,301.2,310.5,1505,43.6,78,0,0,0,0,0,0,9.300000000000011,305.85,65618.0,0.04,247.71
6537,L53716,1,301.3,310.5,1406,47.1,83,0,0,0,0,0,0,9.199999999999989,305.9,66222.6,0.3,748.98
6538,M21397,2,301.3,310.5,1481,39.7,85,0,0,0,0,0,0,9.199999999999989,305.9,58795.700000000004,0.28,675.67
6539,L53718,1,301.4,310.7,1487,44.6,88,0,0,0,0,0,0,9.300000000000011,306.04999999999995,66320.2,0.29,890.39
6540,L53719,1,301.4,310.7,1436,54.1,90,0,0,0,0,0,0,9.300000000000011,306.04999999999995,77687.6,0.04,489.28
6541,M21400,2,301.4,310.7,1368,63.7,92,1,0,0,1,0,0,9.300000000000011,306.04999999999995,87141.6,4.75,5143.42
6542,L53721,1,301.4,310.7,1509,38.3,95,0,0,0,0,0,0,9.300000000000011,306.04999999999995,57794.7,0.27,707.99
6543,L53722,1,301.4,310.8,1543,36.9,97,0,0,0,0,0,0,9.400000000000034,306.1,56936.7,0.2,943.51
6544,L53723,1,301.4,310.8,1698,29.6,99,0,0,0,0,0,0,9.400000000000034,306.1,50260.8,0.13,389.49
6545,M21404,2,301.4,310.7,1470,46.5,101,0,0,0,0,0,0,9.300000000000011,306.04999999999995,68355.0,0.16,570.87
6546,M21405,2,301.4,310.8,1738,30.3,104,0,0,0,0,0,0,9.400000000000034,306.1,52661.4,0.01,535.4
6547,M21406,2,301.4,310.8,1530,39.9,107,0,0,0,0,0,0,9.400000000000034,306.1,61047.0,0.18,619.54
6548,L53727,1,301.4,310.8,1740,29.2,110,0,0,0,0,0,0,9.400000000000034,306.1,50808.0,0.26,883.6
6549,L53728,1,301.4,310.8,1770,24.1,112,0,0,0,0,0,0,9.400000000000034,306.1,42657.0,0.0,551.53
6550,H35963,0,301.3,310.6,1527,44.0,114,0,0,0,0,0,0,9.300000000000011,305.95000000000005,67188.0,0.05,658.4
6551,L53730,1,301.3,310.7,1516,46.0,119,0,0,0,0,0,0,9.399999999999977,306.0,69736.0,0.16,772.67
6552,L53731,1,301.4,310.7,1616,36.5,121,0,0,0,0,0,0,9.300000000000011,306.04999999999995,58984.0,0.17,759.54
6553,L53732,1,301.4,310.7,1786,26.1,123,0,0,0,0,0,0,9.300000000000011,306.04999999999995,46614.600000000006,0.1,521.38
6554,L53733,1,301.4,310.8,1389,52.7,125,0,0,0,0,0,0,9.400000000000034,306.1,73200.3,0.01,661.41
6555,M21414,2,301.4,310.7,1639,29.8,127,0,0,0,0,0,0,9.300000000000011,306.04999999999995,48842.200000000004,0.22,590.49
6556,H35969,0,301.5,310.7,1394,46.7,130,0,0,0,0,0,0,9.199999999999989,306.1,65099.8,0.07,619.21
6557,L53736,1,301.5,310.7,1686,27.9,135,0,0,0,0,0,0,9.199999999999989,306.1,47039.399999999994,0.19,938.38
6558,M21417,2,301.5,310.6,1638,31.9,137,0,0,0,0,0,0,9.100000000000023,306.05,52252.2,0.17,1033.45
6559,M21418,2,301.5,310.6,1447,41.9,140,0,0,0,0,0,0,9.100000000000023,306.05,60629.299999999996,0.13,1182.41
6560,H35973,0,301.5,310.6,1512,39.0,143,0,0,0,0,0,0,9.100000000000023,306.05,58968.0,0.18,830.76
6561,L53740,1,301.6,310.8,1961,21.8,148,0,0,0,0,0,0,9.199999999999989,306.20000000000005,42749.8,0.21,820.23
6562,L53741,1,301.5,310.7,1596,35.4,150,0,0,0,0,0,0,9.199999999999989,306.1,56498.399999999994,0.17,998.34
6563,M21422,2,301.5,310.7,1871,21.3,152,0,0,0,0,0,0,9.199999999999989,306.1,39852.3,0.17,1210.5
6564,L53743,1,301.5,310.7,1942,20.5,155,0,0,0,0,0,0,9.199999999999989,306.1,39811.0,0.13,1134.91
6565,L53744,1,301.4,310.6,1557,38.2,157,0,0,0,0,0,0,9.200000000000045,306.0,59477.4,0.13,759.74
6566,L53745,1,301.4,310.6,1550,36.8,159,0,0,0,0,0,0,9.200000000000045,306.0,57039.99999999999,0.15,923.92
6567,L53746,1,301.3,310.6,1966,22.6,161,0,0,0,0,0,0,9.300000000000011,305.95000000000005,44431.600000000006,0.14,1072.56
6568,M21427,2,301.3,310.6,1499,36.1,163,0,0,0,0,0,0,9.300000000000011,305.95000000000005,54113.9,0.13,1082.96
6569,L53748,1,301.3,310.6,1521,36.3,166,0,0,0,0,0,0,9.300000000000011,305.95000000000005,55212.299999999996,0.06,978.78
6570,M21429,2,301.4,310.7,1375,42.0,168,0,0,0,0,0,0,9.300000000000011,306.04999999999995,57750.0,0.22,992.69
6571,L53750,1,301.4,310.6,1634,31.1,171,0,0,0,0,0,0,9.200000000000045,306.0,50817.4,0.04,982.44
6572,M21431,2,301.3,310.6,1378,49.4,173,0,0,0,0,0,0,9.300000000000011,305.95000000000005,68073.2,0.27,1274.4
6573,L53752,1,301.4,310.7,1428,53.7,176,0,0,0,0,0,0,9.300000000000011,306.04999999999995,76683.6,0.19,930.2
6574,M21433,2,301.4,310.6,1855,25.3,178,0,0,0,0,0,0,9.200000000000045,306.0,46931.5,0.01,1099.54
6575,L53754,1,301.4,310.6,1578,33.0,181,0,0,0,0,0,0,9.200000000000045,306.0,52074.0,0.2,1253.79
6576,M21435,2,301.4,310.5,1451,45.3,183,0,0,0,0,0,0,9.100000000000023,305.95,65730.3,0.11,913.71
6577,L53756,1,301.5,310.5,1644,34.9,186,0,0,0,0,0,0,9.0,306.0,57375.6,0.28,1348.74
6578,L53757,1,301.4,310.4,1388,45.3,188,0,0,0,0,0,0,9.0,305.9,62876.399999999994,0.28,1341.97
6579,L53758,1,301.4,310.4,1543,40.9,190,0,0,0,0,0,0,9.0,305.9,63108.7,0.25,1327.67
6580,L53759,1,301.3,310.4,1501,41.6,192,0,0,0,0,0,0,9.099999999999966,305.85,62441.6,0.17,1366.4
6581,L53760,1,301.3,310.4,1507,39.1,194,0,0,0,0,0,0,9.099999999999966,305.85,58923.700000000004,0.28,1248.43
6582,L53761,1,301.4,310.4,1559,36.0,196,0,0,0,0,0,0,9.0,305.9,56124.0,0.19,1219.73
6583,L53762,1,301.5,310.5,1528,35.7,198,0,0,0,0,0,0,9.0,306.0,54549.600000000006,0.26,854.19
6584,M21443,2,301.5,310.5,1503,38.2,200,0,0,0,0,0,0,9.0,306.0,57414.600000000006,0.05,1217.37
6585,L53764,1,301.5,310.5,1372,44.0,203,0,0,0,0,0,0,9.0,306.0,60368.0,0.27,1437.94
6586,M21445,2,301.5,310.5,1600,32.8,205,0,0,0,0,0,0,9.0,306.0,52479.99999999999,0.2,1428.41
6587,L53766,1,301.5,310.6,1453,44.0,208,0,0,0,0,0,0,9.100000000000023,306.05,63932.0,0.09,989.5
6588,M21447,2,301.6,310.7,1813,24.6,210,0,0,0,0,0,0,9.099999999999966,306.15,44599.8,0.3,1494.31
6589,L53768,1,301.6,310.7,1457,40.4,213,0,0,0,0,0,0,9.099999999999966,306.15,58862.799999999996,0.21,1427.81
6590,M21449,2,301.6,310.6,1553,38.9,0,0,0,0,0,0,0,9.0,306.1,60411.7,0.27,172.36
6591,L53770,1,301.7,310.7,1763,25.9,3,0,0,0,0,0,0,9.0,306.2,45661.7,0.0,173.39
6592,L53771,1,301.7,310.7,2023,20.9,5,0,0,0,0,0,0,9.0,306.2,42280.7,0.17,264.46
6593,M21452,2,301.6,310.7,1457,47.8,7,0,0,0,0,0,0,9.099999999999966,306.15,69644.59999999999,0.21,0.0
6594,L53773,1,301.6,310.7,1679,29.5,10,0,0,0,0,0,0,9.099999999999966,306.15,49530.5,0.0,137.67
6595,L53774,1,301.6,310.6,2103,19.7,12,0,0,0,0,0,0,9.0,306.1,41429.1,0.23,174.92
6596,M21455,2,301.5,310.7,1460,38.6,14,0,0,0,0,0,0,9.199999999999989,306.1,56356.0,0.2,18.61
6597,M21456,2,301.5,310.7,1454,39.4,17,0,0,0,0,0,0,9.199999999999989,306.1,57287.6,0.08,219.98
6598,L53777,1,301.5,310.6,1481,46.8,20,0,0,0,0,0,0,9.100000000000023,306.05,69310.8,0.21,300.2
6599,L53778,1,301.5,310.7,1424,51.1,22,0,0,0,0,0,0,9.199999999999989,306.1,72766.40000000001,0.04,360.57
6600,L53779,1,301.6,310.7,1494,39.5,24,0,0,0,0,0,0,9.099999999999966,306.15,59013.0,0.25,397.26
6601,M21460,2,301.5,310.6,1424,47.0,26,0,0,0,0,0,0,9.100000000000023,306.05,66928.0,0.26,506.78
6602,M21461,2,301.5,310.7,1347,47.9,29,0,0,0,0,0,0,9.199999999999989,306.1,64521.299999999996,0.15,371.32
6603,L53782,1,301.5,310.6,1374,46.7,32,0,0,0,0,0,0,9.100000000000023,306.05,64165.8,0.15,463.14
6604,M21463,2,301.5,310.6,1403,47.4,34,0,0,0,0,0,0,9.100000000000023,306.05,66502.2,0.12,157.04
6605,M21464,2,301.5,310.6,1573,37.4,37,0,0,0,0,0,0,9.100000000000023,306.05,58830.2,0.1,314.78
6606,M21465,2,301.6,310.6,1691,30.1,40,0,0,0,0,0,0,9.0,306.1,50899.100000000006,0.26,438.89
6607,H36020,0,301.5,310.5,1538,44.3,43,0,0,0,0,0,0,9.0,306.0,68133.4,0.09,403.05
6608,L53787,1,301.5,310.5,1556,39.1,48,0,0,0,0,0,0,9.0,306.0,60839.600000000006,0.12,398.37
6609,M21468,2,301.5,310.4,1593,36.8,50,0,0,0,0,0,0,8.899999999999977,305.95,58622.399999999994,0.09,247.89
6610,L53789,1,301.5,310.4,1474,39.9,53,0,0,0,0,0,0,8.899999999999977,305.95,58812.6,0.2,414.31
6611,L53790,1,301.5,310.4,1543,34.0,55,0,0,0,0,0,0,8.899999999999977,305.95,52462.0,0.24,762.28
6612,H36025,0,301.5,310.5,1587,33.8,57,0,0,0,0,0,0,9.0,306.0,53640.6,0.05,80.85
6613,L53792,1,301.6,310.6,1222,70.0,62,0,0,0,0,0,0,9.0,306.1,85540.0,0.08,496.4
6614,L53793,1,301.7,310.6,1513,41.1,64,0,0,0,0,0,0,8.900000000000034,306.15,62184.3,0.03,536.22
6615,L53794,1,301.7,310.6,1660,28.7,66,0,0,0,0,0,0,8.900000000000034,306.15,47642.0,0.05,466.83
6616,L53795,1,301.7,310.6,1545,42.1,68,0,0,0,0,0,0,8.900000000000034,306.15,65044.5,0.12,755.65
6617,M21476,2,301.7,310.6,1380,45.8,70,0,0,0,0,0,0,8.900000000000034,306.15,63203.99999999999,0.23,720.78
6618,L53797,1,301.6,310.6,1321,60.8,73,0,0,0,0,0,0,9.0,306.1,80316.8,0.16,582.62
6619,M21478,2,301.6,310.6,1309,65.8,75,1,0,0,1,0,0,9.0,306.1,86132.2,6.88,7184.99
6620,M21479,2,301.7,310.7,1627,31.3,78,0,0,0,0,0,0,9.0,306.2,50925.1,0.19,640.4
6621,M21480,2,301.6,310.7,1791,23.8,81,0,0,0,0,0,0,9.099999999999966,306.15,42625.8,0.24,747.25
6622,M21481,2,301.7,310.7,1861,21.8,84,0,0,0,0,0,0,9.0,306.2,40569.8,0.12,540.53
6623,L53802,1,301.7,310.7,1493,51.1,87,0,0,0,0,0,0,9.0,306.2,76292.3,0.07,393.58
6624,M21483,2,301.7,310.7,1442,41.1,89,0,0,0,0,0,0,9.0,306.2,59266.200000000004,0.23,494.37
6625,L53804,1,301.7,310.7,1532,39.8,92,0,0,0,0,0,0,9.0,306.2,60973.6,0.01,497.81
6626,M21485,2,301.6,310.7,1421,44.4,94,0,0,0,0,0,0,9.099999999999966,306.15,63092.4,0.24,487.95
6627,L53806,1,301.6,310.6,1613,42.5,97,0,0,0,0,0,0,9.0,306.1,68552.5,0.24,654.27
6628,M21487,2,301.7,310.6,1876,22.1,99,0,0,0,0,0,0,8.900000000000034,306.15,41459.600000000006,0.27,400.24
6629,L53808,1,301.6,310.5,1593,34.5,102,0,0,0,0,0,0,8.899999999999977,306.05,54958.5,0.03,664.95
6630,L53809,1,301.6,310.5,1397,49.4,104,0,0,0,0,0,0,8.899999999999977,306.05,69011.8,0.03,723.11
6631,M21490,2,301.6,310.5,1414,49.3,106,0,0,0,0,0,0,8.899999999999977,306.05,69710.2,0.26,801.84
6632,M21491,2,301.5,310.4,1378,55.3,109,0,0,0,0,0,0,8.899999999999977,305.95,76203.4,0.14,959.72
6633,L53812,1,301.4,310.4,1301,51.2,112,0,0,0,0,0,0,9.0,305.9,66611.2,0.12,882.11
6634,M21493,2,301.5,310.5,1737,29.3,114,0,0,0,0,0,0,9.0,306.0,50894.1,0.17,811.97
6635,L53814,1,301.5,310.5,1396,44.5,117,0,0,0,0,0,0,9.0,306.0,62122.0,0.02,588.02
6636,L53815,1,301.5,310.5,1534,39.3,119,0,0,0,0,0,0,9.0,306.0,60286.2,0.19,732.59
6637,M21496,2,301.5,310.5,1774,25.5,121,0,0,0,0,0,0,9.0,306.0,45237.0,0.28,969.37
6638,H36051,0,301.5,310.5,1453,48.0,124,0,0,0,0,0,0,9.0,306.0,69744.0,0.2,798.82
6639,L53818,1,301.5,310.5,1453,44.2,129,0,0,0,0,0,0,9.0,306.0,64222.600000000006,0.14,867.23
6640,L53819,1,301.4,310.5,1380,48.4,131,0,0,0,0,0,0,9.100000000000023,305.95,66792.0,0.29,1038.37
6641,L53820,1,301.4,310.4,1334,43.2,133,0,0,0,0,0,0,9.0,305.9,57628.8,0.21,840.56
6642,L53821,1,301.5,310.5,1702,28.7,135,0,0,0,0,0,0,9.0,306.0,48847.4,0.02,859.37
6643,L53822,1,301.6,310.6,1431,37.5,137,0,0,0,0,0,0,9.0,306.1,53662.5,0.2,850.72
6644,M21503,2,301.5,310.5,1308,60.5,139,0,0,0,0,0,0,9.0,306.0,79134.0,0.02,718.2
6645,L53824,1,301.5,310.6,1565,43.9,142,0,0,0,0,0,0,9.100000000000023,306.05,68703.5,0.09,653.37
6646,M21505,2,301.5,310.4,1486,39.6,144,0,0,0,0,0,0,8.899999999999977,305.95,58845.6,0.18,859.41
6647,L53826,1,301.5,310.5,1479,34.2,147,0,0,0,0,0,0,9.0,306.0,50581.8,0.06,1118.73
6648,L53827,1,301.5,310.5,1927,22.4,149,0,0,0,0,0,0,9.0,306.0,43164.799999999996,0.01,619.94
6649,L53828,1,301.5,310.4,1488,41.1,151,0,0,0,0,0,0,8.899999999999977,305.95,61156.8,0.19,1010.66
6650,M21509,2,301.5,310.4,1350,54.9,153,0,0,0,0,0,0,8.899999999999977,305.95,74115.0,0.09,786.83
6651,L53830,1,301.6,310.4,1561,35.3,156,0,0,0,0,0,0,8.799999999999955,306.0,55103.299999999996,0.16,607.91
6652,M21511,2,301.5,310.4,1276,55.6,158,0,0,0,0,0,0,8.899999999999977,305.95,70945.6,0.08,953.85
6653,H36066,0,301.5,310.4,1580,35.7,161,0,0,0,0,0,0,8.899999999999977,305.95,56406.00000000001,0.21,931.58
6654,M21513,2,301.4,310.3,1610,29.1,166,0,0,0,0,0,0,8.900000000000034,305.85,46851.0,0.27,1147.86
6655,L53834,1,301.4,310.3,2203,16.6,169,0,0,0,0,0,0,8.900000000000034,305.85,36569.8,0.03,1023.46
6656,L53835,1,301.4,310.3,1639,32.7,171,0,0,0,0,0,0,8.900000000000034,305.85,53595.3,0.24,1130.19
6657,M21516,2,301.4,310.4,1553,44.7,173,0,0,0,0,0,0,9.0,305.9,69419.1,0.05,964.24
6658,L53837,1,301.4,310.3,1374,47.6,176,0,0,0,0,0,0,8.900000000000034,305.85,65402.4,0.1,849.81
6659,L53838,1,301.4,310.4,1430,50.9,178,0,0,0,0,0,0,9.0,305.9,72787.0,0.11,1106.02
6660,L53839,1,301.3,310.3,1626,31.3,180,0,0,0,0,0,0,9.0,305.8,50893.8,0.06,931.55
6661,H36074,0,301.4,310.5,1421,43.8,182,0,0,0,0,0,0,9.100000000000023,305.95,62239.799999999996,0.02,630.24
6662,M21521,2,301.3,310.4,1501,39.8,187,0,0,0,0,0,0,9.099999999999966,305.85,59739.799999999996,0.23,1289.09
6663,M21522,2,301.3,310.4,2093,18.7,190,0,0,0,0,0,0,9.099999999999966,305.85,39139.1,0.24,1359.95
6664,L53843,1,301.3,310.4,1504,47.2,193,0,0,0,0,0,0,9.099999999999966,305.85,70988.8,0.3,1487.17
6665,L53844,1,301.3,310.4,1538,38.4,195,0,0,0,0,0,0,9.099999999999966,305.85,59059.2,0.28,1580.62
6666,L53845,1,301.3,310.4,1440,41.5,197,0,0,0,0,0,0,9.099999999999966,305.85,59760.0,0.13,1231.03
6667,L53846,1,301.3,310.4,1414,51.4,199,0,0,0,0,0,0,9.099999999999966,305.85,72679.59999999999,0.04,1112.1
6668,H36081,0,301.4,310.5,1536,39.9,201,0,0,0,0,0,0,9.100000000000023,305.95,61286.399999999994,0.0,1168.73
6669,L53848,1,301.4,310.5,1476,39.2,206,0,0,0,0,0,0,9.100000000000023,305.95,57859.200000000004,0.16,1056.95
6670,L53849,1,301.4,310.5,1571,33.9,208,0,0,0,0,0,0,9.100000000000023,305.95,53256.899999999994,0.26,1049.2
6671,L53850,1,301.5,310.6,1998,20.2,210,0,0,0,0,0,0,9.100000000000023,306.05,40359.6,0.08,1058.45
6672,L53851,1,301.5,310.6,1357,42.1,212,0,0,0,0,0,0,9.100000000000023,306.05,57129.700000000004,0.06,1311.59
6673,L53852,1,301.6,310.7,1424,50.5,214,0,0,0,0,0,0,9.099999999999966,306.15,71912.0,0.13,1100.84
6674,L53853,1,301.6,310.7,1380,51.8,216,1,0,0,0,1,0,9.099999999999966,306.15,71484.0,6.68,7829.84
6675,L53854,1,301.5,310.7,1618,35.5,218,0,0,0,0,0,0,9.199999999999989,306.1,57439.0,0.14,1315.99
6676,L53855,1,301.5,310.6,1579,28.0,220,0,0,0,0,0,0,9.100000000000023,306.05,44212.0,0.22,1356.64
6677,L53856,1,301.5,310.7,1423,44.0,222,0,0,0,0,0,0,9.199999999999989,306.1,62612.0,0.14,1058.36
6678,L53857,1,301.5,310.7,1435,38.5,224,0,0,0,0,0,0,9.199999999999989,306.1,55247.5,0.11,1281.41
6679,M21538,2,301.5,310.7,1336,65.6,0,1,0,0,1,0,0,9.199999999999989,306.1,87641.59999999999,6.44,6376.77
6680,L53859,1,301.6,310.8,1392,42.4,3,0,0,0,0,0,0,9.199999999999989,306.20000000000005,59020.799999999996,0.23,500.43
6681,L53860,1,301.5,310.8,1417,49.7,5,0,0,0,0,0,0,9.300000000000011,306.15,70424.90000000001,0.23,425.53
6682,L53861,1,301.4,310.7,1425,45.1,7,0,0,0,0,0,0,9.300000000000011,306.04999999999995,64267.5,0.13,107.06
6683,L53862,1,301.5,310.8,1512,38.9,9,0,0,0,0,0,0,9.300000000000011,306.15,58816.799999999996,0.08,389.86
6684,L53863,1,301.5,310.9,1318,50.6,11,0,0,0,0,0,0,9.399999999999977,306.2,66690.8,0.04,146.56
6685,L53864,1,301.6,310.9,1538,40.4,13,0,0,0,0,0,0,9.299999999999955,306.25,62135.2,0.0,0.0
6686,L53865,1,301.6,310.9,1532,43.6,15,0,0,0,0,0,0,9.299999999999955,306.25,66795.2,0.03,93.25
6687,L53866,1,301.7,311.0,1715,24.8,17,0,0,0,0,0,0,9.300000000000011,306.35,42532.0,0.05,380.29
6688,L53867,1,301.7,311.0,1700,28.7,19,0,0,0,0,0,0,9.300000000000011,306.35,48790.0,0.21,182.02
6689,L53868,1,301.7,311.0,1548,40.3,21,0,0,0,0,0,0,9.300000000000011,306.35,62384.399999999994,0.25,344.76
6690,L53869,1,301.7,311.0,1546,43.0,23,0,0,0,0,0,0,9.300000000000011,306.35,66478.0,0.22,131.02
6691,L53870,1,301.7,311.0,1343,49.2,25,0,0,0,0,0,0,9.300000000000011,306.35,66075.6,0.22,164.83
6692,M21551,2,301.7,311.0,1510,47.8,27,0,0,0,0,0,0,9.300000000000011,306.35,72178.0,0.3,309.86
6693,M21552,2,301.8,311.0,1839,23.6,30,0,0,0,0,0,0,9.199999999999989,306.4,43400.4,0.29,255.89
6694,M21553,2,301.8,311.0,1756,26.7,33,0,0,0,0,0,0,9.199999999999989,306.4,46885.2,0.08,152.26
6695,M21554,2,301.7,310.9,1300,62.7,36,0,0,0,0,0,0,9.199999999999989,306.29999999999995,81510.0,0.04,480.74
6696,M21555,2,301.7,311.0,1311,55.8,39,0,0,0,0,0,0,9.300000000000011,306.35,73153.8,0.05,239.59
6697,L53876,1,301.7,310.9,1636,31.3,42,0,0,0,0,0,0,9.199999999999989,306.29999999999995,51206.8,0.27,597.83
6698,L53877,1,301.6,310.9,1643,34.1,44,0,0,0,0,0,0,9.299999999999955,306.25,56026.3,0.03,413.74
6699,L53878,1,301.6,310.8,1418,44.7,46,0,0,0,0,0,0,9.199999999999989,306.20000000000005,63384.600000000006,0.1,163.73
6700,M21559,2,301.7,310.8,1516,40.4,48,0,0,0,0,0,0,9.100000000000023,306.25,61246.4,0.16,275.27
6701,H36114,0,301.6,310.9,1419,50.2,51,0,0,0,0,0,0,9.299999999999955,306.25,71233.8,0.18,549.87
6702,L53881,1,301.6,310.9,1623,34.1,56,0,0,0,0,0,0,9.299999999999955,306.25,55344.3,0.18,364.86
6703,M21562,2,301.6,310.8,1664,32.0,58,0,0,0,0,0,0,9.199999999999989,306.20000000000005,53248.0,0.24,634.94
6704,M21563,2,301.5,310.7,1744,28.2,61,0,0,0,0,0,0,9.199999999999989,306.1,49180.799999999996,0.17,726.6
6705,M21564,2,301.5,310.7,1510,36.0,64,0,0,0,0,0,0,9.199999999999989,306.1,54360.0,0.26,361.69
6706,M21565,2,301.5,310.6,1382,58.1,67,0,0,0,0,0,0,9.100000000000023,306.05,80294.2,0.03,311.46
6707,L53886,1,301.4,310.6,1381,46.1,70,0,0,0,0,0,0,9.200000000000045,306.0,63664.1,0.26,580.26
6708,L53887,1,301.3,310.6,1556,39.0,72,0,0,0,0,0,0,9.300000000000011,305.95000000000005,60684.0,0.18,461.05
6709,M21568,2,301.4,310.6,1464,37.4,74,0,0,0,0,0,0,9.200000000000045,306.0,54753.6,0.07,348.8
6710,L53889,1,301.4,310.6,1481,37.6,77,0,0,0,0,0,0,9.200000000000045,306.0,55685.6,0.29,601.18
6711,L53890,1,301.5,310.7,1323,49.7,79,0,0,0,0,0,0,9.199999999999989,306.1,65753.1,0.28,672.71
6712,L53891,1,301.5,310.7,1426,46.1,81,0,0,0,0,0,0,9.199999999999989,306.1,65738.6,0.25,679.73
6713,H36126,0,301.4,310.7,1516,36.4,83,0,0,0,0,0,0,9.300000000000011,306.04999999999995,55182.4,0.27,828.01
6714,L53893,1,301.3,310.6,1416,45.2,88,0,0,0,0,0,0,9.300000000000011,305.95000000000005,64003.200000000004,0.11,546.23
6715,L53894,1,301.3,310.6,1440,53.8,90,0,0,0,0,0,0,9.300000000000011,305.95000000000005,77472.0,0.07,687.73
6716,L53895,1,301.3,310.6,1576,30.4,92,0,0,0,0,0,0,9.300000000000011,305.95000000000005,47910.399999999994,0.05,421.23
6717,L53896,1,301.3,310.6,1387,53.6,94,0,0,0,0,0,0,9.300000000000011,305.95000000000005,74343.2,0.26,549.8
6718,M21577,2,301.4,310.6,1464,48.6,96,0,0,0,0,0,0,9.200000000000045,306.0,71150.40000000001,0.25,684.29
6719,L53898,1,301.4,310.6,2137,18.0,99,0,0,0,0,0,0,9.200000000000045,306.0,38466.0,0.29,854.37
6720,M21579,2,301.4,310.6,1431,40.6,101,0,0,0,0,0,0,9.200000000000045,306.0,58098.6,0.25,884.07
6721,L53900,1,301.3,310.6,1458,48.0,104,0,0,0,0,0,0,9.300000000000011,305.95000000000005,69984.0,0.19,929.04
6722,L53901,1,301.4,310.7,1280,61.0,106,0,0,0,0,0,0,9.300000000000011,306.04999999999995,78080.0,0.04,613.53
6723,L53902,1,301.4,310.7,1657,28.7,108,0,0,0,0,0,0,9.300000000000011,306.04999999999995,47555.9,0.05,702.95
6724,M21583,2,301.4,310.6,1565,36.1,110,0,0,0,0,0,0,9.200000000000045,306.0,56496.5,0.14,895.32
6725,L53904,1,301.3,310.6,1560,36.8,113,0,0,0,0,0,0,9.300000000000011,305.95000000000005,57407.99999999999,0.23,678.11
6726,M21585,2,301.5,310.7,1359,47.1,115,0,0,0,0,0,0,9.199999999999989,306.1,64008.9,0.05,593.48
6727,L53906,1,301.5,310.8,1500,41.0,118,0,0,0,0,0,0,9.300000000000011,306.15,61500.0,0.27,1275.64
6728,L53907,1,301.5,310.8,1785,25.5,120,0,0,0,0,0,0,9.300000000000011,306.15,45517.5,0.21,938.46
6729,L53908,1,301.5,310.9,1891,23.2,122,0,0,0,0,0,0,9.399999999999977,306.2,43871.2,0.09,776.61
6730,H36143,0,301.5,310.9,1524,40.4,124,0,0,0,0,0,0,9.399999999999977,306.2,61569.6,0.27,1024.05
6731,M21590,2,301.6,311.0,1431,42.3,129,0,0,0,0,0,0,9.399999999999977,306.3,60531.299999999996,0.18,624.65
6732,L53911,1,301.6,310.9,1385,51.2,132,0,0,0,0,0,0,9.299999999999955,306.25,70912.0,0.22,782.98
6733,L53912,1,301.7,311.0,1503,44.8,134,0,0,0,0,0,0,9.300000000000011,306.35,67334.4,0.12,638.16
6734,M21593,2,301.7,311.0,1311,46.8,136,0,0,0,0,0,0,9.300000000000011,306.35,61354.799999999996,0.12,862.79
6735,M21594,2,301.6,310.9,1575,40.1,139,0,0,0,0,0,0,9.299999999999955,306.25,63157.5,0.0,639.66
6736,L53915,1,301.6,311.0,1485,40.1,142,0,0,0,0,0,0,9.399999999999977,306.3,59548.5,0.16,884.31
6737,L53916,1,301.7,311.0,1527,42.2,144,0,0,0,0,0,0,9.300000000000011,306.35,64439.4,0.23,903.35
6738,M21597,2,301.7,311.0,1537,33.5,146,0,0,0,0,0,0,9.300000000000011,306.35,51489.5,0.29,776.04
6739,H36152,0,301.8,311.1,1463,50.1,149,0,0,0,0,0,0,9.300000000000011,306.45000000000005,73296.3,0.27,1147.75
6740,L53919,1,301.7,311.2,1482,43.6,154,0,0,0,0,0,0,9.5,306.45,64615.200000000004,0.03,535.67
6741,L53920,1,301.8,311.2,1417,55.9,156,0,0,0,0,0,0,9.399999999999977,306.5,79210.3,0.29,960.85
6742,M21601,2,301.7,311.1,1506,39.5,158,0,0,0,0,0,0,9.400000000000034,306.4,59487.0,0.04,632.68
6743,H36156,0,301.7,311.2,1639,30.0,161,0,0,0,0,0,0,9.5,306.45,49170.0,0.01,683.04
6744,L53923,1,301.7,311.2,1418,38.0,166,0,0,0,0,0,0,9.5,306.45,53884.0,0.22,1080.28
6745,M21604,2,301.7,311.0,1298,58.1,168,0,0,0,0,0,0,9.300000000000011,306.35,75413.8,0.27,1295.25
6746,M21605,2,301.8,311.1,1395,44.6,171,0,0,0,0,0,0,9.300000000000011,306.45000000000005,62217.0,0.28,900.85
6747,M21606,2,301.7,311.1,1578,40.5,174,0,0,0,0,0,0,9.400000000000034,306.4,63909.0,0.25,1036.42
6748,M21607,2,301.8,311.1,1597,29.8,177,0,0,0,0,0,0,9.300000000000011,306.45000000000005,47590.6,0.06,682.64
6749,H36162,0,301.7,311.0,2016,19.3,180,0,0,0,0,0,0,9.300000000000011,306.35,38908.8,0.05,859.19
6750,L53929,1,301.7,311.0,1585,35.9,185,0,0,0,0,0,0,9.300000000000011,306.35,56901.5,0.02,955.78
6751,M21610,2,301.7,311.0,1505,44.0,187,0,0,0,0,0,0,9.300000000000011,306.35,66220.0,0.17,1220.06
6752,M21611,2,301.7,311.0,1505,37.1,190,0,0,0,0,0,0,9.300000000000011,306.35,55835.5,0.15,782.22
6753,L53932,1,301.6,310.9,1706,29.5,193,0,0,0,0,0,0,9.299999999999955,306.25,50327.0,0.03,1077.58
6754,L53933,1,301.6,310.9,1385,50.7,195,0,0,0,0,0,0,9.299999999999955,306.25,70219.5,0.14,969.1
6755,L53934,1,301.8,311.1,1495,36.9,197,0,0,0,0,0,0,9.300000000000011,306.45000000000005,55165.5,0.17,972.57
6756,M21615,2,301.8,311.1,1663,31.6,199,0,0,0,0,0,0,9.300000000000011,306.45000000000005,52550.8,0.22,1225.12
6757,L53936,1,301.8,311.2,1840,26.6,202,0,0,0,0,0,0,9.399999999999977,306.5,48944.0,0.12,1224.07
6758,L53937,1,301.8,311.2,1822,26.2,204,0,0,0,0,0,0,9.399999999999977,306.5,47736.4,0.1,1104.93
6759,L53938,1,301.7,311.1,1644,32.8,206,0,0,0,0,0,0,9.400000000000034,306.4,53923.2,0.2,1066.03
6760,L53939,1,301.7,311.0,1441,44.3,208,1,1,0,0,0,0,9.300000000000011,306.35,63836.299999999996,3.24,4264.85
6761,L53940,1,301.5,310.9,1451,40.6,0,0,0,0,0,0,0,9.399999999999977,306.2,58910.6,0.08,0.0
6762,L53941,1,301.5,310.9,1400,50.8,2,0,0,0,0,0,0,9.399999999999977,306.2,71120.0,0.01,110.6
6763,L53942,1,301.4,310.8,1362,53.2,4,0,0,0,0,0,0,9.400000000000034,306.1,72458.40000000001,0.28,461.3
6764,M21623,2,301.4,310.8,1782,26.5,6,0,0,0,0,0,0,9.400000000000034,306.1,47223.0,0.23,411.72
6765,L53944,1,301.4,310.9,1536,38.3,9,0,0,0,0,0,0,9.5,306.15,58828.799999999996,0.06,102.04
6766,L53945,1,301.5,310.9,1580,32.3,11,0,0,0,0,0,0,9.399999999999977,306.2,51033.99999999999,0.17,393.4
6767,M21626,2,301.4,311.0,1427,43.2,13,0,0,0,0,0,0,9.600000000000023,306.2,61646.4,0.18,91.85
6768,L53947,1,301.3,310.9,1509,41.7,16,0,0,0,0,0,0,9.599999999999966,306.1,62925.3,0.04,387.43
6769,H36182,0,301.3,310.8,1434,39.5,18,0,0,0,0,0,0,9.5,306.05,56643.0,0.06,0.0
6770,L53949,1,301.2,310.8,1392,52.6,23,0,0,0,0,0,0,9.600000000000023,306.0,73219.2,0.29,100.48
6771,M21630,2,301.3,310.8,1509,40.1,25,0,0,0,0,0,0,9.5,306.05,60510.9,0.15,479.82
6772,M21631,2,301.2,310.7,1962,22.5,28,0,0,0,0,0,0,9.5,305.95,44145.0,0.06,93.48
6773,L53952,1,301.3,310.7,1536,39.3,31,0,0,0,0,0,0,9.399999999999977,306.0,60364.799999999996,0.24,412.51
6774,L53953,1,301.3,310.8,1381,47.9,33,0,0,0,0,0,0,9.5,306.05,66149.9,0.14,150.38
6775,H36188,0,301.2,310.7,1747,27.3,35,0,0,0,0,0,0,9.5,305.95,47693.1,0.19,719.54
6776,L53955,1,301.2,310.6,1670,30.0,40,0,0,0,0,0,0,9.400000000000034,305.9,50100.0,0.09,563.27
6777,L53956,1,301.3,310.6,1451,47.5,42,0,0,0,0,0,0,9.300000000000011,305.95000000000005,68922.5,0.02,461.98
6778,L53957,1,301.2,310.7,1951,21.3,44,0,0,0,0,0,0,9.5,305.95,41556.3,0.05,283.25
6779,M21638,2,301.3,310.7,1819,25.5,46,0,0,0,0,0,0,9.399999999999977,306.0,46384.5,0.29,667.1
6780,M21639,2,301.3,310.8,1372,54.2,49,0,0,0,0,0,0,9.5,306.05,74362.40000000001,0.19,427.04
6781,L53960,1,301.3,310.8,1560,38.5,52,0,0,0,0,0,0,9.5,306.05,60060.0,0.25,678.33
6782,M21641,2,301.3,310.8,1494,35.3,54,0,0,0,0,0,0,9.5,306.05,52738.2,0.01,218.41
6783,L53962,1,301.3,310.8,1531,53.4,57,0,0,0,0,0,0,9.5,306.05,81755.4,0.23,752.71
6784,L53963,1,301.3,310.8,1450,46.9,59,0,0,0,0,0,0,9.5,306.05,68005.0,0.15,375.87
6785,M21644,2,301.3,310.7,1391,52.5,61,0,0,0,0,0,0,9.399999999999977,306.0,73027.5,0.2,452.91
6786,L53965,1,301.2,310.6,1389,45.3,64,0,0,0,0,0,0,9.400000000000034,305.9,62921.7,0.11,360.02
6787,L53966,1,301.2,310.6,1409,50.9,66,0,0,0,0,0,0,9.400000000000034,305.9,71718.09999999999,0.19,548.87
6788,H36201,0,301.1,310.6,1388,58.5,68,0,0,0,0,0,0,9.5,305.85,81198.0,0.01,291.77
6789,M21648,2,301.1,310.6,1410,43.9,73,0,0,0,0,0,0,9.5,305.85,61899.0,0.01,448.09
6790,M21649,2,301.1,310.5,1646,30.7,76,0,0,0,0,0,0,9.399999999999977,305.8,50532.2,0.24,547.85
6791,M21650,2,301.1,310.7,2219,16.7,79,0,0,0,0,0,0,9.599999999999966,305.9,37057.299999999996,0.04,553.62
6792,L53971,1,301.2,310.7,1551,41.2,82,0,0,0,0,0,0,9.5,305.95,63901.200000000004,0.0,637.76
6793,L53972,1,301.2,310.6,1811,24.0,84,0,0,0,0,0,0,9.400000000000034,305.9,43464.0,0.27,701.63
6794,L53973,1,301.3,310.7,1608,31.4,86,0,0,0,0,0,0,9.399999999999977,306.0,50491.2,0.08,842.75
6795,L53974,1,301.3,310.8,1428,55.2,88,0,0,0,0,0,0,9.5,306.05,78825.6,0.17,779.13
6796,L53975,1,301.4,310.8,1477,50.4,90,0,0,0,0,0,0,9.400000000000034,306.1,74440.8,0.25,1020.74
6797,M21656,2,301.3,310.7,1300,58.3,92,0,0,0,0,0,0,9.399999999999977,306.0,75790.0,0.22,670.82
6798,M21657,2,301.2,310.7,1615,34.9,95,0,0,0,0,0,0,9.5,305.95,56363.5,0.01,235.78
6799,L53978,1,301.2,310.7,1676,32.4,98,0,0,0,0,0,0,9.5,305.95,54302.399999999994,0.17,554.08
6800,M21659,2,301.1,310.7,2636,12.2,100,1,0,0,1,0,0,9.599999999999966,305.9,32159.199999999997,7.22,7629.38
6801,M21660,2,301.1,310.6,1310,48.8,103,0,0,0,0,0,0,9.5,305.85,63927.99999999999,0.11,482.05
6802,L53981,1,301.1,310.7,1334,48.2,106,0,0,0,0,0,0,9.599999999999966,305.9,64298.8,0.23,430.61
6803,M21662,2,301.1,310.7,1621,31.0,108,0,0,0,0,0,0,9.599999999999966,305.9,50251.0,0.29,983.7
6804,M21663,2,301.1,310.7,1367,43.4,111,0,0,0,0,0,0,9.599999999999966,305.9,59327.799999999996,0.04,316.0
6805,L53984,1,301.0,310.6,1588,33.7,114,0,0,0,0,0,0,9.600000000000023,305.8,53515.600000000006,0.04,749.33
6806,M21665,2,301.0,310.7,1497,37.6,116,0,0,0,0,0,0,9.699999999999989,305.85,56287.200000000004,0.22,1127.83
6807,L53986,1,301.1,310.8,1608,32.9,119,0,0,0,0,0,0,9.699999999999989,305.95000000000005,52903.2,0.14,618.25
6808,L53987,1,301.0,310.8,1549,41.4,121,0,0,0,0,0,0,9.800000000000011,305.9,64128.6,0.24,903.14
6809,L53988,1,301.0,310.7,1391,45.0,123,0,0,0,0,0,0,9.699999999999989,305.85,62595.0,0.04,595.21
6810,L53989,1,300.9,310.8,1490,38.1,125,0,0,0,0,0,0,9.900000000000034,305.85,56769.0,0.01,759.06
6811,L53990,1,301.0,310.7,1727,34.5,127,0,0,0,0,0,0,9.699999999999989,305.85,59581.5,0.21,665.84
6812,L53991,1,300.9,310.6,1504,46.4,129,0,0,0,0,0,0,9.700000000000045,305.75,69785.59999999999,0.3,925.23
6813,L53992,1,300.9,310.6,1350,53.8,131,0,0,0,0,0,0,9.700000000000045,305.75,72630.0,0.03,853.18
6814,M21673,2,300.9,310.7,1420,43.0,133,0,0,0,0,0,0,9.800000000000011,305.79999999999995,61060.0,0.26,917.67
6815,H36228,0,300.8,310.6,1465,44.1,136,0,0,0,0,0,0,9.800000000000011,305.70000000000005,64606.5,0.12,555.71
6816,L53995,1,300.9,310.7,1427,44.1,141,0,0,0,0,0,0,9.800000000000011,305.79999999999995,62930.700000000004,0.01,901.25
6817,L53996,1,300.9,310.7,1477,43.2,143,0,0,0,0,0,0,9.800000000000011,305.79999999999995,63806.4,0.15,670.6
6818,M21677,2,301.0,310.7,1493,48.1,145,0,0,0,0,0,0,9.699999999999989,305.85,71813.3,0.08,816.81
6819,M21678,2,301.0,310.7,1657,29.9,148,0,0,0,0,0,0,9.699999999999989,305.85,49544.299999999996,0.21,1037.4
6820,L53999,1,300.9,310.7,1359,46.0,151,0,0,0,0,0,0,9.800000000000011,305.79999999999995,62514.0,0.09,862.98
6821,L54000,1,300.8,310.6,1551,34.5,153,0,0,0,0,0,0,9.800000000000011,305.70000000000005,53509.5,0.14,1285.62
6822,M21681,2,300.8,310.6,1545,37.5,155,0,0,0,0,0,0,9.800000000000011,305.70000000000005,57937.5,0.06,945.07
6823,M21682,2,300.9,310.6,1709,29.2,158,0,0,0,0,0,0,9.700000000000045,305.75,49902.799999999996,0.25,1009.65
6824,M21683,2,300.9,310.7,1268,56.3,161,0,0,0,0,0,0,9.800000000000011,305.79999999999995,71388.4,0.28,1175.4
6825,L54004,1,300.9,310.7,1740,25.3,164,0,0,0,0,0,0,9.800000000000011,305.79999999999995,44022.0,0.12,971.49
6826,L54005,1,301.0,310.9,1828,25.1,166,0,0,0,0,0,0,9.899999999999977,305.95,45882.8,0.13,966.66
6827,L54006,1,301.0,310.9,1822,21.6,168,0,0,0,0,0,0,9.899999999999977,305.95,39355.200000000004,0.29,1166.57
6828,M21687,2,301.0,310.9,1515,41.8,170,0,0,0,0,0,0,9.899999999999977,305.95,63326.99999999999,0.04,824.89
6829,L54008,1,301.0,310.9,1392,52.9,173,0,0,0,0,0,0,9.899999999999977,305.95,73636.8,0.24,1136.94
6830,H36243,0,300.9,310.9,1474,35.7,175,0,0,0,0,0,0,10.0,305.9,52621.8,0.17,969.18
6831,M21690,2,301.0,310.9,1359,53.4,180,0,0,0,0,0,0,9.899999999999977,305.95,72570.59999999999,0.26,875.57
6832,L54011,1,301.1,311.0,1565,52.3,183,0,0,0,0,0,0,9.899999999999977,306.05,81849.5,0.09,1176.03
6833,M21692,2,301.1,311.1,1384,42.5,185,0,0,0,0,0,0,10.0,306.1,58820.0,0.09,930.18
6834,L54013,1,301.1,311.1,1387,53.1,188,0,0,0,0,0,0,10.0,306.1,73649.7,0.1,1061.21
6835,L54014,1,301.1,311.0,1378,51.1,190,0,0,0,0,0,0,9.899999999999977,306.05,70415.8,0.0,835.94
6836,L54015,1,301.0,310.9,1809,25.7,192,0,0,0,0,0,0,9.899999999999977,305.95,46491.299999999996,0.05,900.46
6837,H36250,0,301.1,311.0,1339,52.8,194,0,0,0,0,0,0,9.899999999999977,306.05,70699.2,0.3,1114.15
6838,M21697,2,301.0,311.0,1423,38.6,199,0,0,0,0,0,0,10.0,306.0,54927.8,0.07,1207.24
6839,L54018,1,301.1,311.1,1570,41.6,202,0,0,0,0,0,0,10.0,306.1,65312.0,0.01,1198.46
6840,L54019,1,301.2,311.2,1558,34.1,204,0,0,0,0,0,0,10.0,306.2,53127.8,0.08,1103.89
6841,L54020,1,301.1,311.1,1799,21.7,206,0,0,0,0,0,0,10.0,306.1,39038.299999999996,0.12,1069.5
6842,M21701,2,301.1,311.2,1591,35.0,208,0,0,0,0,0,0,10.099999999999966,306.15,55685.0,0.16,946.04
6843,L54022,1,301.2,311.2,1635,29.6,211,0,0,0,0,0,0,10.0,306.2,48396.0,0.02,1194.31
6844,L54023,1,301.3,311.3,1509,42.5,213,0,0,0,0,0,0,10.0,306.3,64132.5,0.24,1203.52
6845,M21704,2,301.3,311.4,1838,23.2,215,0,0,0,0,0,0,10.099999999999966,306.35,42641.6,0.25,1157.41
6846,M21705,2,301.3,311.5,1648,32.4,0,0,0,0,0,0,0,10.199999999999989,306.4,53395.2,0.06,64.39
6847,M21706,2,301.2,311.5,1498,49.5,3,0,0,0,0,0,0,10.300000000000011,306.35,74151.0,0.24,204.88
6848,L54027,1,301.2,311.4,1757,28.0,6,0,0,0,0,0,0,10.199999999999989,306.29999999999995,49196.0,0.11,0.0
6849,M21708,2,301.1,311.3,1389,53.3,8,0,0,0,0,0,0,10.199999999999989,306.20000000000005,74033.7,0.13,0.0
6850,L54029,1,301.1,311.3,1498,37.6,11,0,0,0,0,0,0,10.199999999999989,306.20000000000005,56324.8,0.28,385.48
6851,M21710,2,301.0,311.2,1521,35.8,13,0,0,0,0,0,0,10.199999999999989,306.1,54451.799999999996,0.27,236.65
6852,M21711,2,301.0,311.2,1394,41.3,16,0,0,0,0,0,0,10.199999999999989,306.1,57572.2,0.11,266.54
6853,H36266,0,301.0,311.2,1602,32.7,19,0,0,0,0,0,0,10.199999999999989,306.1,52385.4,0.15,266.98
6854,L54033,1,300.9,311.1,1417,40.7,24,0,0,0,0,0,0,10.200000000000045,306.0,57671.9,0.09,367.13
6855,L54034,1,301.0,311.2,1511,42.9,26,0,0,0,0,0,0,10.199999999999989,306.1,64821.9,0.15,155.18
6856,M21715,2,301.1,311.3,1654,30.7,28,0,0,0,0,0,0,10.199999999999989,306.20000000000005,50777.799999999996,0.2,374.91
6857,M21716,2,301.1,311.3,1836,22.8,31,0,0,0,0,0,0,10.199999999999989,306.20000000000005,41860.8,0.03,280.74
6858,L54037,1,301.1,311.3,1622,35.6,34,0,0,0,0,0,0,10.199999999999989,306.20000000000005,57743.200000000004,0.28,356.07
6859,L54038,1,301.0,311.2,1467,45.4,36,0,0,0,0,0,0,10.199999999999989,306.1,66601.8,0.22,569.08
6860,M21719,2,301.1,311.3,1909,22.7,38,0,0,0,0,0,0,10.199999999999989,306.20000000000005,43334.299999999996,0.03,0.0
6861,L54040,1,301.1,311.2,1910,20.2,41,0,0,0,0,0,0,10.099999999999966,306.15,38582.0,0.26,340.06
6862,H36275,0,301.1,311.3,2207,16.6,43,0,0,0,0,0,0,10.199999999999989,306.20000000000005,36636.200000000004,0.22,179.45
6863,M21722,2,301.1,311.2,1384,49.4,48,0,0,0,0,0,0,10.099999999999966,306.15,68369.59999999999,0.09,219.62
6864,L54043,1,301.1,311.3,1630,29.5,51,0,0,0,0,0,0,10.199999999999989,306.20000000000005,48085.0,0.16,391.81
6865,L54044,1,301.1,311.3,1268,60.0,53,0,0,0,0,0,0,10.199999999999989,306.20000000000005,76080.0,0.26,649.73
6866,L54045,1,301.1,311.4,1531,38.7,55,0,0,0,0,0,0,10.299999999999955,306.25,59249.700000000004,0.29,541.71
6867,M21726,2,301.0,311.3,1454,41.5,57,0,0,0,0,0,0,10.300000000000011,306.15,60341.0,0.08,275.69
6868,L54047,1,301.0,311.3,1342,50.9,60,0,0,0,0,0,0,10.300000000000011,306.15,68307.8,0.2,267.62
6869,L54048,1,301.0,311.2,1363,46.3,62,0,0,0,0,0,0,10.199999999999989,306.1,63106.899999999994,0.26,387.87
6870,L54049,1,301.0,311.2,1412,42.1,64,0,0,0,0,0,0,10.199999999999989,306.1,59445.200000000004,0.3,666.53
6871,H36284,0,301.0,311.3,1597,39.2,66,0,0,0,0,0,0,10.300000000000011,306.15,62602.4,0.02,482.22
6872,L54051,1,301.0,311.3,1349,47.0,71,0,0,0,0,0,0,10.300000000000011,306.15,63403.0,0.15,442.12
6873,L54052,1,301.0,311.3,1472,35.3,73,0,0,0,0,0,0,10.300000000000011,306.15,51961.6,0.26,806.65
6874,L54053,1,301.0,311.4,1478,39.5,75,0,0,0,0,0,0,10.399999999999977,306.2,58381.0,0.0,232.51
6875,H36288,0,300.9,311.3,1295,58.9,77,0,0,0,0,0,0,10.400000000000034,306.1,76275.5,0.13,456.42
6876,M21735,2,300.8,311.2,1592,32.9,82,0,0,0,0,0,0,10.399999999999977,306.0,52376.799999999996,0.18,544.08
6877,L54056,1,300.8,311.2,1430,54.4,85,0,0,0,0,0,0,10.399999999999977,306.0,77792.0,0.16,814.41
6878,M21737,2,300.8,311.2,1488,40.1,87,0,0,0,0,0,0,10.399999999999977,306.0,59668.8,0.22,675.05
6879,H36292,0,300.9,311.2,1518,35.0,90,0,0,0,0,0,0,10.300000000000011,306.04999999999995,53130.0,0.02,200.24
6880,H36293,0,300.8,311.2,2237,17.0,95,0,0,0,0,0,0,10.399999999999977,306.0,38029.0,0.24,857.75
6881,M21740,2,300.9,311.3,1801,24.6,100,0,0,0,0,0,0,10.400000000000034,306.1,44304.600000000006,0.08,856.89
6882,L54061,1,301.0,311.4,1573,37.6,103,0,0,0,0,0,0,10.399999999999977,306.2,59144.8,0.25,727.54
6883,L54062,1,300.9,311.4,2073,21.4,105,0,0,0,0,0,0,10.5,306.15,44362.2,0.13,520.44
6884,L54063,1,300.9,311.3,1953,19.4,107,0,0,0,0,0,0,10.400000000000034,306.1,37888.2,0.01,674.64
6885,L54064,1,300.8,311.2,1492,39.0,109,0,0,0,0,0,0,10.399999999999977,306.0,58188.0,0.29,1129.64
6886,L54065,1,300.8,311.2,1397,48.7,111,0,0,0,0,0,0,10.399999999999977,306.0,68033.90000000001,0.23,912.31
6887,M21746,2,300.8,311.3,1465,43.2,113,0,0,0,0,0,0,10.5,306.05,63288.00000000001,0.1,421.55
6888,L54067,1,300.8,311.3,1782,26.9,116,0,0,0,0,0,0,10.5,306.05,47935.799999999996,0.08,773.2
6889,M21748,2,300.9,311.4,1434,45.4,118,0,0,0,0,0,0,10.5,306.15,65103.6,0.18,830.63
6890,H36303,0,300.9,311.4,1387,42.7,121,0,0,0,0,0,0,10.5,306.15,59224.9,0.3,761.81
6891,M21750,2,300.9,311.4,1532,41.5,126,0,0,0,0,0,0,10.5,306.15,63578.0,0.09,913.32
6892,L54071,1,300.9,311.5,1505,41.1,129,0,0,0,0,0,0,10.600000000000023,306.2,61855.5,0.28,990.75
6893,L54072,1,301.0,311.6,1440,43.3,131,0,0,0,0,0,0,10.600000000000023,306.3,62351.99999999999,0.1,952.24
6894,L54073,1,301.0,311.6,1470,43.4,133,0,0,0,0,0,0,10.600000000000023,306.3,63798.0,0.21,715.78
6895,L54074,1,301.1,311.7,1408,46.3,135,0,0,0,0,0,0,10.599999999999966,306.4,65190.399999999994,0.11,844.82
6896,M21755,2,301.0,311.6,1357,45.6,137,0,0,0,0,0,0,10.600000000000023,306.3,61879.200000000004,0.03,580.74
6897,M21756,2,301.0,311.6,1454,40.0,140,0,0,0,0,0,0,10.600000000000023,306.3,58160.0,0.28,1017.15
6898,L54077,1,301.0,311.6,1352,63.5,143,0,0,0,0,0,0,10.600000000000023,306.3,85852.0,0.05,986.58
6899,M21758,2,301.0,311.6,1448,43.9,145,0,0,0,0,0,0,10.600000000000023,306.3,63567.2,0.28,791.04
6900,L54079,1,300.9,311.6,1671,33.5,148,0,0,0,0,0,0,10.700000000000045,306.25,55978.5,0.03,564.65
6901,L54080,1,301.0,311.7,1670,31.3,150,0,0,0,0,0,0,10.699999999999989,306.35,52271.0,0.08,973.32
6902,L54081,1,301.0,311.7,1547,34.5,152,0,0,0,0,0,0,10.699999999999989,306.35,53371.5,0.28,1037.88
6903,L54082,1,301.0,311.6,1461,40.6,154,0,0,0,0,0,0,10.600000000000023,306.3,59316.6,0.2,1145.69
6904,M21763,2,301.0,311.6,1609,35.8,156,0,0,0,0,0,0,10.600000000000023,306.3,57602.2,0.06,718.91
6905,M21764,2,300.9,311.5,1704,31.3,159,0,0,0,0,0,0,10.600000000000023,306.2,53335.200000000004,0.18,982.68
6906,M21765,2,301.0,311.5,1550,34.9,162,0,0,0,0,0,0,10.5,306.25,54095.0,0.05,963.22
6907,M21766,2,301.0,311.5,1530,43.9,165,0,0,0,0,0,0,10.5,306.25,67167.0,0.26,1116.53
6908,L54087,1,300.9,311.3,1449,40.2,168,0,0,0,0,0,0,10.400000000000034,306.1,58249.8,0.01,581.69
6909,L54088,1,300.9,311.3,1613,32.7,170,0,0,0,0,0,0,10.400000000000034,306.1,52745.100000000006,0.16,1433.39
6910,L54089,1,300.8,311.2,1376,48.1,172,0,0,0,0,0,0,10.399999999999977,306.0,66185.6,0.02,911.85
6911,L54090,1,300.8,311.2,1434,45.6,174,0,0,0,0,0,0,10.399999999999977,306.0,65390.4,0.21,878.94
6912,L54091,1,300.8,311.1,1480,41.1,176,0,0,0,0,0,0,10.300000000000011,305.95000000000005,60828.0,0.28,1207.13
6913,M21772,2,300.8,311.2,1634,31.9,178,0,0,0,0,0,0,10.399999999999977,306.0,52124.6,0.25,1204.37
6914,L54093,1,300.8,311.2,1481,38.5,181,0,0,0,0,0,1,10.399999999999977,306.0,57018.5,4.71,5764.09
6915,H36328,0,300.9,311.3,1668,28.9,183,0,0,0,0,0,0,10.400000000000034,306.1,48205.2,0.07,1124.07
6916,L54095,1,301.0,311.4,1484,36.2,188,0,0,0,0,0,0,10.399999999999977,306.2,53720.8,0.04,947.92
6917,M21776,2,300.9,311.3,1603,31.8,190,0,0,0,0,0,0,10.400000000000034,306.1,50975.4,0.26,951.69
6918,L54097,1,301.0,311.4,1481,37.5,193,0,0,0,0,0,0,10.399999999999977,306.2,55537.5,0.02,1054.2
6919,L54098,1,301.0,311.5,1559,31.8,195,0,0,0,0,0,0,10.5,306.25,49576.200000000004,0.19,918.64
6920,L54099,1,301.0,311.5,1444,39.8,197,0,0,0,0,0,0,10.5,306.25,57471.2,0.11,1277.29
6921,M21780,2,301.2,311.6,1423,48.0,199,0,0,0,0,0,0,10.400000000000034,306.4,68304.0,0.3,1185.09
6922,L54101,1,301.1,311.6,1432,48.1,202,0,0,0,0,0,0,10.5,306.35,68879.2,0.15,1255.24
6923,L54102,1,301.2,311.7,1463,48.3,204,0,0,0,0,0,0,10.5,306.45,70662.9,0.16,1081.57
6924,L54103,1,301.2,311.7,1433,49.3,206,0,0,0,0,0,0,10.5,306.45,70646.9,0.28,1236.19
6925,L54104,1,301.2,311.6,1461,52.9,208,1,0,0,0,1,0,10.400000000000034,306.4,77286.9,7.98,8899.85
6926,M21785,2,301.1,311.6,1266,55.5,210,0,0,0,0,0,0,10.5,306.35,70263.0,0.18,1337.41
6927,H36340,0,301.1,311.6,1417,53.4,0,0,0,0,0,0,0,10.5,306.35,75667.8,0.24,146.8
6928,L54107,1,301.1,311.6,1488,43.4,5,0,0,0,0,0,0,10.5,306.35,64579.2,0.19,330.28
6929,L54108,1,301.1,311.7,1816,24.5,7,0,0,0,0,0,0,10.599999999999966,306.4,44492.0,0.13,75.72
6930,M21789,2,301.0,311.6,1301,55.0,9,0,0,0,0,0,0,10.600000000000023,306.3,71555.0,0.02,30.29
6931,M21790,2,300.9,311.5,1836,21.8,12,0,0,0,0,0,0,10.600000000000023,306.2,40024.8,0.22,285.33
6932,M21791,2,300.8,311.4,1521,39.9,15,0,0,0,0,0,0,10.599999999999966,306.1,60687.9,0.21,308.07
6933,L54112,1,300.8,311.4,1322,67.2,18,1,0,0,1,0,0,10.599999999999966,306.1,88838.40000000001,6.09,6041.37
6934,L54113,1,300.8,311.4,1492,40.6,20,0,0,0,0,0,0,10.599999999999966,306.1,60575.200000000004,0.07,275.57
6935,L54114,1,300.8,311.4,1536,40.9,22,0,0,0,0,0,0,10.599999999999966,306.1,62822.399999999994,0.22,289.3
6936,L54115,1,300.7,311.2,1878,24.3,24,0,0,0,0,0,0,10.5,305.95,45635.4,0.04,241.59
6937,L54116,1,300.6,311.1,1471,40.7,26,0,0,0,0,0,0,10.5,305.85,59869.700000000004,0.21,337.57
6938,H36351,0,300.6,311.1,1452,40.2,28,0,0,0,0,0,0,10.5,305.85,58370.4,0.22,447.97
6939,L54118,1,300.7,311.2,1452,44.4,33,0,0,0,0,0,0,10.5,305.95,64468.799999999996,0.11,213.3
6940,M21799,2,300.7,311.3,1348,53.0,35,0,0,0,0,0,0,10.600000000000023,306.0,71444.0,0.08,136.56
6941,H36354,0,300.8,311.4,1453,44.6,38,0,0,0,0,0,0,10.599999999999966,306.1,64803.8,0.11,364.03
6942,L54121,1,300.8,311.4,1316,57.6,43,0,0,0,0,0,0,10.599999999999966,306.1,75801.6,0.11,250.94
6943,M21802,2,300.8,311.4,1732,26.9,45,0,0,0,0,0,0,10.599999999999966,306.1,46590.799999999996,0.18,623.82
6944,L54123,1,300.7,311.3,1522,35.2,48,0,0,0,0,0,0,10.600000000000023,306.0,53574.4,0.22,470.15
6945,M21804,2,300.7,311.3,1487,39.8,50,0,0,0,0,0,0,10.600000000000023,306.0,59182.6,0.26,303.96
6946,M21805,2,300.8,311.4,1852,22.2,53,0,0,0,0,0,0,10.599999999999966,306.1,41114.4,0.01,187.18
6947,L54126,1,300.7,311.2,1486,46.8,56,0,0,0,0,0,0,10.5,305.95,69544.8,0.22,350.1
6948,M21807,2,300.7,311.3,1562,37.1,58,0,0,0,0,0,0,10.600000000000023,306.0,57950.200000000004,0.09,540.94
6949,L54128,1,300.7,311.2,1457,51.4,61,0,0,0,0,0,0,10.5,305.95,74889.8,0.25,671.03
6950,M21809,2,300.7,311.2,1769,26.5,63,0,0,0,0,0,0,10.5,305.95,46878.5,0.02,325.84
6951,H36364,0,300.7,311.3,1374,53.1,66,0,0,0,0,0,0,10.600000000000023,306.0,72959.40000000001,0.17,543.51
6952,L54131,1,300.8,311.3,1524,43.5,71,0,0,0,0,0,0,10.5,306.05,66294.0,0.16,501.85
6953,L54132,1,300.8,311.3,1498,40.2,73,0,0,0,0,0,0,10.5,306.05,60219.600000000006,0.1,594.06
6954,L54133,1,300.8,311.3,1462,41.4,75,0,0,0,0,0,0,10.5,306.05,60526.799999999996,0.29,742.97
6955,M21814,2,300.8,311.2,1429,52.3,77,0,0,0,0,0,0,10.399999999999977,306.0,74736.7,0.03,520.0
6956,L54135,1,300.7,311.2,1399,47.9,80,0,0,0,0,0,0,10.5,305.95,67012.09999999999,0.04,411.22
6957,M21816,2,300.8,311.2,1434,39.1,82,0,0,0,0,0,0,10.399999999999977,306.0,56069.4,0.19,505.27
6958,L54137,1,300.7,311.1,1324,52.2,85,0,0,0,0,0,0,10.400000000000034,305.9,69112.8,0.15,674.76
6959,L54138,1,300.6,311.0,1563,40.7,87,0,0,0,0,0,0,10.399999999999977,305.8,63614.100000000006,0.08,747.7
6960,L54139,1,300.6,311.0,1543,34.7,89,0,0,0,0,0,0,10.399999999999977,305.8,53542.100000000006,0.09,700.9
6961,L54140,1,300.7,311.0,1413,52.0,91,0,0,0,0,0,1,10.300000000000011,305.85,73476.0,1.12,1812.25
6962,M21821,2,300.7,311.0,1378,41.2,93,0,0,0,0,0,0,10.300000000000011,305.85,56773.600000000006,0.26,749.3
6963,M21822,2,300.7,311.1,1373,49.9,96,0,0,0,0,0,0,10.400000000000034,305.9,68512.7,0.17,504.5
6964,H36377,0,300.7,311.0,1981,19.9,99,0,0,0,0,0,0,10.300000000000011,305.85,39421.899999999994,0.07,432.82
6965,M21824,2,300.7,311.0,1263,52.3,104,0,0,0,0,0,0,10.300000000000011,305.85,66054.9,0.12,846.94
6966,L54145,1,300.7,311.0,1312,52.1,107,0,0,0,0,0,0,10.300000000000011,305.85,68355.2,0.27,525.71
6967,L54146,1,300.7,311.0,1969,20.7,109,0,0,0,0,0,0,10.300000000000011,305.85,40758.299999999996,0.27,1040.71
6968,M21827,2,300.8,311.2,1365,51.7,111,0,0,0,0,0,0,10.399999999999977,306.0,70570.5,0.02,456.85
6969,L54148,1,300.9,311.2,1789,25.5,114,0,0,0,0,0,0,10.300000000000011,306.04999999999995,45619.5,0.2,1058.51
6970,M21829,2,300.8,311.1,1583,32.1,116,0,0,0,0,0,0,10.300000000000011,305.95000000000005,50814.3,0.05,619.41
6971,L54150,1,300.7,311.0,1436,44.9,119,0,0,0,0,0,0,10.300000000000011,305.85,64476.4,0.06,763.39
6972,M21831,2,300.7,311.0,1559,42.8,121,0,0,0,0,0,0,10.300000000000011,305.85,66725.2,0.26,1222.76
6973,L54152,1,300.7,311.0,1377,49.9,124,0,0,0,0,0,0,10.300000000000011,305.85,68712.3,0.27,840.48
6974,L54153,1,300.7,311.0,1462,41.9,126,0,0,0,0,0,0,10.300000000000011,305.85,61257.799999999996,0.02,597.96
6975,L54154,1,300.7,311.0,1318,48.2,128,0,0,0,0,0,0,10.300000000000011,305.85,63527.600000000006,0.26,795.77
6976,M21835,2,300.7,311.0,1378,51.6,130,0,0,0,0,0,0,10.300000000000011,305.85,71104.8,0.22,719.73
6977,L54156,1,300.6,310.9,1344,46.7,133,0,0,0,0,0,0,10.299999999999955,305.75,62764.8,0.23,845.53
6978,L54157,1,300.7,311.1,2377,14.3,135,0,0,0,0,0,0,10.400000000000034,305.9,33991.1,0.24,831.77
6979,L54158,1,300.7,311.1,1427,50.3,137,0,0,0,0,0,0,10.400000000000034,305.9,71778.09999999999,0.15,647.46
6980,L54159,1,300.9,311.2,1353,60.4,139,0,0,0,0,0,0,10.300000000000011,306.04999999999995,81721.2,0.28,943.43
6981,L54160,1,300.8,311.3,1505,45.5,141,0,0,0,0,0,0,10.5,306.05,68477.5,0.06,832.47
6982,H36395,0,300.8,311.2,1612,32.5,143,0,0,0,0,0,0,10.399999999999977,306.0,52390.0,0.15,730.61
6983,L54162,1,300.7,311.1,1440,43.0,148,0,0,0,0,0,0,10.400000000000034,305.9,61920.0,0.1,815.63
6984,M21843,2,300.7,311.0,1334,53.9,150,0,0,0,0,0,0,10.300000000000011,305.85,71902.59999999999,0.25,1210.98
6985,M21844,2,300.7,311.0,1706,25.0,153,0,0,0,0,0,0,10.300000000000011,305.85,42650.0,0.02,572.07
6986,H36399,0,300.8,311.1,1698,24.8,156,0,0,0,0,0,0,10.300000000000011,305.95000000000005,42110.4,0.13,1199.75
6987,L54166,1,300.7,311.1,1688,30.7,161,0,0,0,0,0,0,10.400000000000034,305.9,51821.6,0.23,933.9
6988,L54167,1,300.7,311.1,2437,13.8,163,0,0,0,0,0,0,10.400000000000034,305.9,33630.6,0.09,935.14
6989,L54168,1,300.7,311.1,1478,46.8,165,0,0,0,0,0,0,10.400000000000034,305.9,69170.4,0.07,1086.87
6990,M21849,2,300.7,311.1,1608,35.3,167,0,0,0,0,0,0,10.400000000000034,305.9,56762.399999999994,0.08,1152.65
6991,L54170,1,300.7,311.1,2478,13.4,170,1,0,0,1,0,0,10.400000000000034,305.9,33205.200000000004,5.58,6500.47
6992,L54171,1,300.8,311.1,1509,33.4,172,0,0,0,0,0,0,10.300000000000011,305.95000000000005,50400.6,0.09,845.82
6993,L54172,1,300.7,311.0,1596,36.9,174,0,0,0,0,0,0,10.300000000000011,305.85,58892.399999999994,0.12,872.58
6994,M21853,2,300.7,311.0,1740,25.6,176,0,0,0,0,0,0,10.300000000000011,305.85,44544.0,0.16,953.77
6995,L54174,1,300.6,310.8,1375,53.2,179,0,0,0,0,0,0,10.199999999999989,305.70000000000005,73150.0,0.28,1458.39
6996,M21855,2,300.6,310.7,1705,31.2,181,0,0,0,0,0,0,10.099999999999966,305.65,53196.0,0.24,1087.53
6997,M21856,2,300.5,310.6,1621,32.0,184,0,0,0,0,0,0,10.100000000000023,305.55,51872.0,0.06,1028.54
6998,M21857,2,300.6,310.7,1566,38.2,187,0,0,0,0,0,0,10.099999999999966,305.65,59821.200000000004,0.26,1038.44
6999,M21858,2,300.6,310.7,1388,42.9,190,0,0,0,0,0,0,10.099999999999966,305.65,59545.2,0.25,1026.55
7000,M21859,2,300.6,310.7,1457,36.7,193,0,0,0,0,0,0,10.099999999999966,305.65,53471.9,0.22,1188.96
7001,M21860,2,300.6,310.6,1463,45.5,196,0,0,0,0,0,0,10.0,305.6,66566.5,0.16,1091.29
7002,L54181,1,300.5,310.5,1564,38.2,199,0,0,0,0,0,0,10.0,305.5,59744.8,0.02,977.24
7003,H36416,0,300.5,310.6,1411,47.2,201,0,0,0,0,0,0,10.100000000000023,305.55,66599.2,0.21,993.14
7004,L54183,1,300.5,310.6,1540,46.7,206,0,0,0,0,0,0,10.100000000000023,305.55,71918.0,0.16,1178.98
7005,L54184,1,300.5,310.6,1950,20.3,208,0,0,0,0,0,0,10.100000000000023,305.55,39585.0,0.09,1362.39
7006,M21865,2,300.6,310.7,1339,52.9,0,0,0,0,0,0,0,10.099999999999966,305.65,70833.09999999999,0.0,0.0
7007,H36420,0,300.6,310.6,1419,39.6,3,0,0,0,0,0,0,10.0,305.6,56192.4,0.07,219.62
7008,L54187,1,300.5,310.6,1499,45.2,8,0,0,0,0,0,0,10.100000000000023,305.55,67754.8,0.18,0.0
7009,L54188,1,300.5,310.6,1368,49.6,10,0,0,0,0,0,0,10.100000000000023,305.55,67852.8,0.03,0.0
7010,L54189,1,300.5,310.5,1536,36.2,12,0,0,0,0,0,0,10.0,305.5,55603.200000000004,0.2,0.0
7011,M21870,2,300.5,310.5,1469,42.9,14,0,0,0,0,0,0,10.0,305.5,63020.1,0.25,505.43
7012,L54191,1,300.5,310.5,2633,12.2,17,1,0,0,1,0,0,10.0,305.5,32122.6,5.51,5726.82
7013,L54192,1,300.4,310.4,1298,61.4,19,0,0,0,0,0,0,10.0,305.4,79697.2,0.02,0.0
7014,M21873,2,300.4,310.4,1544,36.3,21,0,0,0,0,0,0,10.0,305.4,56047.2,0.04,188.39
7015,H36428,0,300.5,310.5,1403,47.7,24,0,0,0,0,0,0,10.0,305.5,66923.1,0.11,410.26
7016,L54195,1,300.5,310.5,1452,42.9,29,0,0,0,0,0,0,10.0,305.5,62290.799999999996,0.24,588.58
7017,L54196,1,300.6,310.5,1509,43.1,31,0,0,0,0,0,0,9.899999999999977,305.55,65037.9,0.19,284.13
7018,M21877,2,300.7,310.6,1474,37.0,33,0,0,0,0,0,0,9.900000000000034,305.65,54538.0,0.26,93.67
7019,M21878,2,300.7,310.7,1377,46.7,36,0,0,0,0,0,0,10.0,305.7,64305.9,0.3,345.22
7020,L54199,1,300.8,310.8,1741,27.1,39,0,0,0,0,0,0,10.0,305.8,47181.100000000006,0.06,369.92
7021,L54200,1,300.8,310.8,1460,53.8,41,0,0,0,0,0,0,10.0,305.8,78548.0,0.21,729.83
7022,H36435,0,300.7,310.6,1631,32.6,43,0,0,0,0,0,0,9.900000000000034,305.65,53170.600000000006,0.14,346.85
7023,L54202,1,300.7,310.5,1561,33.2,48,0,0,0,0,0,0,9.800000000000011,305.6,51825.200000000004,0.15,298.98
7024,M21883,2,300.7,310.6,1572,38.5,50,0,0,0,0,0,0,9.900000000000034,305.65,60522.0,0.1,709.9
7025,L54204,1,300.6,310.6,2127,18.7,53,0,0,0,0,0,0,10.0,305.6,39774.9,0.1,425.86
7026,H36439,0,300.6,310.6,1448,44.7,55,0,0,0,0,0,0,10.0,305.6,64725.600000000006,0.2,290.83
7027,L54206,1,300.6,310.7,1543,39.6,60,0,0,0,0,0,0,10.099999999999966,305.65,61102.8,0.19,472.16
7028,L54207,1,300.6,310.6,1508,34.8,62,0,0,0,0,0,0,10.0,305.6,52478.399999999994,0.1,559.99
7029,M21888,2,300.6,310.6,1403,50.4,64,0,0,0,0,0,0,10.0,305.6,70711.2,0.04,349.44
7030,L54209,1,300.6,310.6,1454,39.7,67,0,0,0,0,0,0,10.0,305.6,57723.8,0.17,624.15
7031,L54210,1,300.7,310.8,1772,27.3,69,0,0,0,0,0,0,10.100000000000023,305.75,48375.6,0.22,324.25
7032,L54211,1,300.7,310.8,1479,49.1,71,0,0,0,0,0,0,10.100000000000023,305.75,72618.90000000001,0.17,309.87
7033,L54212,1,300.7,310.9,1723,31.0,73,0,0,0,0,0,0,10.199999999999989,305.79999999999995,53413.0,0.0,254.77
7034,M21893,2,300.7,310.8,1469,46.4,75,0,0,0,0,0,0,10.100000000000023,305.75,68161.59999999999,0.08,412.67
7035,H36448,0,300.6,310.6,1830,26.2,78,0,0,0,0,0,0,10.0,305.6,47946.0,0.23,670.09
7036,L54215,1,300.6,310.6,1497,38.2,83,0,0,0,0,0,0,10.0,305.6,57185.4,0.22,730.51
7037,L54216,1,300.7,310.6,1540,52.7,85,0,0,0,0,0,0,9.900000000000034,305.65,81158.0,0.0,794.92
7038,L54217,1,300.6,310.6,1514,39.5,87,0,0,0,0,0,0,10.0,305.6,59803.0,0.14,464.22
7039,L54218,1,300.7,310.6,1654,34.2,89,0,0,0,0,0,0,9.900000000000034,305.65,56566.8,0.13,527.9
7040,H36453,0,300.6,310.5,1519,37.0,91,0,0,0,0,0,0,9.899999999999977,305.55,56203.0,0.2,548.4
7041,L54220,1,300.7,310.6,1720,30.3,96,0,0,0,0,0,0,9.900000000000034,305.65,52116.0,0.04,681.91
7042,L54221,1,300.6,310.5,1470,37.7,98,0,0,0,0,0,0,9.899999999999977,305.55,55419.00000000001,0.19,850.09
7043,L54222,1,300.6,310.5,1642,29.9,100,0,0,0,0,0,0,9.899999999999977,305.55,49095.799999999996,0.28,712.85
7044,M21903,2,300.7,310.6,2006,19.1,102,0,0,0,0,0,0,9.900000000000034,305.65,38314.600000000006,0.11,929.86
7045,M21904,2,300.7,310.6,1505,35.6,105,0,0,0,0,0,0,9.900000000000034,305.65,53578.0,0.1,518.67
7046,M21905,2,300.7,310.6,1609,27.6,108,0,0,0,0,0,0,9.900000000000034,305.65,44408.4,0.01,704.49
7047,M21906,2,300.7,310.5,1863,22.2,111,0,0,0,0,0,0,9.800000000000011,305.6,41358.6,0.02,793.18
7048,L54227,1,300.6,310.4,1401,42.6,114,0,0,0,0,0,0,9.799999999999955,305.5,59682.6,0.28,645.76
7049,L54228,1,300.6,310.4,2007,19.8,116,0,0,0,0,0,0,9.799999999999955,305.5,39738.6,0.29,956.64
7050,L54229,1,300.6,310.4,1494,47.3,118,0,0,0,0,0,0,9.799999999999955,305.5,70666.2,0.0,181.24
7051,L54230,1,300.6,310.4,1457,47.7,120,0,0,0,0,0,0,9.799999999999955,305.5,69498.90000000001,0.27,993.63
7052,L54231,1,300.6,310.4,1556,37.7,122,0,0,0,0,0,0,9.799999999999955,305.5,58661.200000000004,0.05,494.76
7053,H36466,0,300.6,310.4,1510,42.8,124,0,0,0,0,0,0,9.799999999999955,305.5,64627.99999999999,0.17,875.12
7054,H36467,0,300.7,310.5,1567,38.7,129,0,0,0,0,0,0,9.800000000000011,305.6,60642.9,0.2,958.25
7055,H36468,0,300.7,310.5,1476,43.1,134,0,0,0,0,0,0,9.800000000000011,305.6,63615.6,0.11,948.02
7056,L54235,1,300.8,310.6,1663,30.6,139,0,0,0,0,0,0,9.800000000000011,305.70000000000005,50887.8,0.16,988.53
7057,M21916,2,300.8,310.5,1409,50.6,141,0,0,0,0,0,0,9.699999999999989,305.65,71295.40000000001,0.19,903.38
7058,L54237,1,300.8,310.6,1666,36.2,144,0,0,0,0,0,0,9.800000000000011,305.70000000000005,60309.200000000004,0.06,722.93
7059,L54238,1,300.7,310.6,1520,45.9,146,0,0,0,0,0,0,9.900000000000034,305.65,69768.0,0.3,1018.84
7060,L54239,1,300.6,310.5,1644,33.8,148,0,0,0,0,0,0,9.899999999999977,305.55,55567.2,0.06,632.6
7061,H36474,0,300.6,310.4,1479,35.6,150,0,0,0,0,0,0,9.799999999999955,305.5,52652.4,0.0,718.25
7062,L54241,1,300.6,310.4,1446,49.7,155,0,0,0,0,0,0,9.799999999999955,305.5,71866.2,0.28,1011.4
7063,M21922,2,300.6,310.4,1407,51.1,157,0,0,0,0,0,0,9.799999999999955,305.5,71897.7,0.13,796.77
7064,L54243,1,300.7,310.4,1234,51.7,160,0,0,0,0,0,0,9.699999999999989,305.54999999999995,63797.8,0.12,658.82
7065,M21924,2,300.8,310.5,1696,29.7,162,0,0,0,0,0,0,9.699999999999989,305.65,50371.2,0.08,698.46
7066,L54245,1,300.8,310.6,1384,52.9,165,0,0,0,0,0,0,9.800000000000011,305.70000000000005,73213.59999999999,0.01,362.48
7067,M21926,2,300.8,310.7,1572,36.2,167,0,0,0,0,0,0,9.899999999999977,305.75,56906.4,0.08,868.82
7068,M21927,2,300.8,310.7,1386,42.1,170,0,0,0,0,0,0,9.899999999999977,305.75,58350.6,0.12,1024.07
7069,L54248,1,300.8,310.7,1461,42.8,173,0,0,0,0,0,0,9.899999999999977,305.75,62530.799999999996,0.16,622.62
7070,L54249,1,300.8,310.7,1525,39.4,175,0,0,0,0,0,0,9.899999999999977,305.75,60085.0,0.14,1050.51
7071,L54250,1,300.7,310.7,1333,61.0,177,0,0,0,0,0,0,10.0,305.7,81313.0,0.26,1126.63
7072,H36485,0,300.7,310.6,1505,40.6,179,0,0,0,0,0,0,9.900000000000034,305.65,61103.0,0.27,988.49
7073,M21932,2,300.7,310.6,1439,41.7,184,0,0,0,0,0,0,9.900000000000034,305.65,60006.3,0.1,955.32
7074,L54253,1,300.7,310.6,1491,43.2,187,0,0,0,0,0,0,9.900000000000034,305.65,64411.200000000004,0.29,1382.62
7075,M21934,2,300.7,310.6,1488,39.2,189,0,0,0,0,0,0,9.900000000000034,305.65,58329.600000000006,0.26,1058.87
7076,L54255,1,300.7,310.5,1536,47.4,192,0,0,0,0,0,0,9.800000000000011,305.6,72806.4,0.28,1251.83
7077,L54256,1,300.7,310.5,1960,21.0,194,0,0,0,0,0,0,9.800000000000011,305.6,41160.0,0.21,1231.99
7078,M21937,2,300.7,310.5,1594,31.0,196,0,0,0,0,0,0,9.800000000000011,305.6,49414.0,0.06,916.67
7079,L54258,1,300.7,310.5,1357,52.6,199,0,0,0,0,0,0,9.800000000000011,305.6,71378.2,0.06,1206.24
7080,L54259,1,300.7,310.5,1445,41.1,201,0,0,0,0,0,0,9.800000000000011,305.6,59389.5,0.27,1335.58
7081,L54260,1,300.7,310.4,1543,47.3,203,0,0,0,0,0,0,9.699999999999989,305.54999999999995,72983.9,0.15,1127.21
7082,L54261,1,300.7,310.4,1366,52.6,205,0,0,0,0,0,0,9.699999999999989,305.54999999999995,71851.6,0.27,1649.49
7083,L54262,1,300.7,310.3,1458,40.0,207,0,0,0,0,0,0,9.600000000000023,305.5,58320.0,0.22,1406.89
7084,L54263,1,300.7,310.4,1416,61.8,209,1,0,0,1,1,0,9.699999999999989,305.54999999999995,87508.8,6.7,7492.08
7085,L54264,1,300.6,310.3,1794,24.4,211,0,0,0,0,0,0,9.699999999999989,305.45000000000005,43773.6,0.12,1116.63
7086,L54265,1,300.6,310.3,1484,41.0,213,0,0,0,0,0,0,9.699999999999989,305.45000000000005,60844.0,0.29,1725.0
7087,L54266,1,300.6,310.4,2514,13.4,215,0,0,0,0,0,0,9.799999999999955,305.5,33687.6,0.01,937.67
7088,L54267,1,300.6,310.3,1648,30.5,217,1,1,0,0,0,0,9.699999999999989,305.45000000000005,50264.0,1.49,2584.95
7089,M21948,2,300.6,310.3,1614,32.7,0,0,0,0,0,0,0,9.699999999999989,305.45000000000005,52777.8,0.29,474.65
7090,L54269,1,300.6,310.2,1622,34.1,3,0,0,0,0,0,0,9.599999999999966,305.4,55310.200000000004,0.03,142.85
7091,M21950,2,300.6,310.2,1478,40.1,5,0,0,0,0,0,0,9.599999999999966,305.4,59267.8,0.08,224.47
7092,L54271,1,300.6,310.2,1318,51.0,8,0,0,0,0,0,0,9.599999999999966,305.4,67218.0,0.16,310.64
7093,L54272,1,300.7,310.2,1493,35.9,10,0,0,0,0,0,0,9.5,305.45,53598.7,0.25,303.81
7094,H36507,0,300.7,310.3,1369,50.7,12,0,0,0,0,0,0,9.600000000000023,305.5,69408.3,0.15,91.15
7095,L54274,1,300.6,310.2,1447,45.9,17,0,0,0,0,0,0,9.599999999999966,305.4,66417.3,0.02,170.21
7096,L54275,1,300.6,310.1,1485,49.9,19,0,0,0,0,0,0,9.5,305.35,74101.5,0.04,74.58
7097,L54276,1,300.6,310.2,1489,47.8,21,0,0,0,0,0,0,9.599999999999966,305.4,71174.2,0.11,142.8
7098,M21957,2,300.6,310.2,1233,52.3,23,0,0,0,0,0,0,9.599999999999966,305.4,64485.899999999994,0.1,437.37
7099,L54278,1,300.7,310.2,1642,32.6,26,0,0,0,0,0,0,9.5,305.45,53529.200000000004,0.07,142.85
7100,M21959,2,300.7,310.2,1373,44.1,28,0,0,0,0,0,0,9.5,305.45,60549.3,0.25,645.92
7101,L54280,1,300.7,310.2,1569,32.8,31,0,0,0,0,0,0,9.5,305.45,51463.2,0.01,203.51
7102,L54281,1,300.8,310.2,1850,22.8,33,0,0,0,0,0,0,9.399999999999977,305.5,42180.0,0.25,391.13
7103,M21962,2,300.8,310.3,1494,42.2,35,0,0,0,0,0,0,9.5,305.55,63046.8,0.28,182.37
7104,H36517,0,300.8,310.3,1777,30.1,38,0,0,0,0,0,0,9.5,305.55,53487.700000000004,0.19,697.98
7105,L54284,1,300.9,310.4,1454,43.1,43,0,0,0,0,0,0,9.5,305.65,62667.4,0.19,404.1
7106,L54285,1,300.9,310.4,1536,34.2,45,0,0,0,0,0,0,9.5,305.65,52531.200000000004,0.04,0.0
7107,L54286,1,300.8,310.5,1482,39.0,47,0,0,0,0,0,0,9.699999999999989,305.65,57798.0,0.17,553.16
7108,H36521,0,300.9,310.5,1512,41.2,49,0,0,0,0,0,0,9.600000000000023,305.7,62294.4,0.11,347.47
7109,M21968,2,300.8,310.5,1511,35.8,54,0,0,0,0,0,0,9.699999999999989,305.65,54093.799999999996,0.07,200.3
7110,L54289,1,300.9,310.5,1599,40.5,57,0,0,0,0,0,0,9.600000000000023,305.7,64759.5,0.17,594.68
7111,M21970,2,300.8,310.4,1518,36.0,59,0,0,0,0,0,0,9.599999999999966,305.6,54648.0,0.0,0.0
7112,M21971,2,300.8,310.4,1450,39.4,62,0,0,0,0,0,0,9.599999999999966,305.6,57130.0,0.08,282.89
7113,L54292,1,300.9,310.4,1427,47.0,65,0,0,0,0,0,0,9.5,305.65,67069.0,0.2,480.09
7114,L54293,1,300.9,310.4,1561,32.7,67,0,0,0,0,0,0,9.5,305.65,51044.700000000004,0.14,602.83
7115,H36528,0,300.9,310.4,1457,43.8,69,0,0,0,0,0,0,9.5,305.65,63816.6,0.04,721.04
7116,M21975,2,301.0,310.6,1460,53.6,74,0,0,0,0,0,0,9.600000000000023,305.8,78256.0,0.0,333.28
7117,L54296,1,301.0,310.5,1601,33.2,77,0,0,0,0,0,0,9.5,305.75,53153.200000000004,0.08,533.99
7118,L54297,1,300.9,310.5,1570,40.1,79,0,0,0,0,0,0,9.600000000000023,305.7,62957.0,0.16,967.26
7119,L54298,1,300.9,310.5,1565,35.9,81,0,0,0,0,0,0,9.600000000000023,305.7,56183.5,0.16,565.71
7120,L54299,1,301.0,310.5,1378,44.4,83,0,0,0,0,0,0,9.5,305.75,61183.2,0.04,525.23
7121,L54300,1,300.9,310.5,2288,16.1,85,0,0,0,0,0,0,9.600000000000023,305.7,36836.8,0.18,419.4
7122,M21981,2,300.9,310.4,1375,44.7,87,0,0,0,0,0,0,9.5,305.65,61462.50000000001,0.3,1028.88
7123,L54302,1,300.9,310.4,1788,27.8,90,0,0,0,0,0,0,9.5,305.65,49706.4,0.18,523.05
7124,M21983,2,300.9,310.4,1576,40.4,92,0,0,0,0,0,0,9.5,305.65,63670.399999999994,0.16,660.29
7125,M21984,2,300.8,310.3,1868,24.5,95,0,0,0,0,0,0,9.5,305.55,45766.0,0.19,701.04
7126,L54305,1,300.7,310.1,1261,56.6,98,0,0,0,0,0,0,9.400000000000034,305.4,71372.6,0.26,762.8
7127,M21986,2,300.6,310.0,1542,33.9,100,0,0,0,0,0,0,9.399999999999977,305.3,52273.799999999996,0.28,714.85
7128,L54307,1,300.6,310.0,1438,53.8,103,0,0,0,0,0,0,9.399999999999977,305.3,77364.4,0.01,561.2
7129,L54308,1,300.6,310.0,1511,36.9,105,0,0,0,0,0,0,9.399999999999977,305.3,55755.9,0.06,848.6
7130,L54309,1,300.6,310.0,1635,31.0,107,0,0,0,0,0,0,9.399999999999977,305.3,50685.0,0.03,907.14
7131,L54310,1,300.6,309.9,1428,48.8,109,0,0,0,0,0,0,9.299999999999955,305.25,69686.4,0.23,748.73
7132,M21991,2,300.5,309.8,1410,44.4,111,0,0,0,0,0,0,9.300000000000011,305.15,62604.0,0.01,497.58
7133,L54312,1,300.5,309.9,1423,47.9,114,0,0,0,0,0,0,9.399999999999977,305.2,68161.7,0.27,718.69
7134,M21993,2,300.5,309.9,1552,41.3,116,0,0,0,0,0,0,9.399999999999977,305.2,64097.6,0.01,992.92
7135,M21994,2,300.5,310.0,1406,50.2,119,0,0,0,0,0,0,9.5,305.25,70581.2,0.18,794.33
7136,L54315,1,300.5,309.9,1443,48.3,122,0,0,0,0,0,0,9.399999999999977,305.2,69696.9,0.08,857.26
7137,M21996,2,300.5,309.9,1343,63.7,124,0,0,0,0,0,0,9.399999999999977,305.2,85549.1,0.14,864.5
7138,M21997,2,300.6,310.0,1486,41.2,127,0,0,0,0,0,0,9.399999999999977,305.3,61223.200000000004,0.13,1096.26
7139,L54318,1,300.6,310.1,1297,50.0,130,0,0,0,0,0,0,9.5,305.35,64850.0,0.22,832.84
7140,L54319,1,300.6,310.1,1495,42.3,132,0,0,0,0,0,0,9.5,305.35,63238.49999999999,0.15,643.94
7141,L54320,1,300.5,309.9,1382,46.5,134,0,0,0,0,0,0,9.399999999999977,305.2,64263.0,0.13,1078.92
7142,M22001,2,300.4,309.8,1356,44.4,136,0,0,0,0,0,0,9.400000000000034,305.1,60206.4,0.22,1035.5
7143,H36556,0,300.3,309.7,1452,41.5,139,0,0,0,0,0,0,9.399999999999977,305.0,60258.0,0.28,1043.44
7144,H36557,0,300.3,309.7,1582,30.8,144,0,0,0,0,0,0,9.399999999999977,305.0,48725.6,0.24,1190.28
7145,M22004,2,300.4,309.8,1517,40.3,149,0,0,0,0,0,0,9.400000000000034,305.1,61135.1,0.22,1042.0
7146,L54325,1,300.5,310.0,1413,44.5,152,0,0,0,0,0,0,9.5,305.25,62878.5,0.15,1145.49
7147,L54326,1,300.4,309.9,1496,31.8,154,0,0,0,0,0,0,9.5,305.15,47572.8,0.27,1076.99
7148,L54327,1,300.3,309.8,1466,41.2,156,0,0,0,0,0,0,9.5,305.05,60399.200000000004,0.15,1065.29
7149,M22008,2,300.3,309.8,1617,40.8,158,0,0,0,0,0,0,9.5,305.05,65973.59999999999,0.28,1148.96
7150,L54329,1,300.2,309.8,1506,41.8,161,0,0,0,0,0,0,9.600000000000023,305.0,62950.799999999996,0.24,996.21
7151,L54330,1,300.2,309.8,1401,49.3,163,0,0,0,0,0,0,9.600000000000023,305.0,69069.3,0.05,834.19
7152,H36565,0,300.2,309.9,1906,22.9,165,0,0,0,0,0,0,9.699999999999989,305.04999999999995,43647.399999999994,0.01,776.07
7153,L54332,1,300.2,309.9,1566,36.4,170,0,0,0,0,0,0,9.699999999999989,305.04999999999995,57002.399999999994,0.22,1109.82
7154,L54333,1,300.2,310.0,1493,47.3,172,0,0,0,0,0,0,9.800000000000011,305.1,70618.9,0.21,1001.63
7155,L54334,1,300.3,310.1,1483,39.9,174,0,0,0,0,0,0,9.800000000000011,305.20000000000005,59171.7,0.18,1115.38
7156,M22015,2,300.2,309.9,1569,31.2,176,0,0,0,0,0,0,9.699999999999989,305.04999999999995,48952.799999999996,0.29,1230.29
7157,M22016,2,300.2,310.0,1664,30.7,179,0,0,0,0,0,0,9.800000000000011,305.1,51084.799999999996,0.16,1085.77
7158,L54337,1,300.2,310.0,1486,40.1,182,0,0,0,0,0,0,9.800000000000011,305.1,59588.6,0.1,1043.38
7159,L54338,1,300.2,310.0,1389,53.6,184,0,0,0,0,0,0,9.800000000000011,305.1,74450.40000000001,0.17,1005.08
7160,L54339,1,300.1,310.0,1511,41.7,186,0,0,0,0,0,0,9.899999999999977,305.05,63008.700000000004,0.01,897.7
7161,M22020,2,300.2,310.1,1485,40.5,188,0,0,0,0,0,0,9.900000000000034,305.15,60142.5,0.17,859.41
7162,L54341,1,300.2,310.2,1440,42.9,191,0,0,0,0,0,0,10.0,305.2,61776.0,0.27,1207.02
7163,L54342,1,300.2,310.2,1378,43.9,193,0,0,0,0,0,0,10.0,305.2,60494.2,0.0,817.13
7164,M22023,2,300.1,310.1,1501,39.3,195,0,0,0,0,0,0,10.0,305.1,58989.299999999996,0.25,1239.98
7165,M22024,2,300.2,310.1,1474,44.0,198,0,0,0,0,0,0,9.900000000000034,305.15,64856.0,0.24,1122.83
7166,L54345,1,300.2,310.1,1392,47.9,201,0,0,0,0,0,0,9.900000000000034,305.15,66676.8,0.03,727.4
7167,M22026,2,300.3,310.2,1429,44.7,203,0,0,0,0,0,0,9.899999999999977,305.25,63876.3,0.25,1602.87
7168,L54347,1,300.3,310.3,1362,60.3,206,1,0,0,0,1,0,10.0,305.3,82128.59999999999,8.13,9125.29
7169,L54348,1,300.3,310.3,1704,29.5,0,0,0,0,0,0,0,10.0,305.3,50268.0,0.15,367.06
7170,L54349,1,300.3,310.2,1492,52.3,2,0,0,0,0,0,0,9.899999999999977,305.25,78031.59999999999,0.07,0.95
7171,M22030,2,300.3,310.2,1442,39.5,4,0,0,0,0,0,0,9.899999999999977,305.25,56959.0,0.09,364.72
7172,M22031,2,300.2,310.2,1438,51.5,7,0,0,0,0,0,0,10.0,305.2,74057.0,0.18,42.25
7173,M22032,2,300.1,310.1,1402,46.6,10,0,0,0,0,0,0,10.0,305.1,65333.200000000004,0.07,146.4
7174,L54353,1,300.1,310.1,1684,30.8,13,0,0,0,0,0,0,10.0,305.1,51867.200000000004,0.1,1.16
7175,L54354,1,300.2,310.2,1530,48.5,15,0,0,0,0,0,0,10.0,305.2,74205.0,0.28,745.11
7176,L54355,1,300.1,310.1,1569,43.5,17,0,0,0,0,0,0,10.0,305.1,68251.5,0.22,267.61
7177,L54356,1,300.1,310.1,1650,31.6,19,0,0,0,0,0,0,10.0,305.1,52140.0,0.22,439.27
7178,L54357,1,300.2,310.2,1415,49.6,21,0,0,0,0,0,0,10.0,305.2,70184.0,0.29,462.59
7179,L54358,1,300.2,310.2,1600,31.5,23,0,0,0,0,0,0,10.0,305.2,50400.0,0.0,111.17
7180,L54359,1,300.2,310.1,1523,42.3,25,0,0,0,0,0,0,9.900000000000034,305.15,64422.899999999994,0.07,272.66
7181,M22040,2,300.2,310.2,1628,30.3,27,0,0,0,0,0,0,10.0,305.2,49328.4,0.2,538.88
7182,L54361,1,300.2,310.3,1331,52.1,30,0,0,0,0,0,0,10.100000000000023,305.25,69345.1,0.13,380.23
7183,L54362,1,300.3,310.3,2158,16.8,32,0,0,0,0,0,0,10.0,305.3,36254.4,0.03,214.37
7184,L54363,1,300.2,310.3,1445,50.9,34,0,0,0,0,0,0,10.100000000000023,305.25,73550.5,0.23,477.9
7185,M22044,2,300.2,310.3,1593,36.1,36,0,0,0,0,0,0,10.100000000000023,305.25,57507.3,0.01,477.26
7186,L54365,1,300.3,310.4,1672,29.2,39,0,0,0,0,0,0,10.099999999999966,305.35,48822.4,0.16,292.48
7187,M22046,2,300.4,310.5,1644,31.4,41,0,0,0,0,0,0,10.100000000000023,305.45,51621.6,0.17,96.92
7188,L54367,1,300.4,310.5,1402,54.3,44,0,0,0,0,0,0,10.100000000000023,305.45,76128.59999999999,0.19,245.52
7189,L54368,1,300.4,310.4,1286,56.8,46,0,0,0,0,0,0,10.0,305.4,73044.8,0.09,166.68
7190,L54369,1,300.4,310.4,1486,46.3,48,0,0,0,0,0,0,10.0,305.4,68801.8,0.01,117.81
7191,L54370,1,300.3,310.3,1345,46.3,50,0,0,0,0,0,0,10.0,305.3,62273.49999999999,0.27,392.96
7192,L54371,1,300.3,310.3,1629,34.1,52,0,0,0,0,0,0,10.0,305.3,55548.9,0.28,536.46
7193,M22052,2,300.2,310.2,1429,43.8,54,0,0,0,0,0,0,10.0,305.2,62590.2,0.14,447.11
7194,L54373,1,300.1,310.1,1306,64.7,57,0,0,0,0,0,0,10.0,305.1,84498.2,0.01,330.5
7195,L54374,1,300.1,310.1,1380,52.6,59,0,0,0,0,0,0,10.0,305.1,72588.0,0.17,355.46
7196,M22055,2,300.1,310.1,1443,49.3,61,0,0,0,0,0,0,10.0,305.1,71139.9,0.09,544.09
7197,H36610,0,300.1,310.1,1426,42.7,64,0,0,0,0,0,0,10.0,305.1,60890.200000000004,0.05,450.17
7198,L54377,1,300.0,310.0,1486,41.8,69,0,0,0,0,0,0,10.0,305.0,62114.799999999996,0.05,632.2
7199,M22058,2,300.0,309.9,1530,34.5,71,0,0,0,0,0,0,9.899999999999977,304.95,52785.0,0.05,532.01
7200,L54379,1,300.0,309.9,1507,41.4,74,0,0,0,0,0,0,9.899999999999977,304.95,62389.799999999996,0.1,417.57
7201,L54380,1,300.0,309.9,1608,33.4,76,0,0,0,0,0,0,9.899999999999977,304.95,53707.2,0.08,655.82
7202,L54381,1,300.0,309.8,1474,40.6,78,0,0,0,0,0,0,9.800000000000011,304.9,59844.4,0.25,681.04
7203,L54382,1,300.0,309.7,1326,61.9,80,0,0,0,0,0,0,9.699999999999989,304.85,82079.4,0.15,669.7
7204,M22063,2,299.8,309.6,1434,48.0,82,0,0,0,0,0,0,9.800000000000011,304.70000000000005,68832.0,0.13,648.06
7205,L54384,1,299.8,309.6,1526,41.7,85,0,0,0,0,0,0,9.800000000000011,304.70000000000005,63634.200000000004,0.04,446.35
7206,L54385,1,299.8,309.7,1483,39.6,87,0,0,0,0,0,0,9.899999999999977,304.75,58726.8,0.26,710.49
7207,L54386,1,299.8,309.7,1457,51.9,89,0,0,0,0,0,0,9.899999999999977,304.75,75618.3,0.02,445.29
7208,M22067,2,299.7,309.6,1540,34.4,91,0,0,0,0,0,0,9.900000000000034,304.65,52976.0,0.07,397.06
7209,L54388,1,299.8,309.7,1707,29.1,94,0,0,0,0,0,0,9.899999999999977,304.75,49673.700000000004,0.19,338.3
7210,L54389,1,299.8,309.7,1624,34.2,96,0,0,0,0,0,0,9.899999999999977,304.75,55540.8,0.21,585.93
7211,M22070,2,299.8,309.6,1331,50.2,98,0,0,0,0,0,0,9.800000000000011,304.70000000000005,66816.2,0.24,759.87
7212,L54391,1,299.8,309.7,1431,40.3,101,0,0,0,0,0,0,9.899999999999977,304.75,57669.299999999996,0.12,787.84
7213,M22072,2,299.8,309.7,1705,28.5,103,0,0,0,0,0,0,9.899999999999977,304.75,48592.5,0.1,734.4
7214,M22073,2,299.8,309.8,1427,45.2,106,0,0,0,0,0,0,10.0,304.8,64500.4,0.09,578.06
7215,M22074,2,299.9,309.8,1625,41.2,109,0,0,0,0,0,0,9.900000000000034,304.85,66950.0,0.17,612.97
7216,L54395,1,299.9,309.8,1477,47.7,112,0,0,0,0,0,0,9.900000000000034,304.85,70452.90000000001,0.1,633.02
7217,M22076,2,300.0,309.9,1651,28.1,114,0,0,0,0,0,0,9.899999999999977,304.95,46393.100000000006,0.1,523.75
7218,L54397,1,299.9,309.8,1716,28.2,117,0,0,0,0,0,0,9.900000000000034,304.85,48391.2,0.01,277.71
7219,H36632,0,299.9,309.8,1400,48.7,119,0,0,0,0,0,0,9.900000000000034,304.85,68180.0,0.28,643.23
7220,M22079,2,299.8,309.7,1556,37.7,124,0,0,0,0,0,0,9.899999999999977,304.75,58661.200000000004,0.02,846.21
7221,L54400,1,299.8,309.7,1429,42.6,127,0,0,0,0,0,0,9.899999999999977,304.75,60875.4,0.08,993.59
7222,H36635,0,299.7,309.6,1433,49.6,129,0,0,0,0,0,0,9.900000000000034,304.65,71076.8,0.28,1038.09
7223,M22082,2,299.8,309.7,1320,61.7,134,0,0,0,0,0,0,9.899999999999977,304.75,81444.0,0.22,881.28
7224,L54403,1,299.8,309.6,1374,51.6,137,0,0,0,0,0,0,9.800000000000011,304.70000000000005,70898.40000000001,0.17,646.05
7225,L54404,1,299.8,309.6,1598,31.0,139,0,0,0,0,0,0,9.800000000000011,304.70000000000005,49538.0,0.2,870.83
7226,M22085,2,299.8,309.7,1910,21.8,141,0,0,0,0,0,0,9.899999999999977,304.75,41638.0,0.03,826.78
7227,L54406,1,299.7,309.6,1399,51.3,144,0,0,0,0,0,0,9.900000000000034,304.65,71768.7,0.24,1084.48
7228,L54407,1,299.7,309.6,1720,27.1,146,0,0,0,0,0,0,9.900000000000034,304.65,46612.0,0.08,913.32
7229,H36642,0,299.8,309.7,1368,47.4,148,0,0,0,0,0,0,9.899999999999977,304.75,64843.2,0.29,1211.44
7230,L54409,1,299.8,309.8,1749,33.4,153,0,0,0,0,0,0,10.0,304.8,58416.6,0.07,1126.44
7231,L54410,1,299.8,309.8,1542,39.4,155,0,0,0,0,0,0,10.0,304.8,60754.799999999996,0.19,904.25
7232,L54411,1,299.8,309.9,1553,36.6,157,0,0,0,0,0,0,10.099999999999966,304.85,56839.8,0.16,1365.8
7233,M22092,2,299.9,309.9,1639,42.1,159,0,0,0,0,0,0,10.0,304.9,69001.90000000001,0.04,532.01
7234,L54413,1,299.9,310.0,1447,45.9,162,0,0,0,0,0,0,10.100000000000023,304.95,66417.3,0.11,803.25
7235,M22094,2,299.8,310.0,1397,48.1,164,0,0,0,0,0,0,10.199999999999989,304.9,67195.7,0.23,1080.0
7236,L54415,1,299.8,310.0,1361,53.8,167,0,0,0,0,0,0,10.199999999999989,304.9,73221.8,0.06,977.35
7237,M22096,2,299.8,310.0,1460,37.1,169,0,0,0,0,0,0,10.199999999999989,304.9,54166.0,0.29,1107.75
7238,M22097,2,299.8,310.0,1632,33.7,172,0,0,0,0,0,0,10.199999999999989,304.9,54998.4,0.09,875.64
7239,L54418,1,299.8,310.0,1697,36.0,175,0,0,0,0,0,0,10.199999999999989,304.9,61092.0,0.19,1395.39
7240,L54419,1,299.8,310.1,1553,42.0,177,0,0,0,0,0,0,10.300000000000011,304.95000000000005,65226.0,0.19,993.47
7241,M22100,2,299.9,310.1,1362,56.3,179,0,0,0,0,0,0,10.200000000000045,305.0,76680.59999999999,0.14,882.09
7242,M22101,2,299.9,310.0,1484,42.1,182,0,0,0,0,0,0,10.100000000000023,304.95,62476.4,0.2,1363.62
7243,H36656,0,299.9,310.1,1447,51.4,185,0,0,0,0,0,0,10.200000000000045,305.0,74375.8,0.22,1272.37
7244,M22103,2,300.0,310.2,1393,51.2,190,0,0,0,0,0,0,10.199999999999989,305.1,71321.6,0.19,1304.21
7245,L54424,1,300.0,310.2,1760,26.9,193,0,0,0,0,0,0,10.199999999999989,305.1,47344.0,0.17,1164.38
7246,L54425,1,300.0,310.1,1477,34.6,195,0,0,0,0,0,0,10.100000000000023,305.05,51104.200000000004,0.18,948.6
7247,L54426,1,299.9,310.1,1681,29.1,197,0,0,0,0,0,0,10.200000000000045,305.0,48917.100000000006,0.12,1117.69
7248,M22107,2,300.0,310.1,1314,53.5,199,0,0,0,0,0,0,10.100000000000023,305.05,70299.0,0.02,787.95
7249,L54428,1,300.0,310.1,1762,28.0,202,0,0,0,0,0,0,10.100000000000023,305.05,49336.0,0.05,1096.35
7250,L54429,1,299.9,310.0,1402,44.7,204,0,0,0,0,0,0,10.100000000000023,304.95,62669.4,0.18,1298.01
7251,M22110,2,300.1,310.2,1429,42.0,206,0,0,0,0,0,0,10.099999999999966,305.15,60018.0,0.28,1471.31
7252,M22111,2,300.2,310.3,1448,40.1,209,0,0,0,0,0,0,10.100000000000023,305.25,58064.8,0.01,1041.14
7253,H36666,0,300.2,310.4,1501,42.9,212,0,0,0,0,0,0,10.199999999999989,305.29999999999995,64392.9,0.16,1332.21
7254,L54433,1,300.3,310.5,1522,39.1,217,0,0,0,0,0,0,10.199999999999989,305.4,59510.200000000004,0.08,1029.42
7255,L54434,1,300.3,310.4,1493,37.5,219,0,0,0,0,0,0,10.099999999999966,305.35,55987.5,0.17,1409.99
7256,M22115,2,300.2,310.3,1704,29.4,221,0,0,0,0,0,0,10.100000000000023,305.25,50097.6,0.22,1426.19
7257,H36670,0,300.2,310.3,1408,42.5,0,0,0,0,0,0,0,10.100000000000023,305.25,59840.0,0.22,99.96
7258,L54437,1,300.2,310.4,1518,41.8,5,0,0,0,0,0,0,10.199999999999989,305.29999999999995,63452.399999999994,0.22,324.55
7259,L54438,1,300.3,310.4,1742,25.9,7,0,0,0,0,0,0,10.099999999999966,305.35,45117.799999999996,0.23,428.46
7260,M22119,2,300.4,310.5,1500,43.0,9,0,0,0,0,0,0,10.100000000000023,305.45,64500.0,0.02,76.8
7261,L54440,1,300.4,310.5,2424,14.5,12,0,0,0,0,0,0,10.100000000000023,305.45,35148.0,0.15,86.62
7262,L54441,1,300.4,310.5,1818,25.1,14,0,0,0,0,0,0,10.100000000000023,305.45,45631.8,0.08,176.66
7263,M22122,2,300.4,310.6,1545,35.6,16,0,0,0,0,0,0,10.200000000000045,305.5,55002.0,0.28,442.87
7264,L54443,1,300.4,310.6,1429,46.9,19,0,0,0,0,0,0,10.200000000000045,305.5,67020.09999999999,0.23,200.5
7265,M22124,2,300.4,310.6,1448,44.9,21,0,0,0,0,0,0,10.200000000000045,305.5,65015.2,0.03,0.0
7266,L54445,1,300.4,310.6,1384,48.7,24,0,0,0,0,0,0,10.200000000000045,305.5,67400.8,0.07,268.24
7267,L54446,1,300.4,310.5,1578,32.8,26,0,0,0,0,0,0,10.100000000000023,305.45,51758.399999999994,0.14,393.5
7268,L54447,1,300.5,310.5,1695,26.7,28,0,0,0,0,0,0,10.0,305.5,45256.5,0.29,752.46
7269,L54448,1,300.5,310.6,1543,36.2,30,0,0,0,0,0,0,10.100000000000023,305.55,55856.600000000006,0.03,279.86
7270,M22129,2,300.4,310.5,1540,33.4,32,0,0,0,0,0,0,10.100000000000023,305.45,51436.0,0.17,148.64
7271,L54450,1,300.2,310.4,1808,25.8,35,0,0,0,0,0,0,10.199999999999989,305.29999999999995,46646.4,0.1,580.97
7272,M22131,2,300.3,310.4,1293,49.7,37,0,0,0,0,0,0,10.099999999999966,305.35,64262.100000000006,0.19,533.25
7273,L54452,1,300.2,310.3,1202,59.5,40,0,0,0,0,0,0,10.100000000000023,305.25,71519.0,0.19,89.21
7274,M22133,2,300.2,310.3,1704,29.2,42,0,0,0,0,0,0,10.100000000000023,305.25,49756.799999999996,0.07,125.46
7275,M22134,2,300.2,310.3,1478,38.1,45,0,0,0,0,0,0,10.100000000000023,305.25,56311.8,0.24,391.27
7276,L54455,1,300.2,310.3,1514,38.7,48,0,0,0,0,0,0,10.100000000000023,305.25,58591.8,0.03,395.71
7277,M22136,2,300.1,310.3,1350,48.8,50,0,0,0,0,0,0,10.199999999999989,305.20000000000005,65880.0,0.25,143.08
7278,L54457,1,300.1,310.2,1475,54.2,53,0,0,0,0,0,0,10.099999999999966,305.15,79945.0,0.06,307.13
7279,H36692,0,300.0,310.1,1714,28.7,55,0,0,0,0,0,0,10.100000000000023,305.05,49191.799999999996,0.18,572.16
7280,L54459,1,300.0,310.1,1465,40.9,60,0,0,0,0,0,0,10.100000000000023,305.05,59918.5,0.1,0.0
7281,L54460,1,299.9,310.2,1288,69.6,62,1,0,0,1,0,0,10.300000000000011,305.04999999999995,89644.79999999999,5.24,5662.01
7282,L54461,1,300.0,310.2,1675,29.7,64,0,0,0,0,0,0,10.199999999999989,305.1,49747.5,0.08,530.04
7283,L54462,1,300.0,310.2,1486,36.4,66,0,0,0,0,0,0,10.199999999999989,305.1,54090.4,0.17,373.0
7284,M22143,2,300.0,310.2,1443,58.7,68,0,0,0,0,0,0,10.199999999999989,305.1,84704.1,0.0,167.01
7285,M22144,2,300.1,310.3,1345,57.1,71,0,0,0,0,0,0,10.199999999999989,305.20000000000005,76799.5,0.11,335.66
7286,M22145,2,300.2,310.4,1202,61.7,74,0,0,0,0,0,0,10.199999999999989,305.29999999999995,74163.40000000001,0.25,219.19
7287,M22146,2,300.1,310.4,1480,37.1,77,0,0,0,0,0,0,10.299999999999955,305.25,54908.0,0.14,476.07
7288,M22147,2,300.2,310.4,1530,35.7,80,0,0,0,0,0,0,10.199999999999989,305.29999999999995,54621.00000000001,0.15,582.94
7289,M22148,2,300.2,310.6,1983,20.8,83,0,0,0,0,0,0,10.400000000000034,305.4,41246.4,0.19,422.1
7290,L54469,1,300.3,310.6,1433,53.8,86,0,0,0,0,0,0,10.300000000000011,305.45000000000005,77095.4,0.13,705.81
7291,L54470,1,300.3,310.6,1806,24.4,88,0,0,0,0,0,0,10.300000000000011,305.45000000000005,44066.399999999994,0.26,715.39
7292,L54471,1,300.2,310.5,1416,46.7,90,0,0,0,0,0,0,10.300000000000011,305.35,66127.2,0.12,609.0
7293,M22152,2,300.1,310.4,1556,38.1,92,0,0,0,0,0,0,10.299999999999955,305.25,59283.600000000006,0.28,679.7
7294,L54473,1,300.1,310.5,1627,29.2,95,0,0,0,0,0,0,10.399999999999977,305.3,47508.4,0.26,846.46
7295,L54474,1,300.1,310.6,1809,24.3,97,0,0,0,0,0,0,10.5,305.35,43958.700000000004,0.13,808.58
7296,M22155,2,300.1,310.5,1329,57.4,99,0,0,0,0,0,0,10.399999999999977,305.3,76284.59999999999,0.11,543.87
7297,H36710,0,300.0,310.4,1881,21.9,102,0,0,0,0,0,0,10.399999999999977,305.2,41193.899999999994,0.2,824.15
7298,L54477,1,300.1,310.5,1500,39.8,107,0,0,0,0,0,0,10.399999999999977,305.3,59699.99999999999,0.23,880.8
7299,L54478,1,300.1,310.5,1532,36.0,109,0,0,0,0,0,0,10.399999999999977,305.3,55152.0,0.06,667.68
7300,L54479,1,300.1,310.5,1492,50.9,111,0,0,0,0,0,0,10.399999999999977,305.3,75942.8,0.07,876.56
7301,L54480,1,300.2,310.6,1431,42.3,113,0,0,0,0,0,0,10.400000000000034,305.4,60531.299999999996,0.04,496.03
7302,L54481,1,300.1,310.4,1554,39.4,115,0,0,0,0,0,0,10.299999999999955,305.25,61227.6,0.23,741.77
7303,L54482,1,300.1,310.5,1494,44.2,117,0,0,0,0,0,0,10.399999999999977,305.3,66034.8,0.21,678.46
7304,L54483,1,300.1,310.6,1374,45.4,119,0,0,0,0,0,0,10.5,305.35,62379.6,0.06,763.75
7305,L54484,1,300.1,310.5,1394,44.3,121,0,0,0,0,0,0,10.399999999999977,305.3,61754.2,0.16,724.13
7306,M22165,2,300.0,310.5,1790,25.7,123,0,0,0,0,0,0,10.5,305.25,46003.0,0.23,740.64
7307,L54486,1,300.1,310.5,1356,45.8,126,0,0,0,0,0,0,10.399999999999977,305.3,62104.799999999996,0.28,1159.47
7308,M22167,2,300.0,310.4,1385,52.1,128,0,0,0,0,0,0,10.399999999999977,305.2,72158.5,0.05,961.43
7309,L54488,1,300.0,310.4,1333,49.1,131,0,0,0,0,0,0,10.399999999999977,305.2,65450.3,0.09,695.7
7310,L54489,1,300.0,310.4,1505,44.9,133,0,0,0,0,0,0,10.399999999999977,305.2,67574.5,0.1,559.89
7311,L54490,1,300.0,310.5,1606,33.5,135,0,0,0,0,0,0,10.5,305.25,53801.0,0.19,1144.53
7312,H36725,0,300.0,310.5,1558,36.7,137,0,0,0,0,0,0,10.5,305.25,57178.600000000006,0.04,795.61
7313,L54492,1,300.0,310.5,1412,52.4,142,0,0,0,0,0,0,10.5,305.25,73988.8,0.06,833.11
7314,L54493,1,299.9,310.4,1408,38.4,144,0,0,0,0,0,0,10.5,305.15,54067.2,0.23,965.75
7315,L54494,1,299.9,310.3,1268,53.3,146,0,0,0,0,0,0,10.400000000000034,305.1,67584.4,0.16,769.95
7316,L54495,1,299.9,310.4,1470,50.0,148,0,0,0,0,0,0,10.5,305.15,73500.0,0.05,728.01
7317,L54496,1,299.9,310.4,1497,47.0,150,0,0,0,0,0,0,10.5,305.15,70359.0,0.12,971.66
7318,L54497,1,299.9,310.3,1638,29.1,152,0,0,0,0,0,0,10.400000000000034,305.1,47665.8,0.04,732.87
7319,H36732,0,299.9,310.3,1535,43.9,154,0,0,0,0,0,0,10.400000000000034,305.1,67386.5,0.11,944.95
7320,L54499,1,299.8,310.2,1654,32.7,159,0,0,0,0,0,0,10.399999999999977,305.0,54085.8,0.12,917.0
7321,H36734,0,299.8,310.2,1411,49.7,161,0,0,0,0,0,0,10.399999999999977,305.0,70126.7,0.03,676.47
7322,L54501,1,299.8,310.2,1911,23.5,166,0,0,0,0,0,0,10.399999999999977,305.0,44908.5,0.02,1093.17
7323,H36736,0,299.8,310.2,1573,33.3,168,0,0,0,0,0,0,10.399999999999977,305.0,52380.899999999994,0.26,1189.1
7324,L54503,1,299.9,310.2,1479,46.3,173,0,0,0,0,0,0,10.300000000000011,305.04999999999995,68477.7,0.27,1184.6
7325,M22184,2,299.9,310.4,1820,26.6,175,0,0,0,0,0,0,10.5,305.15,48412.0,0.0,958.25
7326,L54505,1,299.9,310.4,1419,45.7,178,0,0,0,0,0,0,10.5,305.15,64848.3,0.19,811.07
7327,M22186,2,299.9,310.5,1335,52.9,180,0,0,0,0,0,0,10.600000000000023,305.2,70621.5,0.03,856.02
7328,M22187,2,299.9,310.5,1576,39.4,183,0,0,0,0,0,0,10.600000000000023,305.2,62094.399999999994,0.24,925.9
7329,L54508,1,300.0,310.5,1517,42.2,186,0,0,0,0,0,0,10.5,305.25,64017.4,0.26,1208.7
7330,M22189,2,299.9,310.4,1576,34.3,188,0,0,0,0,0,0,10.5,305.15,54056.799999999996,0.18,1168.89
7331,H36744,0,299.8,310.2,1537,36.6,191,0,0,0,0,0,0,10.399999999999977,305.0,56254.200000000004,0.18,1156.2
7332,L54511,1,299.8,310.3,1524,34.2,196,0,0,0,0,0,0,10.5,305.05,52120.8,0.11,1266.79
7333,M22192,2,299.8,310.3,1805,23.7,198,0,0,0,0,0,0,10.5,305.05,42778.5,0.07,835.4
7334,M22193,2,299.9,310.4,1367,53.3,201,0,0,0,0,0,0,10.5,305.15,72861.09999999999,0.15,1035.11
7335,L54514,1,299.8,310.4,1694,30.3,204,0,0,0,0,0,0,10.599999999999966,305.1,51328.200000000004,0.04,1122.15
7336,L54515,1,299.9,310.4,1328,49.9,206,0,0,0,0,0,0,10.5,305.15,66267.2,0.2,1269.59
7337,H36750,0,299.9,310.5,1549,42.8,208,0,0,0,0,0,0,10.600000000000023,305.2,66297.2,0.14,982.69
7338,L54517,1,299.9,310.5,1539,32.8,213,0,0,0,0,0,0,10.600000000000023,305.2,50479.2,0.05,1294.48
7339,L54518,1,299.8,310.5,1496,38.8,215,0,0,0,0,0,0,10.699999999999989,305.15,58044.799999999996,0.18,1486.48
7340,L54519,1,299.8,310.4,1579,36.4,0,0,0,0,0,0,0,10.599999999999966,305.1,57475.6,0.24,303.84
7341,L54520,1,299.7,310.3,1386,46.6,2,0,0,0,0,0,0,10.600000000000023,305.0,64587.6,0.18,0.0
7342,L54521,1,299.7,310.3,1505,37.7,4,0,0,0,0,0,0,10.600000000000023,305.0,56738.50000000001,0.16,203.96
7343,M22202,2,299.7,310.3,1661,34.5,6,0,0,0,0,0,0,10.600000000000023,305.0,57304.5,0.25,331.05
7344,L54523,1,299.6,310.2,1468,48.0,9,0,0,0,0,0,0,10.599999999999966,304.9,70464.0,0.0,4.22
7345,L54524,1,299.6,310.1,1384,49.8,11,0,0,0,0,0,0,10.5,304.85,68923.2,0.19,447.09
7346,L54525,1,299.6,310.2,1381,60.5,13,0,0,0,0,0,0,10.599999999999966,304.9,83550.5,0.12,167.61
7347,L54526,1,299.6,310.2,1469,47.0,15,0,0,0,0,0,0,10.599999999999966,304.9,69043.0,0.06,450.68
7348,L54527,1,299.6,310.2,1627,36.6,17,0,0,0,0,0,0,10.599999999999966,304.9,59548.200000000004,0.29,492.47
7349,H36762,0,299.7,310.3,1462,40.4,19,0,0,0,0,0,0,10.600000000000023,305.0,59064.799999999996,0.12,256.41
7350,L54529,1,299.7,310.2,1633,36.5,24,0,0,0,0,0,0,10.5,304.95,59604.5,0.1,358.06
7351,L54530,1,299.7,310.2,1469,39.5,26,0,0,0,0,0,0,10.5,304.95,58025.5,0.05,409.63
7352,L54531,1,299.7,310.2,1458,43.4,28,0,0,0,0,0,0,10.5,304.95,63277.2,0.3,574.86
7353,M22212,2,299.7,310.2,1440,42.8,30,0,0,0,0,0,0,10.5,304.95,61631.99999999999,0.26,398.62
7354,L54533,1,299.8,310.3,1687,30.4,33,0,0,0,0,0,0,10.5,305.05,51284.799999999996,0.02,86.01
7355,M22214,2,299.7,310.3,1429,47.7,35,0,0,0,0,0,0,10.600000000000023,305.0,68163.3,0.17,176.68
7356,L54535,1,299.6,310.2,1588,34.1,38,0,0,0,0,0,0,10.599999999999966,304.9,54150.8,0.04,0.0
7357,L54536,1,299.6,310.2,1333,51.2,40,0,0,0,0,0,0,10.599999999999966,304.9,68249.6,0.21,436.14
7358,L54537,1,299.6,310.1,1487,42.9,42,0,0,0,0,0,0,10.5,304.85,63792.299999999996,0.15,301.85
7359,M22218,2,299.5,310.1,1659,31.5,44,0,0,0,0,0,0,10.600000000000023,304.8,52258.5,0.03,199.88
7360,M22219,2,299.4,310.0,1512,43.2,47,0,0,0,0,0,0,10.600000000000023,304.7,65318.4,0.17,559.33
7361,L54540,1,299.5,310.1,1585,35.2,50,0,0,0,0,0,0,10.600000000000023,304.8,55792.00000000001,0.27,503.19
7362,L54541,1,299.5,310.0,1502,38.5,52,0,0,0,0,0,0,10.5,304.75,57827.0,0.1,644.27
7363,L54542,1,299.5,310.0,1594,35.1,54,0,0,0,0,0,0,10.5,304.75,55949.4,0.02,204.04
7364,L54543,1,299.5,310.0,1412,48.9,56,0,0,0,0,0,0,10.5,304.75,69046.8,0.28,414.36
7365,L54544,1,299.5,309.9,1402,51.7,58,0,0,0,0,0,0,10.399999999999977,304.7,72483.40000000001,0.04,141.35
7366,L54545,1,299.6,310.1,2057,20.4,60,0,0,0,0,0,0,10.5,304.85,41962.799999999996,0.14,548.41
7367,H36780,0,299.6,310.1,1531,36.8,62,0,0,0,0,0,0,10.5,304.85,56340.799999999996,0.16,642.72
7368,M22227,2,299.5,310.1,1359,61.1,67,0,0,0,0,0,0,10.600000000000023,304.8,83034.90000000001,0.07,315.84
7369,M22228,2,299.6,310.2,1620,30.0,70,0,0,0,0,0,0,10.599999999999966,304.9,48600.0,0.05,240.4
7370,M22229,2,299.6,310.1,1646,29.6,73,0,0,0,0,0,0,10.5,304.85,48721.600000000006,0.03,624.54
7371,M22230,2,299.6,310.1,1455,46.1,76,0,0,0,0,0,0,10.5,304.85,67075.5,0.02,182.44
7372,L54551,1,299.6,310.2,1512,44.0,79,0,0,0,0,0,0,10.599999999999966,304.9,66528.0,0.15,696.53
7373,L54552,1,299.6,310.2,1473,42.7,81,0,0,0,0,0,0,10.599999999999966,304.9,62897.100000000006,0.25,569.35
7374,L54553,1,299.6,310.1,1553,38.0,83,0,0,0,0,0,0,10.5,304.85,59014.0,0.04,514.56
7375,L54554,1,299.5,310.0,1379,50.4,85,0,0,0,0,0,0,10.5,304.75,69501.59999999999,0.21,796.54
7376,M22235,2,299.4,309.9,1567,40.6,87,0,0,0,0,0,0,10.5,304.65,63620.200000000004,0.12,626.44
7377,L54556,1,299.5,310.0,1481,43.1,90,0,0,0,0,0,0,10.5,304.75,63831.1,0.01,415.71
7378,L54557,1,299.5,310.0,1349,52.7,92,0,0,0,0,0,0,10.5,304.75,71092.3,0.16,829.41
7379,L54558,1,299.5,310.0,1388,52.4,94,0,0,0,0,0,0,10.5,304.75,72731.2,0.08,593.37
7380,M22239,2,299.6,310.1,1357,48.7,96,0,0,0,0,0,0,10.5,304.85,66085.90000000001,0.18,1212.38
7381,L54560,1,299.6,310.2,1743,24.8,99,0,0,0,0,0,0,10.599999999999966,304.9,43226.4,0.1,339.23
7382,L54561,1,299.7,310.3,1495,43.1,101,0,0,0,0,0,0,10.600000000000023,305.0,64434.5,0.2,447.01
7383,L54562,1,299.8,310.4,1698,28.3,103,0,0,0,0,0,0,10.599999999999966,305.1,48053.4,0.28,944.14
7384,M22243,2,299.7,310.4,1410,44.5,105,0,0,0,0,0,0,10.699999999999989,305.04999999999995,62745.0,0.07,590.24
7385,L54564,1,299.7,310.4,1614,36.2,108,0,0,0,0,0,0,10.699999999999989,305.04999999999995,58426.8,0.28,938.89
7386,M22245,2,299.8,310.5,1375,53.9,110,0,0,0,0,0,0,10.699999999999989,305.15,74112.5,0.06,445.24
7387,M22246,2,299.8,310.6,1574,31.8,113,0,0,0,0,0,0,10.800000000000011,305.20000000000005,50053.200000000004,0.02,593.12
7388,H36801,0,299.8,310.6,1423,44.6,116,0,0,0,0,0,0,10.800000000000011,305.20000000000005,63465.8,0.06,708.6
7389,M22248,2,299.8,310.6,1694,31.3,121,0,0,0,0,0,0,10.800000000000011,305.20000000000005,53022.200000000004,0.24,763.44
7390,L54569,1,299.8,310.6,1707,32.5,124,0,0,0,0,0,0,10.800000000000011,305.20000000000005,55477.5,0.2,854.77
7391,M22250,2,299.7,310.5,1490,41.2,126,0,0,0,0,0,0,10.800000000000011,305.1,61388.00000000001,0.29,715.77
7392,L54571,1,299.7,310.6,1675,31.3,129,0,0,0,0,0,0,10.900000000000034,305.15,52427.5,0.21,914.22
7393,M22252,2,299.7,310.5,1492,39.3,131,0,0,0,0,0,0,10.800000000000011,305.1,58635.6,0.12,991.82
7394,M22253,2,299.7,310.5,1594,35.4,134,0,0,0,0,0,0,10.800000000000011,305.1,56427.6,0.27,754.36
7395,L54574,1,299.7,310.6,1479,38.0,137,0,0,0,0,0,0,10.900000000000034,305.15,56202.0,0.29,780.31
7396,M22255,2,299.7,310.6,1572,38.0,139,0,0,0,0,0,0,10.900000000000034,305.15,59736.0,0.24,1113.49
7397,L54576,1,299.7,310.6,1616,35.1,142,0,0,0,0,0,0,10.900000000000034,305.15,56721.600000000006,0.17,682.65
7398,L54577,1,299.7,310.6,1737,26.1,144,0,0,0,0,0,0,10.900000000000034,305.15,45335.700000000004,0.25,1096.09
7399,M22258,2,299.7,310.7,1498,37.8,146,0,0,0,0,0,0,11.0,305.2,56624.399999999994,0.05,788.3
7400,L54579,1,299.6,310.6,1642,35.1,149,0,0,0,0,0,0,11.0,305.1,57634.200000000004,0.27,952.33
7401,M22260,2,299.6,310.6,1633,34.2,151,0,0,0,0,0,0,11.0,305.1,55848.600000000006,0.3,1274.98
7402,L54581,1,299.8,310.8,1409,51.9,154,0,0,0,0,0,0,11.0,305.3,73127.09999999999,0.2,1109.22
7403,M22262,2,299.8,310.8,1463,43.5,156,0,0,0,0,0,0,11.0,305.3,63640.5,0.06,881.96
7404,L54583,1,299.8,310.8,1376,48.6,159,0,0,0,0,0,0,11.0,305.3,66873.6,0.04,512.1
7405,L54584,1,299.8,310.8,1553,32.2,161,0,0,0,0,0,0,11.0,305.3,50006.600000000006,0.29,1201.84
7406,M22265,2,299.8,310.8,1530,35.2,163,0,0,0,0,0,0,11.0,305.3,53856.00000000001,0.26,914.37
7407,L54586,1,299.8,310.9,1545,40.7,166,0,0,0,0,0,0,11.099999999999966,305.35,62881.50000000001,0.22,1016.79
7408,H36821,0,299.8,310.9,1427,47.2,168,0,0,0,0,0,0,11.099999999999966,305.35,67354.40000000001,0.28,1121.1
7409,L54588,1,299.9,310.9,1292,51.1,173,0,0,0,0,0,0,11.0,305.4,66021.2,0.15,1299.59
7410,L54589,1,299.8,310.9,2084,17.6,175,0,0,0,0,0,0,11.099999999999966,305.35,36678.4,0.27,1107.01
7411,L54590,1,299.9,311.0,1747,27.6,177,0,0,0,0,0,0,11.100000000000023,305.45,48217.200000000004,0.05,721.58
7412,L54591,1,300.0,311.1,1425,47.8,179,0,0,0,0,0,0,11.100000000000023,305.55,68115.0,0.05,1165.45
7413,L54592,1,300.0,311.0,1637,33.6,181,0,0,0,0,0,0,11.0,305.5,55003.200000000004,0.15,1163.86
7414,M22273,2,300.1,311.1,1616,35.2,183,0,0,0,0,0,0,11.0,305.6,56883.200000000004,0.1,1129.45
7415,L54594,1,300.1,311.1,1619,33.4,186,0,0,0,0,0,0,11.0,305.6,54074.6,0.13,1283.26
7416,L54595,1,300.1,311.2,1489,39.1,188,0,0,0,0,0,0,11.099999999999966,305.65,58219.9,0.24,1438.48
7417,M22276,2,300.1,311.2,1452,42.4,190,0,0,0,0,0,0,11.099999999999966,305.65,61564.799999999996,0.02,836.24
7418,M22277,2,300.1,311.3,1495,41.0,193,0,0,0,0,0,0,11.199999999999989,305.70000000000005,61295.0,0.22,976.35
7419,M22278,2,300.2,311.4,1427,39.7,196,0,0,0,0,0,0,11.199999999999989,305.79999999999995,56651.9,0.03,1136.37
7420,L54599,1,300.1,311.4,1572,36.2,199,0,0,0,0,0,0,11.299999999999955,305.75,56906.4,0.25,1205.63
7421,L54600,1,300.1,311.3,1547,40.0,201,0,0,0,0,0,0,11.199999999999989,305.70000000000005,61880.0,0.06,1039.23
7422,M22281,2,300.1,311.4,1342,48.5,203,0,0,0,0,0,0,11.299999999999955,305.75,65087.0,0.22,1066.75
7423,L54602,1,300.0,311.2,1351,44.1,206,0,0,0,0,0,0,11.199999999999989,305.6,59579.1,0.18,1297.58
7424,L54603,1,300.0,311.3,1407,47.3,208,0,0,0,0,0,0,11.300000000000011,305.65,66551.09999999999,0.12,1220.32
7425,M22284,2,300.1,311.4,1575,29.8,210,0,0,0,0,0,0,11.299999999999955,305.75,46935.0,0.08,1106.68
7426,M22285,2,300.0,311.4,1791,24.1,213,0,0,0,0,0,0,11.399999999999977,305.7,43163.100000000006,0.02,876.75
7427,M22286,2,300.0,311.4,1692,29.0,216,1,1,0,0,0,0,11.399999999999977,305.7,49068.0,2.39,3651.37
7428,L54607,1,300.0,311.4,1634,31.9,0,0,0,0,0,0,0,11.399999999999977,305.7,52124.6,0.06,98.36
7429,M22288,2,300.0,311.4,1864,23.3,2,0,0,0,0,0,0,11.399999999999977,305.7,43431.200000000004,0.04,217.68
7430,L54609,1,300.0,311.4,1590,33.6,5,0,0,0,0,0,0,11.399999999999977,305.7,53424.0,0.22,0.0
7431,M22290,2,300.0,311.4,1384,46.1,7,0,0,0,0,0,0,11.399999999999977,305.7,63802.4,0.06,103.52
7432,M22291,2,300.0,311.4,1352,61.8,10,0,0,0,0,0,0,11.399999999999977,305.7,83553.59999999999,0.07,12.47
7433,L54612,1,300.1,311.4,1484,43.1,13,0,0,0,0,0,0,11.299999999999955,305.75,63960.4,0.1,170.42
7434,M22293,2,300.1,311.4,1913,21.9,15,0,0,0,0,0,0,11.299999999999955,305.75,41894.7,0.14,356.48
7435,L54614,1,300.0,311.4,1508,38.2,18,0,0,0,0,0,0,11.399999999999977,305.7,57605.600000000006,0.15,295.49
7436,L54615,1,299.9,311.3,1504,40.7,20,0,0,0,0,0,0,11.400000000000034,305.6,61212.8,0.2,302.72
7437,L54616,1,300.0,311.4,1487,41.2,22,0,0,0,0,0,0,11.399999999999977,305.7,61264.4,0.18,291.92
7438,L54617,1,299.8,311.3,1727,30.0,24,0,0,0,0,0,0,11.5,305.55,51810.0,0.14,26.04
7439,L54618,1,299.9,311.3,1647,27.5,26,0,0,0,0,0,0,11.400000000000034,305.6,45292.5,0.12,114.01
7440,L54619,1,300.0,311.3,1493,41.4,28,0,0,0,0,0,0,11.300000000000011,305.65,61810.2,0.08,388.19
7441,L54620,1,300.0,311.4,1655,29.6,30,0,0,0,0,0,0,11.399999999999977,305.7,48988.0,0.21,284.17
7442,M22301,2,299.9,311.4,1337,54.8,32,0,0,0,0,0,0,11.5,305.65,73267.59999999999,0.1,431.06
7443,L54622,1,300.0,311.5,1601,36.9,35,0,0,0,0,0,0,11.5,305.75,59076.899999999994,0.25,548.96
7444,H36857,0,300.1,311.6,1589,37.9,37,0,0,0,0,0,0,11.5,305.85,60223.1,0.18,496.88
7445,L54624,1,300.2,311.7,1286,55.1,42,0,0,0,0,0,0,11.5,305.95,70858.6,0.19,449.94
7446,L54625,1,300.2,311.7,1553,41.3,44,0,0,0,0,0,0,11.5,305.95,64138.899999999994,0.15,304.6
7447,L54626,1,300.2,311.8,1379,51.0,46,0,0,0,0,0,0,11.600000000000023,306.0,70329.0,0.28,487.33
7448,M22307,2,300.3,311.9,1677,30.8,48,0,0,0,0,0,0,11.599999999999966,306.1,51651.6,0.13,466.06
7449,L54628,1,300.3,311.8,1488,38.4,51,0,0,0,0,0,0,11.5,306.05,57139.2,0.13,66.16
7450,L54629,1,300.3,311.8,1418,45.9,53,0,0,0,0,0,0,11.5,306.05,65086.2,0.27,721.57
7451,L54630,1,300.3,311.8,1451,41.0,55,0,0,0,0,0,0,11.5,306.05,59491.0,0.18,379.98
7452,L54631,1,300.3,311.8,1508,43.1,57,0,0,0,0,0,0,11.5,306.05,64994.8,0.13,402.06
7453,L54632,1,300.3,311.7,1579,33.6,59,0,0,0,0,0,0,11.399999999999977,306.0,53054.4,0.08,363.35
7454,H36867,0,300.3,311.7,1432,47.7,61,0,0,0,0,0,0,11.399999999999977,306.0,68306.40000000001,0.07,369.03
7455,L54634,1,300.2,311.6,1446,47.3,66,0,0,0,0,0,0,11.400000000000034,305.9,68395.8,0.24,372.95
7456,M22315,2,300.2,311.7,1597,39.5,68,0,0,0,0,0,0,11.5,305.95,63081.5,0.08,442.76
7457,M22316,2,300.2,311.7,1397,50.2,71,0,0,0,0,0,0,11.5,305.95,70129.40000000001,0.0,444.15
7458,L54637,1,300.1,311.6,1530,36.6,74,0,0,0,0,0,0,11.5,305.85,55998.0,0.01,73.33
7459,M22318,2,300.1,311.6,1433,51.4,76,0,0,0,0,0,0,11.5,305.85,73656.2,0.29,474.88
7460,L54639,1,300.0,311.5,1591,32.0,79,0,0,0,0,0,0,11.5,305.75,50912.0,0.17,699.38
7461,L54640,1,300.0,311.5,1445,41.6,81,0,0,0,0,0,0,11.5,305.75,60112.0,0.15,661.47
7462,L54641,1,300.0,311.5,1749,28.3,83,0,0,0,0,0,0,11.5,305.75,49496.700000000004,0.28,739.81
7463,L54642,1,300.0,311.3,1703,30.4,85,0,0,0,0,0,0,11.300000000000011,305.65,51771.2,0.11,432.68
7464,H36877,0,300.1,311.4,1518,46.9,87,0,0,0,0,0,0,11.299999999999955,305.75,71194.2,0.24,782.34
7465,L54644,1,300.1,311.3,1535,42.3,92,0,0,0,0,0,0,11.199999999999989,305.70000000000005,64930.49999999999,0.22,499.56
7466,M22325,2,300.1,311.4,1390,52.1,94,0,0,0,0,0,0,11.299999999999955,305.75,72419.0,0.14,589.4
7467,H36880,0,300.3,311.6,1801,23.6,97,0,0,0,0,0,0,11.300000000000011,305.95000000000005,42503.600000000006,0.23,519.03
7468,H36881,0,300.3,311.6,1463,41.6,102,0,0,0,0,0,0,11.300000000000011,305.95000000000005,60860.8,0.29,775.7
7469,L54648,1,300.3,311.6,1560,37.7,107,0,0,0,0,0,0,11.300000000000011,305.95000000000005,58812.00000000001,0.06,440.44
7470,L54649,1,300.3,311.6,1607,33.5,109,0,0,0,0,0,0,11.300000000000011,305.95000000000005,53834.5,0.01,668.37
7471,L54650,1,300.4,311.6,1332,54.6,111,0,0,0,0,0,0,11.200000000000045,306.0,72727.2,0.25,869.98
7472,L54651,1,300.3,311.7,1365,53.3,113,0,0,0,0,0,0,11.399999999999977,306.0,72754.5,0.12,599.41
7473,M22332,2,300.3,311.6,1617,32.5,115,0,0,0,0,0,0,11.300000000000011,305.95000000000005,52552.5,0.16,898.54
7474,M22333,2,300.3,311.6,1304,62.8,118,0,0,0,0,0,0,11.300000000000011,305.95000000000005,81891.2,0.07,516.55
7475,L54654,1,300.3,311.7,1989,22.3,121,0,0,0,0,0,0,11.399999999999977,306.0,44354.700000000004,0.25,849.71
7476,H36889,0,300.3,311.6,1339,53.4,123,0,0,0,0,0,0,11.300000000000011,305.95000000000005,71502.59999999999,0.22,742.78
7477,L54656,1,300.2,311.5,1492,41.8,128,0,0,0,0,0,0,11.300000000000011,305.85,62365.6,0.29,1041.36
7478,M22337,2,300.1,311.3,1518,40.2,130,0,0,0,0,0,0,11.199999999999989,305.70000000000005,61023.600000000006,0.14,886.52
7479,L54658,1,300.1,311.3,1479,39.5,133,0,0,0,0,0,0,11.199999999999989,305.70000000000005,58420.5,0.29,1150.29
7480,M22339,2,300.1,311.3,1523,34.1,135,0,0,0,0,0,0,11.199999999999989,305.70000000000005,51934.3,0.15,837.45
7481,M22340,2,300.2,311.4,1570,35.3,138,0,0,0,0,0,0,11.199999999999989,305.79999999999995,55420.99999999999,0.19,436.06
7482,H36895,0,300.2,311.4,1506,36.1,141,0,0,0,0,0,0,11.199999999999989,305.79999999999995,54366.6,0.2,840.37
7483,M22342,2,300.2,311.6,1510,47.5,146,0,0,0,0,0,0,11.400000000000034,305.9,71725.0,0.15,1114.79
7484,L54663,1,300.2,311.6,1671,28.8,149,0,0,0,0,0,0,11.400000000000034,305.9,48124.8,0.17,866.25
7485,M22344,2,300.3,311.6,1312,53.4,151,0,0,0,0,0,0,11.300000000000011,305.95000000000005,70060.8,0.07,537.37
7486,L54665,1,300.3,311.6,1595,38.8,154,0,0,0,0,0,0,11.300000000000011,305.95000000000005,61885.99999999999,0.11,947.4
7487,L54666,1,300.3,311.7,1635,31.8,156,0,0,0,0,0,0,11.399999999999977,306.0,51993.0,0.21,1068.61
7488,L54667,1,300.3,311.7,1707,33.6,158,0,0,0,0,0,0,11.399999999999977,306.0,57355.200000000004,0.01,690.92
7489,L54668,1,300.3,311.7,1545,43.5,160,0,0,0,0,0,1,11.399999999999977,306.0,67207.5,2.83,3592.99
7490,M22349,2,300.2,311.6,1751,28.0,162,0,0,0,0,0,0,11.400000000000034,305.9,49028.0,0.09,772.91
7491,M22350,2,300.4,311.8,1707,30.0,165,0,0,0,0,0,0,11.400000000000034,306.1,51210.0,0.08,983.39
7492,L54671,1,300.4,311.8,1320,57.9,168,0,0,0,0,0,0,11.400000000000034,306.1,76428.0,0.21,1058.49
7493,M22352,2,300.3,311.7,1319,51.4,170,0,0,0,0,0,0,11.399999999999977,306.0,67796.59999999999,0.06,735.13
7494,L54673,1,300.2,311.7,1448,54.2,173,0,0,0,0,0,0,11.5,305.95,78481.6,0.29,1153.57
7495,L54674,1,300.2,311.8,1436,48.2,175,0,0,0,0,0,0,11.600000000000023,306.0,69215.2,0.3,1065.05
7496,L54675,1,300.3,311.9,1609,34.0,177,0,0,0,0,0,0,11.599999999999966,306.1,54706.0,0.14,1244.16
7497,L54676,1,300.2,311.8,1464,44.5,179,0,0,0,0,0,0,11.600000000000023,306.0,65148.0,0.12,1149.05
7498,M22357,2,300.3,311.8,1483,45.1,181,0,0,0,0,0,0,11.5,306.05,66883.3,0.02,906.66
7499,M22358,2,300.2,311.8,1748,28.5,184,0,0,0,0,0,0,11.600000000000023,306.0,49818.0,0.23,1162.16
7500,L54679,1,300.3,311.8,1746,26.3,187,0,0,0,0,0,0,11.5,306.05,45919.8,0.05,1137.07
7501,L54680,1,300.2,311.8,1410,51.4,189,0,0,0,0,0,0,11.600000000000023,306.0,72474.0,0.28,1198.96
7502,L54681,1,300.2,311.7,1640,30.8,191,0,0,0,0,0,0,11.5,305.95,50512.0,0.3,1368.76
7503,H36916,0,300.3,311.7,1655,29.9,193,0,0,0,0,0,0,11.399999999999977,306.0,49484.5,0.04,1226.61
7504,M22363,2,300.3,311.7,1646,28.9,198,0,0,0,0,0,0,11.399999999999977,306.0,47569.399999999994,0.2,1116.37
7505,L54684,1,300.4,311.8,1589,42.0,201,0,0,0,0,0,0,11.400000000000034,306.1,66738.0,0.14,1391.92
7506,L54685,1,300.5,311.9,1546,39.4,203,0,0,0,0,0,0,11.399999999999977,306.2,60912.399999999994,0.16,1378.27
7507,L54686,1,300.5,311.9,1511,41.8,205,0,0,0,0,0,0,11.399999999999977,306.2,63159.799999999996,0.05,1112.28
7508,L54687,1,300.5,311.9,1750,28.3,207,0,0,0,0,0,0,11.399999999999977,306.2,49525.0,0.22,1188.41
7509,M22368,2,300.5,311.9,1730,27.5,209,0,0,0,0,0,0,11.399999999999977,306.2,47575.0,0.05,1130.42
7510,L54689,1,300.6,311.9,1372,60.1,212,1,0,0,0,1,0,11.299999999999955,306.25,82457.2,7.38,8403.32
7511,L54690,1,300.5,311.8,1524,38.9,214,1,1,0,0,0,0,11.300000000000011,306.15,59283.6,2.78,3731.08
7512,L54691,1,300.4,311.8,1601,36.1,0,0,0,0,0,0,0,11.400000000000034,306.1,57796.100000000006,0.19,269.84
7513,M22372,2,300.5,311.8,1636,34.4,2,0,0,0,0,0,0,11.300000000000011,306.15,56278.399999999994,0.28,136.47
7514,L54693,1,300.4,311.8,2261,14.9,5,0,0,0,0,0,0,11.400000000000034,306.1,33688.9,0.22,194.22
7515,L54694,1,300.4,311.8,1636,32.3,7,0,0,0,0,0,0,11.400000000000034,306.1,52842.799999999996,0.16,146.19
7516,M22375,2,300.4,311.9,1335,58.3,9,0,0,0,0,0,0,11.5,306.15,77830.5,0.12,0.0
7517,M22376,2,300.3,311.7,1236,57.5,12,0,0,0,0,0,0,11.399999999999977,306.0,71070.0,0.14,298.77
7518,L54697,1,300.3,311.7,1445,47.3,15,0,0,0,0,0,0,11.399999999999977,306.0,68348.5,0.1,140.75
7519,L54698,1,300.2,311.5,1500,40.8,17,0,0,0,0,0,0,11.300000000000011,305.85,61199.99999999999,0.28,559.83
7520,L54699,1,300.2,311.6,1999,21.0,19,0,0,0,0,0,0,11.400000000000034,305.9,41979.0,0.08,138.3
7521,L54700,1,300.2,311.6,1529,35.5,21,0,0,0,0,0,0,11.400000000000034,305.9,54279.5,0.12,164.01
7522,M22381,2,300.2,311.6,1467,40.7,23,0,0,0,0,0,0,11.400000000000034,305.9,59706.9,0.23,209.3
7523,L54702,1,300.1,311.5,1334,54.0,26,0,0,0,0,0,0,11.399999999999977,305.8,72036.0,0.11,245.85
7524,M22383,2,300.1,311.5,1343,46.2,28,0,0,0,0,0,0,11.399999999999977,305.8,62046.600000000006,0.27,416.7
7525,L54704,1,300.2,311.5,1639,31.1,31,0,0,0,0,0,0,11.300000000000011,305.85,50972.9,0.07,336.27
7526,H36939,0,300.1,311.5,1383,49.1,33,0,0,0,0,0,0,11.399999999999977,305.8,67905.3,0.01,185.05
7527,L54706,1,300.1,311.4,1660,31.4,38,0,0,0,0,0,0,11.299999999999955,305.75,52124.0,0.19,694.09
7528,L54707,1,300.1,311.3,1470,45.2,40,0,0,0,0,0,0,11.199999999999989,305.70000000000005,66444.0,0.15,418.43
7529,M22388,2,300.1,311.3,1748,26.6,42,0,0,0,0,0,0,11.199999999999989,305.70000000000005,46496.8,0.28,341.97
7530,L54709,1,300.1,311.4,1467,35.7,45,0,0,0,0,0,0,11.299999999999955,305.75,52371.9,0.13,194.28
7531,M22390,2,300.1,311.4,1617,39.3,47,0,0,0,0,0,0,11.299999999999955,305.75,63548.1,0.04,355.22
7532,H36945,0,300.1,311.4,1377,56.7,50,0,0,0,0,0,0,11.299999999999955,305.75,78075.90000000001,0.1,197.25
7533,M22392,2,300.0,311.3,1629,32.1,55,0,0,0,0,0,0,11.300000000000011,305.65,52290.9,0.12,484.23
7534,L54713,1,300.0,311.2,1504,37.9,58,0,0,0,0,0,0,11.199999999999989,305.6,57001.6,0.17,594.35
7535,L54714,1,300.0,311.2,1418,47.3,60,0,0,0,0,0,0,11.199999999999989,305.6,67071.4,0.08,517.96
7536,L54715,1,300.0,311.2,1629,31.7,62,0,0,0,0,0,0,11.199999999999989,305.6,51639.299999999996,0.17,349.62
7537,L54716,1,300.1,311.3,2579,12.5,64,1,0,0,1,0,0,11.199999999999989,305.70000000000005,32237.5,8.49,8948.22
7538,L54717,1,300.1,311.3,1305,64.7,66,0,0,0,0,0,0,11.199999999999989,305.70000000000005,84433.5,0.13,508.39
7539,M22398,2,300.2,311.4,1450,38.5,68,0,0,0,0,0,0,11.199999999999989,305.79999999999995,55825.0,0.2,448.82
7540,L54719,1,300.2,311.3,1487,36.9,71,0,0,0,0,0,0,11.100000000000023,305.75,54870.299999999996,0.07,401.09
7541,M22400,2,300.2,311.3,1587,31.2,73,0,0,0,0,0,0,11.100000000000023,305.75,49514.4,0.24,675.69
7542,M22401,2,300.3,311.5,1528,40.9,76,0,0,0,0,0,0,11.199999999999989,305.9,62495.2,0.08,359.07
7543,M22402,2,300.4,311.6,1401,49.9,79,0,0,0,0,0,0,11.200000000000045,306.0,69909.9,0.17,610.28
7544,L54723,1,300.3,311.5,1446,45.0,82,0,0,0,0,0,0,11.199999999999989,305.9,65070.0,0.09,716.84
7545,L54724,1,300.2,311.4,1425,44.2,84,0,0,0,0,0,0,11.199999999999989,305.79999999999995,62985.00000000001,0.02,584.61
7546,L54725,1,300.2,311.4,1891,22.6,86,0,0,0,0,0,0,11.199999999999989,305.79999999999995,42736.600000000006,0.1,542.3
7547,H36960,0,300.2,311.5,1454,42.8,88,0,0,0,0,0,0,11.300000000000011,305.85,62231.2,0.06,535.12
7548,L54727,1,300.1,311.4,1430,40.9,93,0,0,0,0,0,0,11.299999999999955,305.75,58487.0,0.27,654.29
7549,L54728,1,300.2,311.4,1495,43.6,95,0,0,0,0,0,0,11.199999999999989,305.79999999999995,65182.0,0.08,478.52
7550,L54729,1,300.3,311.4,1544,41.6,97,0,0,0,0,0,0,11.099999999999966,305.85,64230.4,0.29,544.42
7551,M22410,2,300.3,311.4,1554,34.3,99,0,0,0,0,0,0,11.099999999999966,305.85,53302.2,0.15,682.67
7552,M22411,2,300.2,311.3,1491,37.3,102,0,0,0,0,0,0,11.100000000000023,305.75,55614.299999999996,0.07,682.37
7553,L54732,1,300.3,311.3,1525,40.7,105,0,0,0,0,0,0,11.0,305.8,62067.50000000001,0.12,634.37
7554,L54733,1,300.3,311.3,1505,39.6,107,0,0,0,0,0,0,11.0,305.8,59598.0,0.06,463.4
7555,M22414,2,300.3,311.4,1371,50.2,109,0,0,0,0,0,0,11.099999999999966,305.85,68824.2,0.25,804.92
7556,L54735,1,300.3,311.3,1332,60.5,112,0,0,0,0,0,0,11.0,305.8,80586.0,0.04,801.26
7557,L54736,1,300.3,311.4,1471,37.0,114,0,0,0,0,0,0,11.099999999999966,305.85,54427.0,0.26,964.7
7558,M22417,2,300.4,311.5,1750,27.3,116,0,0,0,0,0,0,11.100000000000023,305.95,47775.0,0.01,585.58
7559,M22418,2,300.3,311.4,1386,48.1,119,0,0,0,0,0,0,11.099999999999966,305.85,66666.6,0.09,992.11
7560,M22419,2,300.4,311.4,1355,56.2,122,0,0,0,0,0,0,11.0,305.9,76151.0,0.04,1054.81
7561,M22420,2,300.3,311.3,1377,53.8,125,0,0,0,0,0,0,11.0,305.8,74082.59999999999,0.21,762.98
7562,L54741,1,300.3,311.1,1388,49.4,128,0,0,0,0,0,0,10.800000000000011,305.70000000000005,68567.2,0.15,753.12
7563,M22422,2,300.3,311.1,1350,58.7,130,0,0,0,0,0,0,10.800000000000011,305.70000000000005,79245.0,0.28,1034.0
7564,M22423,2,300.4,311.2,1831,23.4,133,0,0,0,0,0,0,10.800000000000011,305.79999999999995,42845.399999999994,0.11,638.05
7565,M22424,2,300.3,311.2,1381,65.2,136,1,0,0,1,0,0,10.899999999999977,305.75,90041.2,5.61,6417.37
7566,M22425,2,300.3,311.2,1783,25.6,139,0,0,0,0,0,0,10.899999999999977,305.75,45644.8,0.23,940.22
7567,L54746,1,300.3,311.0,1613,34.7,142,0,0,0,0,0,0,10.699999999999989,305.65,55971.100000000006,0.17,935.75
7568,M22427,2,300.2,311.0,2370,14.7,144,0,0,0,0,0,0,10.800000000000011,305.6,34839.0,0.25,883.68
7569,L54748,1,300.2,311.0,1627,33.7,147,0,0,0,0,0,0,10.800000000000011,305.6,54829.9,0.13,746.84
7570,L54749,1,300.2,311.0,1255,71.8,149,1,0,0,1,0,0,10.800000000000011,305.6,90109.0,6.44,6887.18
7571,H36984,0,300.2,311.0,1777,27.5,151,0,0,0,0,0,0,10.800000000000011,305.6,48867.5,0.05,1027.72
7572,L54751,1,300.3,311.1,1606,30.9,156,0,0,0,0,0,0,10.800000000000011,305.70000000000005,49625.399999999994,0.3,1221.22
7573,L54752,1,300.3,311.1,1676,28.6,158,0,0,0,0,0,0,10.800000000000011,305.70000000000005,47933.600000000006,0.05,941.0
7574,L54753,1,300.3,311.1,1605,37.1,160,0,0,0,0,0,0,10.800000000000011,305.70000000000005,59545.5,0.25,1102.25
7575,L54754,1,300.4,311.1,1487,37.4,162,0,0,0,0,0,0,10.700000000000045,305.75,55613.799999999996,0.06,524.37
7576,L54755,1,300.4,311.2,1471,46.5,164,0,0,0,0,0,0,10.800000000000011,305.79999999999995,68401.5,0.23,937.33
7577,M22436,2,300.3,311.1,1477,44.2,166,0,0,0,0,0,0,10.800000000000011,305.70000000000005,65283.4,0.26,1051.59
7578,L54757,1,300.4,311.2,1530,32.0,169,0,0,0,0,0,0,10.800000000000011,305.79999999999995,48960.0,0.26,942.8
7579,L54758,1,300.4,311.2,1673,28.9,171,0,0,0,0,0,0,10.800000000000011,305.79999999999995,48349.7,0.14,740.97
7580,L54759,1,300.4,311.2,1436,56.8,173,0,0,0,0,0,0,10.800000000000011,305.79999999999995,81564.8,0.13,848.4
7581,L54760,1,300.4,311.3,1495,51.2,175,0,0,0,0,0,0,10.900000000000034,305.85,76544.0,0.25,1132.37
7582,M22441,2,300.4,311.2,1366,56.1,177,0,0,0,0,0,0,10.800000000000011,305.79999999999995,76632.6,0.17,1062.41
7583,H36996,0,300.4,311.2,1489,45.3,180,0,0,0,0,0,0,10.800000000000011,305.79999999999995,67451.7,0.19,1226.13
7584,L54763,1,300.3,311.1,1480,46.6,185,0,0,0,0,0,0,10.800000000000011,305.70000000000005,68968.0,0.07,1304.48
7585,L54764,1,300.4,311.2,1472,37.3,187,0,0,0,0,0,0,10.800000000000011,305.79999999999995,54905.6,0.13,1167.86
7586,L54765,1,300.4,311.1,1397,50.8,189,0,0,0,0,0,0,10.700000000000045,305.75,70967.59999999999,0.11,1028.67
7587,L54766,1,300.4,311.1,1589,35.5,191,0,0,0,0,0,0,10.700000000000045,305.75,56409.5,0.2,1425.05
7588,L54767,1,300.4,311.1,1405,54.1,193,0,0,0,0,0,0,10.700000000000045,305.75,76010.5,0.06,787.71
7589,L54768,1,300.4,311.1,2013,20.1,195,0,0,0,0,0,0,10.700000000000045,305.75,40461.3,0.12,783.17
7590,L54769,1,300.4,311.0,1802,26.0,197,0,0,0,0,0,0,10.600000000000023,305.7,46852.0,0.25,1101.99
7591,M22450,2,300.4,311.0,1433,46.1,199,0,0,0,0,0,0,10.600000000000023,305.7,66061.3,0.16,1276.83
7592,M22451,2,300.5,311.1,1296,61.3,202,1,0,0,0,1,0,10.600000000000023,305.8,79444.8,8.92,9955.28
7593,M22452,2,300.5,311.2,1551,36.6,205,0,0,0,0,0,0,10.699999999999989,305.85,56766.600000000006,0.07,925.75
7594,L54773,1,300.5,311.2,1270,67.5,208,1,0,0,0,1,0,10.699999999999989,305.85,85725.0,7.66,8590.94
7595,L54774,1,300.6,311.3,1531,38.5,0,0,0,0,0,0,0,10.699999999999989,305.95000000000005,58943.5,0.15,0.0
7596,H37009,0,300.5,311.2,1397,45.2,2,0,0,0,0,0,0,10.699999999999989,305.85,63144.4,0.12,0.0
7597,L54776,1,300.5,311.1,1547,37.2,7,0,0,0,0,0,0,10.600000000000023,305.8,57548.4,0.21,477.66
7598,L54777,1,300.5,311.0,2074,18.9,9,0,0,0,0,0,0,10.5,305.75,39198.6,0.04,63.48
7599,L54778,1,300.5,311.1,1491,42.6,11,0,0,0,0,0,0,10.600000000000023,305.8,63516.6,0.16,480.44
7600,L54779,1,300.5,311.0,1759,28.3,13,0,0,0,0,0,0,10.5,305.75,49779.700000000004,0.04,0.0
7601,M22460,2,300.4,311.0,1595,35.4,15,0,0,0,0,0,0,10.600000000000023,305.7,56463.0,0.19,338.67
7602,L54781,1,300.4,311.2,1351,62.0,18,0,0,0,0,0,0,10.800000000000011,305.79999999999995,83762.0,0.25,374.06
7603,L54782,1,300.4,311.2,1705,28.7,20,0,0,0,0,0,0,10.800000000000011,305.79999999999995,48933.5,0.01,241.95
7604,L54783,1,300.4,311.2,1406,43.6,22,0,0,0,0,0,0,10.800000000000011,305.79999999999995,61301.6,0.14,288.18
7605,L54784,1,300.4,311.3,1639,34.6,24,0,0,0,0,0,0,10.900000000000034,305.85,56709.4,0.15,417.76
7606,H37019,0,300.4,311.3,2026,20.3,26,0,0,0,0,0,0,10.900000000000034,305.85,41127.8,0.22,433.13
7607,M22466,2,300.4,311.3,1350,56.5,31,0,0,0,0,0,0,10.900000000000034,305.85,76275.0,0.02,11.31
7608,M22467,2,300.5,311.3,1468,41.1,34,0,0,0,0,0,0,10.800000000000011,305.9,60334.8,0.12,399.91
7609,L54788,1,300.5,311.4,1642,27.1,37,0,0,0,0,0,0,10.899999999999977,305.95,44498.200000000004,0.24,409.54
7610,L54789,1,300.5,311.3,1490,41.8,39,0,0,0,0,0,0,10.800000000000011,305.9,62281.99999999999,0.16,238.49
7611,M22470,2,300.5,311.3,1507,43.4,41,0,0,0,0,0,0,10.800000000000011,305.9,65403.799999999996,0.22,529.1
7612,L54791,1,300.5,311.4,1611,32.7,44,0,0,0,0,0,0,10.899999999999977,305.95,52679.700000000004,0.11,468.23
7613,M22472,2,300.5,311.4,1743,27.6,46,0,0,0,0,0,0,10.899999999999977,305.95,48106.8,0.28,437.47
7614,L54793,1,300.5,311.3,1475,46.3,49,0,0,0,0,0,0,10.800000000000011,305.9,68292.5,0.02,212.42
7615,L54794,1,300.5,311.4,1432,47.5,51,0,0,0,0,0,0,10.899999999999977,305.95,68020.0,0.03,76.93
7616,L54795,1,300.5,311.4,1442,47.0,53,0,0,0,0,0,0,10.899999999999977,305.95,67774.0,0.16,154.29
7617,M22476,2,300.6,311.4,1468,40.4,55,0,0,0,0,0,0,10.799999999999955,306.0,59307.2,0.14,378.65
7618,L54797,1,300.5,311.4,1556,45.3,58,0,0,0,0,0,0,10.899999999999977,305.95,70486.79999999999,0.19,598.81
7619,M22478,2,300.5,311.4,1312,51.4,60,0,0,0,0,0,0,10.899999999999977,305.95,67436.8,0.07,284.01
7620,L54799,1,300.6,311.5,1459,47.0,63,0,0,0,0,0,0,10.899999999999977,306.05,68573.0,0.07,599.17
7621,L54800,1,300.5,311.5,1651,36.9,65,0,0,0,0,0,0,11.0,306.0,60921.899999999994,0.22,514.24
7622,L54801,1,300.5,311.5,1490,38.4,67,0,0,0,0,0,0,11.0,306.0,57216.0,0.09,394.85
7623,M22482,2,300.6,311.6,1473,31.5,69,0,0,0,0,0,0,11.0,306.1,46399.5,0.22,521.64
7624,L54803,1,300.6,311.7,1734,29.9,72,0,0,0,0,0,0,11.099999999999966,306.15,51846.6,0.19,697.24
7625,L54804,1,300.6,311.7,1507,45.5,74,0,0,0,0,0,0,11.099999999999966,306.15,68568.5,0.02,246.16
7626,L54805,1,300.6,311.7,1556,34.9,76,0,0,0,0,0,0,11.099999999999966,306.15,54304.399999999994,0.21,570.66
7627,H37040,0,300.5,311.6,1351,53.5,78,0,0,0,0,0,0,11.100000000000023,306.05,72278.5,0.26,567.89
7628,L54807,1,300.5,311.7,1445,44.8,83,0,0,0,0,0,0,11.199999999999989,306.1,64735.99999999999,0.24,570.76
7629,L54808,1,300.5,311.7,1619,32.7,85,0,0,0,0,0,0,11.199999999999989,306.1,52941.3,0.0,430.27
7630,M22489,2,300.5,311.7,1269,64.0,87,0,0,0,0,0,0,11.199999999999989,306.1,81216.0,0.16,578.0
7631,L54810,1,300.5,311.6,1534,37.7,90,0,0,0,0,0,0,11.100000000000023,306.05,57831.8,0.27,877.75
7632,L54811,1,300.5,311.6,1444,49.3,92,0,0,0,0,0,0,11.100000000000023,306.05,71189.2,0.18,638.38
7633,L54812,1,300.5,311.6,1744,26.8,94,0,0,0,0,0,0,11.100000000000023,306.05,46739.200000000004,0.09,643.25
7634,L54813,1,300.4,311.5,1441,44.6,96,0,0,0,0,0,0,11.100000000000023,305.95,64268.6,0.06,565.91
7635,M22494,2,300.3,311.3,1506,40.7,98,0,0,0,0,0,0,11.0,305.8,61294.200000000004,0.21,910.56
7636,L54815,1,300.3,311.4,1526,38.5,101,0,0,0,0,0,0,11.099999999999966,305.85,58751.0,0.23,689.64
7637,L54816,1,300.4,311.5,1704,29.7,103,0,0,0,0,0,0,11.100000000000023,305.95,50608.799999999996,0.27,740.06
7638,H37051,0,300.4,311.4,1445,52.4,105,0,0,0,0,0,0,11.0,305.9,75718.0,0.27,906.76
7639,L54818,1,300.5,311.5,1661,35.9,110,0,0,0,0,0,0,11.0,306.0,59629.899999999994,0.1,602.6
7640,L54819,1,300.5,311.4,1466,41.8,112,0,0,0,0,0,0,10.899999999999977,305.95,61278.799999999996,0.18,814.76
7641,L54820,1,300.4,311.3,1608,35.1,114,0,0,0,0,0,0,10.900000000000034,305.85,56440.8,0.03,950.69
7642,M22501,2,300.4,311.4,1352,57.3,116,0,0,0,0,0,0,11.0,305.9,77469.59999999999,0.03,463.16
7643,M22502,2,300.4,311.4,1604,31.7,119,0,0,0,0,0,0,11.0,305.9,50846.799999999996,0.02,844.75
7644,H37057,0,300.4,311.4,1427,50.7,122,0,0,0,0,0,0,11.0,305.9,72348.90000000001,0.28,816.17
7645,L54824,1,300.4,311.4,1424,44.6,127,0,0,0,0,0,0,11.0,305.9,63510.4,0.05,885.65
7646,L54825,1,300.4,311.4,1662,29.3,129,0,0,0,0,0,0,11.0,305.9,48696.6,0.14,887.91
7647,L54826,1,300.4,311.4,1936,23.9,131,0,0,0,0,0,0,11.0,305.9,46270.399999999994,0.13,875.05
7648,L54827,1,300.4,311.4,1728,31.7,133,0,0,0,0,0,0,11.0,305.9,54777.6,0.1,742.36
7649,L54828,1,300.4,311.4,1552,28.8,135,0,0,0,0,0,0,11.0,305.9,44697.6,0.16,797.42
7650,H37063,0,300.4,311.5,1662,29.0,137,0,0,0,0,0,0,11.100000000000023,305.95,48198.0,0.0,576.7
7651,L54830,1,300.3,311.4,1343,57.7,142,0,0,0,0,0,0,11.099999999999966,305.85,77491.1,0.11,820.94
7652,M22511,2,300.4,311.5,1476,32.6,144,0,0,0,0,0,0,11.100000000000023,305.95,48117.6,0.14,832.41
7653,L54832,1,300.3,311.4,1346,51.1,147,0,0,0,0,0,0,11.099999999999966,305.85,68780.6,0.24,1003.65
7654,L54833,1,300.4,311.5,1492,44.6,149,0,0,0,0,0,0,11.100000000000023,305.95,66543.2,0.21,743.4
7655,M22514,2,300.3,311.5,1540,41.5,151,0,0,0,0,0,0,11.199999999999989,305.9,63910.0,0.25,1008.4
7656,L54835,1,300.4,311.5,1596,32.5,154,0,0,0,0,0,0,11.100000000000023,305.95,51870.0,0.11,1069.4
7657,L54836,1,300.5,311.6,1541,47.8,156,0,0,0,0,0,0,11.100000000000023,306.05,73659.79999999999,0.04,961.61
7658,L54837,1,300.5,311.6,1661,30.0,158,0,0,0,0,0,0,11.100000000000023,306.05,49830.0,0.12,913.45
7659,M22518,2,300.4,311.6,1359,55.4,160,0,0,0,0,0,0,11.200000000000045,306.0,75288.59999999999,0.29,1474.36
7660,L54839,1,300.5,311.6,1528,42.4,163,0,0,0,0,0,0,11.100000000000023,306.05,64787.2,0.06,788.4
7661,M22520,2,300.5,311.6,1246,52.9,165,0,0,0,0,0,0,11.100000000000023,306.05,65913.4,0.05,862.0
7662,L54841,1,300.5,311.6,1575,32.5,168,0,0,0,0,0,0,11.100000000000023,306.05,51187.5,0.28,902.42
7663,M22522,2,300.5,311.6,1658,30.4,170,0,0,0,0,0,0,11.100000000000023,306.05,50403.2,0.28,1069.45
7664,L54843,1,300.5,311.6,1385,54.8,173,0,0,0,0,0,0,11.100000000000023,306.05,75898.0,0.04,1173.17
7665,H37078,0,300.5,311.7,1454,50.3,175,0,0,0,0,0,0,11.199999999999989,306.1,73136.2,0.23,1050.18
7666,L54845,1,300.5,311.6,1497,40.5,180,0,0,0,0,0,0,11.100000000000023,306.05,60628.5,0.13,800.83
7667,M22526,2,300.6,311.7,1424,50.8,182,0,0,0,0,0,0,11.099999999999966,306.15,72339.2,0.15,1190.8
7668,L54847,1,300.6,311.7,1528,43.9,185,0,0,0,0,0,0,11.099999999999966,306.15,67079.2,0.15,1133.38
7669,L54848,1,300.6,311.8,1539,37.0,187,0,0,0,0,0,0,11.199999999999989,306.20000000000005,56943.0,0.29,1349.6
7670,L54849,1,300.7,311.8,1336,58.4,189,1,0,0,0,1,0,11.100000000000023,306.25,78022.4,9.71,10610.44
7671,L54850,1,300.5,311.6,1525,37.6,191,0,0,0,0,0,0,11.100000000000023,306.05,57340.0,0.23,1033.93
7672,M22531,2,300.5,311.6,1456,51.1,193,0,0,0,0,0,0,11.100000000000023,306.05,74401.6,0.0,937.46
7673,M22532,2,300.5,311.7,2141,17.2,196,0,0,0,0,0,0,11.199999999999989,306.1,36825.2,0.19,1253.23
7674,M22533,2,300.5,311.6,1476,39.1,199,0,0,0,0,0,0,11.100000000000023,306.05,57711.6,0.2,1184.15
7675,L54854,1,300.5,311.6,1509,47.2,202,0,0,0,0,0,0,11.100000000000023,306.05,71224.8,0.23,1298.19
7676,L54855,1,300.5,311.6,1447,45.4,204,0,0,0,0,0,0,11.100000000000023,306.05,65693.8,0.28,1219.48
7677,L54856,1,300.6,311.7,1448,49.1,206,0,0,0,0,0,0,11.099999999999966,306.15,71096.8,0.23,1323.76
7678,L54857,1,300.6,311.7,1428,52.6,208,0,0,0,0,0,0,11.099999999999966,306.15,75112.8,0.22,1259.55
7679,M22538,2,300.6,311.7,1389,52.1,210,0,0,0,0,0,0,11.099999999999966,306.15,72366.90000000001,0.08,1024.12
7680,L54859,1,300.7,311.7,1635,32.4,213,0,0,0,0,0,0,11.0,306.2,52974.0,0.3,1385.99
7681,L54860,1,300.7,311.7,1395,43.7,215,0,0,0,0,0,0,11.0,306.2,60961.50000000001,0.14,1157.0
7682,L54861,1,300.7,311.8,1443,43.7,217,0,0,0,0,0,0,11.100000000000023,306.25,63059.100000000006,0.13,1307.57
7683,M22542,2,300.7,311.7,1412,49.1,219,0,0,0,0,0,0,11.0,306.2,69329.2,0.15,1375.97
7684,L54863,1,300.7,311.7,1524,43.5,222,0,0,0,0,0,0,11.0,306.2,66294.0,0.12,1305.23
7685,M22544,2,300.7,311.8,1407,42.4,224,0,0,0,0,0,0,11.100000000000023,306.25,59656.799999999996,0.18,1054.75
7686,L54865,1,300.8,311.7,1397,43.5,227,0,0,0,0,0,0,10.899999999999977,306.25,60769.5,0.1,1090.28
7687,M22546,2,300.7,311.7,1504,36.9,229,0,0,0,0,0,0,11.0,306.2,55497.6,0.07,1119.51
7688,M22547,2,300.7,311.7,2097,18.9,232,1,1,0,0,0,0,11.0,306.2,39633.299999999996,2.4,3440.55
7689,L54868,1,300.6,311.7,1553,39.8,0,0,0,0,0,0,0,11.099999999999966,306.15,61809.399999999994,0.28,198.57
7690,L54869,1,300.6,311.7,1432,39.2,2,0,0,0,0,0,0,11.099999999999966,306.15,56134.4,0.15,298.79
7691,M22550,2,300.5,311.6,1577,36.5,4,0,0,0,0,0,0,11.100000000000023,306.05,57560.5,0.29,414.8
7692,M22551,2,300.5,311.5,1370,56.1,7,0,0,0,0,0,0,11.0,306.0,76857.0,0.12,91.42
7693,H37106,0,300.5,311.6,1506,36.2,10,0,0,0,0,0,0,11.100000000000023,306.05,54517.200000000004,0.12,258.77
7694,L54873,1,300.6,311.6,1964,21.4,15,0,0,0,0,0,0,11.0,306.1,42029.6,0.28,404.33
7695,H37108,0,300.6,311.7,1500,36.7,17,0,0,0,0,0,0,11.099999999999966,306.15,55050.00000000001,0.19,270.07
7696,L54875,1,300.6,311.7,1488,47.7,22,0,0,0,0,0,0,11.099999999999966,306.15,70977.6,0.23,512.23
7697,H37110,0,300.6,311.5,1282,60.2,24,0,0,0,0,0,0,10.899999999999977,306.05,77176.40000000001,0.12,140.81
7698,L54877,1,300.5,311.4,1400,45.1,29,0,0,0,0,0,0,10.899999999999977,305.95,63140.0,0.12,272.91
7699,L54878,1,300.6,311.5,1419,38.6,31,0,0,0,0,0,0,10.899999999999977,306.05,54773.4,0.02,17.37
7700,M22559,2,300.7,311.5,1441,40.6,33,0,0,0,0,0,0,10.800000000000011,306.1,58504.6,0.29,304.56
7701,M22560,2,300.7,311.6,1348,62.5,36,0,0,0,0,0,0,10.900000000000034,306.15,84250.0,0.07,45.89
7702,H37115,0,300.8,311.7,1468,38.7,39,0,0,0,0,0,0,10.899999999999977,306.25,56811.600000000006,0.15,197.12
7703,M22562,2,300.7,311.7,1701,30.8,44,0,0,0,0,0,0,11.0,306.2,52390.8,0.03,262.47
7704,H37117,0,300.7,311.7,1864,23.6,47,0,0,0,0,0,0,11.0,306.2,43990.4,0.19,379.63
7705,M22564,2,300.6,311.6,1630,31.8,52,0,0,0,0,0,0,11.0,306.1,51834.0,0.12,339.52
7706,L54885,1,300.5,311.5,1316,49.7,55,0,0,0,0,0,0,11.0,306.0,65405.200000000004,0.23,460.13
7707,L54886,1,300.5,311.5,1708,31.2,57,0,0,0,0,0,0,11.0,306.0,53289.6,0.16,710.91
7708,H37121,0,300.5,311.4,1679,27.5,59,0,0,0,0,0,0,10.899999999999977,305.95,46172.5,0.04,164.42
7709,L54888,1,300.5,311.4,1709,32.3,64,0,0,0,0,0,0,10.899999999999977,305.95,55200.7,0.0,133.39
7710,L54889,1,300.5,311.4,1445,41.5,66,0,0,0,0,0,0,10.899999999999977,305.95,59967.5,0.06,263.19
7711,M22570,2,300.5,311.4,1390,51.9,68,0,0,0,0,0,0,10.899999999999977,305.95,72141.0,0.22,549.22
7712,L54891,1,300.4,311.4,1309,55.5,71,0,0,0,0,0,0,11.0,305.9,72649.5,0.25,682.22
7713,L54892,1,300.5,311.5,1499,37.6,73,0,0,0,0,0,0,11.0,306.0,56362.4,0.1,557.79
7714,M22573,2,300.5,311.4,2072,18.8,75,0,0,0,0,0,0,10.899999999999977,305.95,38953.6,0.16,676.7
7715,L54894,1,300.5,311.5,1487,43.0,78,0,0,0,0,0,0,11.0,306.0,63941.0,0.07,443.76
7716,L54895,1,300.5,311.5,1302,49.6,80,0,0,0,0,0,0,11.0,306.0,64579.200000000004,0.26,600.55
7717,M22576,2,300.5,311.5,1378,48.2,82,0,0,0,0,0,0,11.0,306.0,66419.6,0.29,945.02
7718,L54897,1,300.5,311.6,1365,53.0,85,0,0,0,0,0,0,11.100000000000023,306.05,72345.0,0.23,237.37
7719,H37132,0,300.6,311.7,1427,44.6,87,0,0,0,0,0,0,11.099999999999966,306.15,63644.200000000004,0.03,474.41
7720,H37133,0,300.6,311.7,1535,33.3,92,0,0,0,0,0,0,11.099999999999966,306.15,51115.49999999999,0.13,654.5
7721,H37134,0,300.5,311.6,1476,41.7,97,0,0,0,0,0,0,11.100000000000023,306.05,61549.200000000004,0.3,1066.05
7722,L54901,1,300.5,311.6,1425,42.4,102,0,0,0,0,0,0,11.100000000000023,306.05,60420.0,0.07,330.92
7723,L54902,1,300.5,311.7,1409,54.7,104,0,0,0,0,0,0,11.199999999999989,306.1,77072.3,0.2,656.98
7724,L54903,1,300.5,311.6,1730,30.2,106,0,0,0,0,0,0,11.100000000000023,306.05,52246.0,0.28,606.36
7725,M22584,2,300.5,311.6,1454,41.4,108,0,0,0,0,0,0,11.100000000000023,306.05,60195.6,0.23,500.26
7726,L54905,1,300.6,311.7,1744,26.9,111,0,0,0,0,0,0,11.099999999999966,306.15,46913.6,0.18,704.32
7727,M22586,2,300.8,311.9,1761,29.0,113,0,0,0,0,0,0,11.099999999999966,306.35,51069.0,0.15,839.96
7728,M22587,2,300.7,311.9,1657,30.9,116,0,0,0,0,0,0,11.199999999999989,306.29999999999995,51201.299999999996,0.28,1040.9
7729,L54908,1,300.7,311.8,1420,47.0,119,0,0,0,0,0,0,11.100000000000023,306.25,66740.0,0.12,635.22
7730,H37143,0,300.7,311.9,1329,59.2,121,0,0,0,0,0,0,11.199999999999989,306.29999999999995,78676.8,0.27,974.98
7731,L54910,1,300.6,311.9,1472,44.2,126,0,0,0,0,0,0,11.299999999999955,306.25,65062.4,0.13,730.34
7732,L54911,1,300.6,312.0,1566,30.1,128,0,0,0,0,0,0,11.399999999999977,306.3,47136.600000000006,0.23,953.49
7733,L54912,1,300.6,312.0,1430,42.7,130,0,0,0,0,0,0,11.399999999999977,306.3,61061.00000000001,0.27,1093.17
7734,L54913,1,300.6,312.0,1481,40.9,132,0,0,0,0,0,0,11.399999999999977,306.3,60572.9,0.17,800.87
7735,L54914,1,300.6,312.0,1670,29.4,134,0,0,0,0,0,0,11.399999999999977,306.3,49098.0,0.09,921.55
7736,L54915,1,300.6,312.0,1406,55.1,136,0,0,0,0,0,0,11.399999999999977,306.3,77470.6,0.02,518.05
7737,H37150,0,300.6,312.1,1354,46.9,138,0,0,0,0,0,0,11.5,306.35,63502.6,0.24,1028.48
7738,M22597,2,300.5,312.0,1985,19.3,143,0,0,0,0,0,0,11.5,306.25,38310.5,0.19,1060.05
7739,M22598,2,300.5,312.0,1263,60.8,146,0,0,0,0,0,0,11.5,306.25,76790.4,0.08,949.53
7740,L54919,1,300.5,311.9,1576,31.1,149,0,0,0,0,0,0,11.399999999999977,306.2,49013.600000000006,0.26,827.25
7741,L54920,1,300.5,312.0,1453,45.1,151,0,0,0,0,0,0,11.5,306.25,65530.3,0.28,1004.13
7742,L54921,1,300.5,312.0,1478,39.0,153,0,0,0,0,0,0,11.5,306.25,57642.0,0.27,1080.33
7743,M22602,2,300.5,311.9,1323,57.9,155,0,0,0,0,0,0,11.399999999999977,306.2,76601.7,0.18,1021.46
7744,L54923,1,300.5,311.9,1710,28.4,158,0,0,0,0,0,0,11.399999999999977,306.2,48564.0,0.29,1097.38
7745,L54924,1,300.4,311.7,1314,59.5,160,0,0,0,0,0,0,11.300000000000011,306.04999999999995,78183.0,0.26,1274.38
7746,L54925,1,300.4,311.7,1460,39.6,162,0,0,0,0,0,0,11.300000000000011,306.04999999999995,57816.0,0.03,645.65
7747,M22606,2,300.4,311.7,1508,45.4,164,0,0,0,0,0,0,11.300000000000011,306.04999999999995,68463.2,0.29,1073.96
7748,M22607,2,300.5,311.8,1331,55.3,167,0,0,0,0,0,0,11.300000000000011,306.15,73604.3,0.16,741.83
7749,L54928,1,300.4,311.7,1515,47.4,170,0,0,0,0,0,0,11.300000000000011,306.04999999999995,71811.0,0.28,1223.19
7750,L54929,1,300.4,311.6,1674,33.0,172,0,0,0,0,0,0,11.200000000000045,306.0,55242.0,0.23,1173.19
7751,L54930,1,300.4,311.7,1444,51.2,174,0,0,0,0,0,0,11.300000000000011,306.04999999999995,73932.8,0.19,1562.29
7752,M22611,2,300.4,311.7,1398,42.6,176,0,0,0,0,0,0,11.300000000000011,306.04999999999995,59554.8,0.1,1133.95
7753,M22612,2,300.4,311.7,1832,24.2,179,0,0,0,0,0,0,11.300000000000011,306.04999999999995,44334.4,0.01,954.7
7754,M22613,2,300.5,311.8,1591,42.0,182,0,0,0,0,0,0,11.300000000000011,306.15,66822.0,0.08,1028.23
7755,M22614,2,300.4,311.7,1478,39.9,185,0,0,0,0,0,0,11.300000000000011,306.04999999999995,58972.2,0.21,1087.51
7756,M22615,2,300.4,311.8,1362,47.6,188,0,0,0,0,0,0,11.400000000000034,306.1,64831.200000000004,0.26,1219.57
7757,L54936,1,300.5,311.8,1368,57.9,191,1,0,0,0,1,0,11.300000000000011,306.15,79207.2,8.42,9416.44
7758,M22617,2,300.3,311.7,1723,28.3,193,0,0,0,0,0,0,11.399999999999977,306.0,48760.9,0.06,730.29
7759,L54938,1,300.4,311.8,1689,30.8,196,0,0,0,0,0,0,11.400000000000034,306.1,52021.200000000004,0.2,1209.54
7760,L54939,1,300.4,311.8,1272,59.2,198,1,0,0,0,1,0,11.400000000000034,306.1,75302.40000000001,6.45,7455.15
7761,M22620,2,300.4,311.7,1511,33.0,200,0,0,0,0,0,0,11.300000000000011,306.04999999999995,49863.0,0.04,1303.1
7762,H37175,0,300.4,311.6,1715,30.8,203,0,0,0,0,0,0,11.200000000000045,306.0,52822.0,0.02,1015.25
7763,M22622,2,300.3,311.5,1400,43.8,0,0,0,0,0,0,0,11.199999999999989,305.9,61319.99999999999,0.19,75.17
7764,L54943,1,300.4,311.6,1200,76.6,3,1,0,0,1,0,0,11.200000000000045,306.0,91920.0,6.38,6435.28
7765,M22624,2,300.4,311.7,1555,38.7,5,0,0,0,0,0,0,11.300000000000011,306.04999999999995,60178.50000000001,0.26,296.15
7766,H37179,0,300.3,311.6,1427,56.2,8,0,0,0,0,0,0,11.300000000000011,305.95000000000005,80197.40000000001,0.09,110.41
7767,L54946,1,300.3,311.4,1318,52.7,13,0,0,0,0,0,0,11.099999999999966,305.85,69458.6,0.04,0.0
7768,H37181,0,300.2,311.4,1319,54.6,15,0,0,0,0,0,0,11.199999999999989,305.79999999999995,72017.40000000001,0.24,291.6
7769,M22628,2,300.2,311.4,1960,20.9,20,0,0,0,0,0,0,11.199999999999989,305.79999999999995,40964.0,0.3,313.12
7770,L54949,1,300.3,311.5,1552,38.9,23,0,0,0,0,0,0,11.199999999999989,305.9,60372.799999999996,0.11,192.53
7771,L54950,1,300.3,311.5,1548,32.2,25,0,0,0,0,0,0,11.199999999999989,305.9,49845.600000000006,0.26,494.82
7772,L54951,1,300.3,311.6,1709,29.5,27,0,0,0,0,0,0,11.300000000000011,305.95000000000005,50415.5,0.23,263.82
7773,H37186,0,300.3,311.5,1464,41.0,29,0,0,0,0,0,0,11.199999999999989,305.9,60024.0,0.27,381.82
7774,L54953,1,300.3,311.4,1759,24.8,34,0,0,0,0,0,0,11.099999999999966,305.85,43623.200000000004,0.13,381.18
7775,L54954,1,300.3,311.5,1634,31.9,36,0,0,0,0,0,0,11.199999999999989,305.9,52124.6,0.03,169.59
7776,L54955,1,300.3,311.5,1663,33.6,38,0,0,0,0,0,0,11.199999999999989,305.9,55876.8,0.04,621.38
7777,M22636,2,300.3,311.5,1445,47.3,40,0,0,0,0,0,0,11.199999999999989,305.9,68348.5,0.23,467.33
7778,L54957,1,300.3,311.5,1695,25.6,43,0,0,0,0,0,0,11.199999999999989,305.9,43392.0,0.26,288.72
7779,L54958,1,300.4,311.6,1517,39.0,45,0,0,0,0,0,0,11.200000000000045,306.0,59163.0,0.14,239.1
7780,L54959,1,300.5,311.7,1811,26.8,47,0,0,0,0,0,0,11.199999999999989,306.1,48534.8,0.02,114.01
7781,L54960,1,300.4,311.6,1815,23.5,49,0,0,0,0,0,0,11.200000000000045,306.0,42652.5,0.02,141.25
7782,L54961,1,300.4,311.7,1513,40.0,51,0,0,0,0,0,0,11.300000000000011,306.04999999999995,60520.0,0.18,515.55
7783,M22642,2,300.4,311.6,1518,36.4,53,0,0,0,0,0,0,11.200000000000045,306.0,55255.2,0.28,379.02
7784,L54963,1,300.3,311.5,1667,28.8,56,0,0,0,0,0,0,11.199999999999989,305.9,48009.6,0.12,350.32
7785,L54964,1,300.3,311.5,1403,60.1,58,0,0,0,0,0,0,11.199999999999989,305.9,84320.3,0.2,661.41
7786,L54965,1,300.2,311.5,1383,42.1,60,0,0,0,0,0,0,11.300000000000011,305.85,58224.3,0.16,382.03
7787,L54966,1,300.3,311.5,1466,46.2,62,0,0,0,0,0,0,11.199999999999989,305.9,67729.2,0.27,680.72
7788,L54967,1,300.3,311.5,1378,47.5,64,0,0,0,0,0,0,11.199999999999989,305.9,65455.0,0.25,317.55
7789,M22648,2,300.2,311.5,1547,40.9,66,0,0,0,0,0,0,11.300000000000011,305.85,63272.299999999996,0.06,334.41
7790,L54969,1,300.2,311.5,1495,38.5,69,0,0,0,0,0,0,11.300000000000011,305.85,57557.5,0.2,412.11
7791,L54970,1,300.1,311.4,1729,29.3,71,0,0,0,0,0,0,11.299999999999955,305.75,50659.700000000004,0.25,649.97
7792,L54971,1,300.1,311.4,1418,47.7,73,0,0,0,0,0,0,11.299999999999955,305.75,67638.6,0.28,489.78
7793,H37206,0,300.1,311.4,1485,40.4,75,0,0,0,0,0,0,11.299999999999955,305.75,59994.0,0.18,865.45
7794,L54973,1,300.1,311.5,1434,40.8,80,0,0,0,0,0,0,11.399999999999977,305.8,58507.2,0.05,204.09
7795,M22654,2,300.2,311.6,1415,55.8,82,0,0,0,0,0,0,11.400000000000034,305.9,78957.0,0.17,750.37
7796,H37209,0,300.1,311.6,1674,29.6,85,0,0,0,0,0,0,11.5,305.85,49550.4,0.2,756.74
7797,L54976,1,300.1,311.5,1454,52.4,90,0,0,0,0,0,0,11.399999999999977,305.8,76189.59999999999,0.08,576.48
7798,L54977,1,300.0,311.4,1476,39.0,92,0,0,0,0,0,0,11.399999999999977,305.7,57564.0,0.29,758.16
7799,L54978,1,300.0,311.5,1812,28.3,94,0,0,0,0,0,0,11.5,305.75,51279.6,0.07,818.24
7800,L54979,1,300.0,311.4,1374,41.9,96,0,0,0,0,0,0,11.399999999999977,305.7,57570.6,0.27,1120.64
7801,M22660,2,300.1,311.4,1524,40.6,98,0,0,0,0,0,0,11.299999999999955,305.75,61874.4,0.13,588.91
7802,L54981,1,300.0,311.4,1383,49.6,101,0,0,0,0,0,0,11.399999999999977,305.7,68596.8,0.0,528.67
7803,L54982,1,299.9,311.3,1429,58.2,103,0,0,0,0,0,0,11.400000000000034,305.6,83167.8,0.16,592.14
7804,M22663,2,299.8,311.3,1517,41.2,105,0,0,0,0,0,0,11.5,305.55,62500.4,0.19,539.61
7805,M22664,2,299.9,311.4,1480,44.9,108,0,0,0,0,0,0,11.5,305.65,66452.0,0.26,869.47
7806,L54985,1,299.9,311.4,1706,28.8,111,0,0,0,0,0,0,11.5,305.65,49132.8,0.16,752.44
7807,L54986,1,300.0,311.5,1349,48.6,113,0,0,0,0,0,0,11.5,305.75,65561.40000000001,0.03,353.47
7808,M22667,2,300.0,311.5,1451,49.0,115,0,0,0,0,0,0,11.5,305.75,71099.0,0.28,923.4
7809,L54988,1,299.9,311.4,1627,36.7,118,0,0,0,0,0,0,11.5,305.65,59710.9,0.17,802.47
7810,M22669,2,300.0,311.4,1537,35.4,120,0,0,0,0,0,0,11.399999999999977,305.7,54409.799999999996,0.08,589.81
7811,L54990,1,300.1,311.5,2218,17.0,123,0,0,0,0,0,0,11.399999999999977,305.8,37706.0,0.27,785.02
7812,M22671,2,300.0,311.4,1466,39.0,125,0,0,0,0,0,0,11.399999999999977,305.7,57174.0,0.04,728.57
7813,L54992,1,300.0,311.5,1666,32.0,128,0,0,0,0,0,0,11.5,305.75,53312.0,0.03,911.33
7814,L54993,1,300.0,311.5,1455,41.7,130,0,0,0,0,0,0,11.5,305.75,60673.50000000001,0.16,869.76
7815,L54994,1,300.0,311.4,1927,24.6,132,0,0,0,0,0,0,11.399999999999977,305.7,47404.200000000004,0.19,967.07
7816,M22675,2,299.9,311.3,1703,28.4,134,0,0,0,0,0,0,11.400000000000034,305.6,48365.2,0.15,695.17
7817,L54996,1,299.8,311.2,1533,35.9,137,0,0,0,0,0,0,11.399999999999977,305.5,55034.7,0.28,902.86
7818,H37231,0,299.8,311.3,1785,25.4,139,0,0,0,0,0,0,11.5,305.55,45339.0,0.08,866.2
7819,L54998,1,299.8,311.2,2142,16.6,144,0,0,0,0,0,0,11.399999999999977,305.5,35557.200000000004,0.3,816.25
7820,L54999,1,299.8,311.2,1369,46.2,146,0,0,0,0,0,0,11.399999999999977,305.5,63247.8,0.01,771.08
7821,M22680,2,299.8,311.2,1706,29.2,148,0,0,0,0,0,0,11.399999999999977,305.5,49815.2,0.04,854.01
7822,L55001,1,299.9,311.3,1802,24.4,151,0,0,0,0,0,0,11.400000000000034,305.6,43968.799999999996,0.06,809.22
7823,H37236,0,299.9,311.3,1413,41.8,153,0,0,0,0,0,0,11.400000000000034,305.6,59063.399999999994,0.02,832.91
7824,L55003,1,300.0,311.3,1484,53.2,158,0,0,0,0,0,0,11.300000000000011,305.65,78948.8,0.13,928.67
7825,L55004,1,299.9,311.3,1535,38.1,160,0,0,0,0,0,0,11.400000000000034,305.6,58483.5,0.26,966.68
7826,M22685,2,299.9,311.2,1579,35.5,162,0,0,0,0,0,0,11.300000000000011,305.54999999999995,56054.5,0.25,883.28
7827,L55006,1,299.8,311.1,1300,64.2,165,0,0,0,0,0,0,11.300000000000011,305.45000000000005,83460.0,0.22,1031.45
7828,M22687,2,299.8,311.1,1452,44.3,167,0,0,0,0,0,0,11.300000000000011,305.45000000000005,64323.6,0.0,1030.68
7829,M22688,2,299.8,311.1,1562,35.7,170,0,0,0,0,0,0,11.300000000000011,305.45000000000005,55763.4,0.26,1263.66
7830,L55009,1,299.8,311.2,1664,28.3,173,0,0,0,0,0,0,11.399999999999977,305.5,47091.200000000004,0.12,933.2
7831,H37244,0,299.9,311.2,1495,35.8,175,0,0,0,0,0,0,11.300000000000011,305.54999999999995,53520.99999999999,0.22,1040.08
7832,M22691,2,300.0,311.4,1533,42.6,180,0,0,0,0,0,0,11.399999999999977,305.7,65305.8,0.22,1054.04
7833,L55012,1,300.0,311.4,1484,37.0,183,0,0,0,0,0,0,11.399999999999977,305.7,54908.0,0.05,899.06
7834,L55013,1,300.0,311.4,1604,38.7,185,0,0,0,0,0,0,11.399999999999977,305.7,62074.8,0.15,1118.16
7835,L55014,1,300.0,311.4,1483,45.6,187,0,0,0,0,0,0,11.399999999999977,305.7,67624.8,0.28,1373.62
7836,L55015,1,300.1,311.5,1549,34.7,189,0,0,0,0,0,0,11.399999999999977,305.8,53750.3,0.08,1364.42
7837,L55016,1,300.1,311.4,1604,35.0,191,0,0,0,0,0,0,11.299999999999955,305.75,56140.0,0.21,1040.52
7838,L55017,1,300.2,311.5,1685,31.0,193,0,0,0,0,0,0,11.300000000000011,305.85,52235.0,0.29,1352.68
7839,L55018,1,300.2,311.6,1372,49.2,195,0,0,0,0,0,0,11.400000000000034,305.9,67502.40000000001,0.11,1166.35
7840,L55019,1,300.3,311.6,1374,47.4,197,0,0,0,0,0,0,11.300000000000011,305.95000000000005,65127.6,0.12,1055.54
7841,L55020,1,300.2,311.6,1606,31.0,199,0,0,0,0,0,0,11.400000000000034,305.9,49786.0,0.14,981.1
7842,L55021,1,300.1,311.5,1471,47.2,201,0,0,0,0,0,0,11.399999999999977,305.8,69431.2,0.24,1286.31
7843,L55022,1,300.1,311.5,1659,31.1,203,0,0,0,0,0,0,11.399999999999977,305.8,51594.9,0.13,1462.98
7844,M22703,2,300.1,311.7,1400,48.5,205,0,0,0,0,0,0,11.599999999999966,305.9,67900.0,0.15,1215.36
7845,L55024,1,300.1,311.7,1503,42.6,208,0,0,0,0,0,0,11.599999999999966,305.9,64027.8,0.07,991.92
7846,L55025,1,300.2,311.8,1798,23.2,210,0,0,0,0,0,0,11.600000000000023,306.0,41713.6,0.3,1326.41
7847,M22706,2,300.2,311.6,1608,35.0,212,0,0,0,0,0,0,11.400000000000034,305.9,56280.0,0.27,1158.97
7848,L55027,1,300.2,311.6,1322,50.9,215,0,0,0,0,0,0,11.400000000000034,305.9,67289.8,0.18,1257.78
7849,H37262,0,300.2,311.6,1547,37.7,217,0,0,0,0,0,0,11.400000000000034,305.9,58321.9,0.29,1477.51
7850,M22709,2,300.3,311.7,1374,47.9,222,1,1,0,0,0,0,11.399999999999977,306.0,65814.59999999999,2.47,3476.11
7851,M22710,2,300.3,311.7,1447,36.8,0,0,0,0,0,0,0,11.399999999999977,306.0,53249.6,0.29,0.0
7852,L55031,1,300.4,311.7,1373,47.2,3,0,0,0,0,0,0,11.300000000000011,306.04999999999995,64805.600000000006,0.05,106.53
7853,L55032,1,300.3,311.7,1515,37.5,5,0,0,0,0,0,0,11.399999999999977,306.0,56812.5,0.07,19.77
7854,L55033,1,300.3,311.7,1317,56.5,7,0,0,0,0,0,0,11.399999999999977,306.0,74410.5,0.27,192.4
7855,L55034,1,300.3,311.8,1551,37.2,9,0,0,0,0,0,0,11.5,306.05,57697.200000000004,0.13,61.1
7856,M22715,2,300.3,311.8,1592,32.1,11,0,0,0,0,0,0,11.5,306.05,51103.200000000004,0.11,225.04
7857,L55036,1,300.4,311.8,1433,42.2,14,0,0,0,0,0,0,11.400000000000034,306.1,60472.600000000006,0.23,238.81
7858,L55037,1,300.5,311.9,1432,43.1,16,0,0,0,0,0,0,11.399999999999977,306.2,61719.200000000004,0.19,409.57
7859,L55038,1,300.5,311.9,1350,51.7,18,0,0,0,0,0,0,11.399999999999977,306.2,69795.0,0.1,332.87
7860,M22719,2,300.5,311.9,1370,44.8,20,0,0,0,0,0,0,11.399999999999977,306.2,61375.99999999999,0.12,179.41
7861,L55040,1,300.5,312.0,1415,44.6,23,0,0,0,0,0,0,11.5,306.25,63109.0,0.12,156.87
7862,L55041,1,300.5,312.0,1498,42.9,25,0,0,0,0,0,0,11.5,306.25,64264.2,0.04,184.16
7863,M22722,2,300.5,312.0,1382,54.1,27,0,0,0,0,0,0,11.5,306.25,74766.2,0.07,183.19
7864,M22723,2,300.5,311.9,1511,44.5,30,0,0,0,0,0,0,11.399999999999977,306.2,67239.5,0.16,47.12
7865,L55044,1,300.5,311.9,1330,59.5,33,0,0,0,0,0,0,11.399999999999977,306.2,79135.0,0.23,682.12
7866,L55045,1,300.5,311.9,1383,50.5,35,0,0,0,0,0,0,11.399999999999977,306.2,69841.5,0.13,412.15
7867,L55046,1,300.5,311.9,1431,49.4,37,0,0,0,0,0,0,11.399999999999977,306.2,70691.4,0.12,235.48
7868,L55047,1,300.5,312.0,1461,38.1,39,0,0,0,0,0,0,11.5,306.25,55664.1,0.2,107.54
7869,H37282,0,300.4,311.9,1438,46.7,41,0,0,0,0,0,1,11.5,306.15,67154.6,3.7,3877.94
7870,M22729,2,300.5,312.0,1779,27.7,46,0,0,0,0,0,0,11.5,306.25,49278.299999999996,0.11,251.8
7871,M22730,2,300.6,312.1,1293,52.3,49,0,0,0,0,0,0,11.5,306.35,67623.9,0.06,295.91
7872,L55051,1,300.6,312.2,1308,54.7,52,0,0,0,0,0,0,11.599999999999966,306.4,71547.6,0.2,135.42
7873,L55052,1,300.6,312.3,1532,37.2,54,0,0,0,0,0,0,11.699999999999989,306.45000000000005,56990.4,0.03,229.16
7874,L55053,1,300.7,312.4,1470,38.6,56,0,0,0,0,0,0,11.699999999999989,306.54999999999995,56742.0,0.13,348.3
7875,L55054,1,300.7,312.3,1548,37.9,58,0,0,0,0,0,0,11.600000000000023,306.5,58669.2,0.18,441.16
7876,L55055,1,300.7,312.3,1898,24.0,60,0,0,0,0,0,0,11.600000000000023,306.5,45552.0,0.25,514.57
7877,H37290,0,300.7,312.2,1335,49.0,62,0,0,0,0,0,0,11.5,306.45,65415.0,0.22,537.84
7878,L55057,1,300.7,312.3,1420,53.8,67,0,0,0,0,0,0,11.600000000000023,306.5,76396.0,0.28,843.18
7879,L55058,1,300.7,312.3,1418,49.0,69,0,0,0,0,0,0,11.600000000000023,306.5,69482.0,0.2,467.75
7880,M22739,2,300.8,312.3,1535,40.3,71,0,0,0,0,0,0,11.5,306.55,61860.49999999999,0.1,318.33
7881,H37294,0,300.7,312.4,1457,47.2,74,0,0,0,0,0,0,11.699999999999989,306.54999999999995,68770.40000000001,0.07,180.9
7882,L55061,1,300.8,312.4,1493,39.1,79,0,0,0,0,0,0,11.599999999999966,306.6,58376.3,0.02,338.33
7883,H37296,0,300.7,312.3,1670,27.3,81,0,0,0,0,0,0,11.600000000000023,306.5,45591.0,0.08,274.81
7884,H37297,0,300.7,312.3,1446,45.4,86,0,0,0,0,0,0,11.600000000000023,306.5,65648.4,0.04,614.01
7885,L55064,1,300.8,312.4,1465,59.1,91,1,0,0,1,0,0,11.599999999999966,306.6,86581.5,5.08,5520.58
7886,L55065,1,300.7,312.3,1590,36.3,93,0,0,0,0,0,0,11.600000000000023,306.5,57716.99999999999,0.21,815.92
7887,M22746,2,300.6,312.2,2174,18.5,95,0,0,0,0,0,0,11.599999999999966,306.4,40219.0,0.21,904.85
7888,L55067,1,300.7,312.4,1590,37.9,98,0,0,0,0,0,0,11.699999999999989,306.54999999999995,60261.0,0.1,460.24
7889,L55068,1,300.7,312.3,1577,33.2,100,0,0,0,0,0,0,11.600000000000023,306.5,52356.4,0.15,597.9
7890,M22749,2,300.7,312.4,1371,61.7,102,0,0,0,0,0,0,11.699999999999989,306.54999999999995,84590.7,0.07,779.75
7891,L55070,1,300.8,312.4,1767,25.6,105,0,0,0,0,0,0,11.599999999999966,306.6,45235.200000000004,0.15,703.38
7892,L55071,1,300.8,312.5,1517,39.2,107,0,0,0,0,0,0,11.699999999999989,306.65,59466.4,0.15,763.23
7893,M22752,2,300.9,312.6,1555,40.6,109,0,0,0,0,0,0,11.700000000000045,306.75,63133.0,0.09,789.95
7894,L55073,1,300.9,312.7,1416,43.8,112,0,0,0,0,0,0,11.800000000000011,306.79999999999995,62020.799999999996,0.08,774.48
7895,M22754,2,300.8,312.6,1588,35.6,114,0,0,0,0,0,0,11.800000000000011,306.70000000000005,56532.8,0.29,921.55
7896,L55075,1,300.8,312.6,1422,50.0,117,0,0,0,0,0,0,11.800000000000011,306.70000000000005,71100.0,0.16,954.45
7897,L55076,1,300.8,312.6,1376,53.6,119,0,0,0,0,0,0,11.800000000000011,306.70000000000005,73753.6,0.17,754.76
7898,L55077,1,300.8,312.5,1434,50.7,121,0,0,0,0,0,0,11.699999999999989,306.65,72703.8,0.0,682.91
7899,L55078,1,300.8,312.5,1423,47.3,123,0,0,0,0,0,0,11.699999999999989,306.65,67307.9,0.05,638.49
7900,L55079,1,300.9,312.4,1364,52.5,125,0,0,0,0,0,0,11.5,306.65,71610.0,0.11,888.08
7901,L55080,1,300.8,312.4,1825,23.8,127,0,0,0,0,0,0,11.599999999999966,306.6,43435.0,0.29,819.89
7902,L55081,1,300.8,312.4,1365,44.5,129,0,0,0,0,0,0,11.599999999999966,306.6,60742.5,0.05,442.57
7903,M22762,2,300.7,312.3,1430,47.2,131,0,0,0,0,0,0,11.600000000000023,306.5,67496.0,0.09,843.24
7904,L55083,1,300.8,312.3,1435,44.8,134,0,0,0,0,0,0,11.5,306.55,64287.99999999999,0.3,816.98
7905,M22764,2,300.8,312.4,1811,25.1,136,0,0,0,0,0,0,11.599999999999966,306.6,45456.100000000006,0.14,652.11
7906,M22765,2,300.8,312.4,1465,43.7,139,0,0,0,0,0,0,11.599999999999966,306.6,64020.50000000001,0.1,984.74
7907,L55086,1,300.9,312.4,1372,51.0,142,0,0,0,0,0,0,11.5,306.65,69972.0,0.19,1044.94
7908,L55087,1,300.8,312.3,1858,26.3,144,0,0,0,0,0,0,11.5,306.55,48865.4,0.15,818.62
7909,L55088,1,300.7,312.3,1715,26.8,146,0,0,0,0,0,0,11.600000000000023,306.5,45962.0,0.29,563.18
7910,L55089,1,300.7,312.2,1590,38.5,148,0,0,0,0,0,0,11.5,306.45,61215.0,0.02,839.99
7911,M22770,2,300.8,312.2,1664,25.7,150,0,0,0,0,0,0,11.399999999999977,306.5,42764.799999999996,0.24,1089.38
7912,L55091,1,300.7,312.1,1512,36.9,153,0,0,0,0,0,0,11.400000000000034,306.4,55792.799999999996,0.08,922.52
7913,L55092,1,300.7,312.1,1498,44.0,155,0,0,0,0,0,0,11.400000000000034,306.4,65912.0,0.24,1085.63
7914,L55093,1,300.7,312.1,1395,41.9,157,0,0,0,0,0,0,11.400000000000034,306.4,58450.5,0.25,1007.79
7915,H37328,0,300.7,312.1,1490,43.1,159,0,0,0,0,0,0,11.400000000000034,306.4,64219.0,0.25,983.43
7916,H37329,0,300.8,312.1,1527,35.1,164,0,0,0,0,0,0,11.300000000000011,306.45000000000005,53597.700000000004,0.26,914.08
7917,L55096,1,300.8,312.1,1512,37.1,169,0,0,0,0,0,0,11.300000000000011,306.45000000000005,56095.200000000004,0.22,960.39
7918,L55097,1,300.9,312.1,1474,42.4,171,0,0,0,0,0,0,11.200000000000045,306.5,62497.6,0.04,943.22
7919,L55098,1,300.8,312.1,1505,41.3,173,0,0,0,0,0,0,11.300000000000011,306.45000000000005,62156.49999999999,0.02,935.69
7920,L55099,1,300.8,312.0,1496,40.0,175,0,0,0,0,0,0,11.199999999999989,306.4,59840.0,0.1,1093.47
7921,L55100,1,300.8,312.0,1382,49.3,177,0,0,0,0,0,0,11.199999999999989,306.4,68132.59999999999,0.15,824.04
7922,L55101,1,300.7,311.9,1419,47.7,179,0,0,0,0,0,0,11.199999999999989,306.29999999999995,67686.3,0.09,736.12
7923,L55102,1,300.7,311.9,1462,39.7,181,0,0,0,0,0,0,11.199999999999989,306.29999999999995,58041.4,0.22,1068.04
7924,M22783,2,300.8,312.0,1450,45.0,183,0,0,0,0,0,0,11.199999999999989,306.4,65250.0,0.22,982.01
7925,H37338,0,300.7,311.9,1389,46.5,186,0,0,0,0,0,0,11.199999999999989,306.29999999999995,64588.5,0.29,1247.9
7926,M22785,2,300.7,311.9,1697,28.2,191,0,0,0,0,0,0,11.199999999999989,306.29999999999995,47855.4,0.12,878.52
7927,L55106,1,300.7,311.9,1335,57.1,194,1,0,0,0,1,0,11.199999999999989,306.29999999999995,76228.5,8.01,9157.03
7928,L55107,1,300.7,311.9,1476,42.0,196,0,0,0,0,0,0,11.199999999999989,306.29999999999995,61992.0,0.22,1076.69
7929,L55108,1,300.6,311.7,1497,43.6,198,0,0,0,0,0,0,11.099999999999966,306.15,65269.200000000004,0.3,1528.9
7930,M22789,2,300.6,311.6,1669,29.2,200,0,0,0,0,0,0,11.0,306.1,48734.799999999996,0.23,1308.65
7931,L55110,1,300.6,311.6,1455,48.0,203,0,0,0,0,0,0,11.0,306.1,69840.0,0.09,946.72
7932,L55111,1,300.7,311.7,1499,38.4,205,0,0,0,0,0,0,11.0,306.2,57561.6,0.0,1339.21
7933,L55112,1,300.7,311.8,1478,41.9,207,0,0,0,0,0,0,11.100000000000023,306.25,61928.2,0.29,1364.82
7934,L55113,1,300.8,311.8,1928,21.8,209,0,0,0,0,0,0,11.0,306.3,42030.4,0.21,1279.92
7935,M22794,2,300.8,311.9,1621,28.3,211,0,0,0,0,0,0,11.099999999999966,306.35,45874.3,0.24,1285.22
7936,M22795,2,300.8,311.9,1356,44.3,214,0,0,0,0,0,0,11.099999999999966,306.35,60070.799999999996,0.24,1379.98
7937,L55116,1,300.8,311.7,1490,46.4,217,0,0,0,0,0,0,10.899999999999977,306.25,69136.0,0.22,1383.81
7938,L55117,1,300.8,311.7,1578,31.4,219,0,0,0,0,0,0,10.899999999999977,306.25,49549.2,0.23,1195.25
7939,L55118,1,300.8,311.7,1681,31.3,221,0,0,0,0,0,0,10.899999999999977,306.25,52615.3,0.28,1352.97
7940,L55119,1,300.8,311.8,1417,43.4,223,0,0,0,0,0,0,11.0,306.3,61497.799999999996,0.27,1402.36
7941,M22800,2,300.7,311.7,1532,40.0,0,0,0,0,0,0,0,11.0,306.2,61280.0,0.11,197.41
7942,M22801,2,300.7,311.7,1499,38.9,3,0,0,0,0,0,0,11.0,306.2,58311.1,0.01,114.95
7943,L55122,1,300.8,311.7,1432,45.8,6,0,0,0,0,0,0,10.899999999999977,306.25,65585.59999999999,0.01,64.68
7944,L55123,1,300.8,311.7,1753,29.0,8,0,0,0,0,0,0,10.899999999999977,306.25,50837.0,0.13,87.45
7945,L55124,1,300.8,311.7,1414,49.0,10,0,0,0,0,0,0,10.899999999999977,306.25,69286.0,0.25,209.76
7946,L55125,1,300.8,311.7,1655,32.2,12,0,0,0,0,0,0,10.899999999999977,306.25,53291.00000000001,0.25,131.28
7947,L55126,1,300.8,311.6,1516,35.6,14,0,0,0,0,0,0,10.800000000000011,306.20000000000005,53969.6,0.12,278.89
7948,L55127,1,300.8,311.7,1426,45.5,16,0,0,0,0,0,0,10.899999999999977,306.25,64883.0,0.09,77.6
7949,L55128,1,300.8,311.7,1479,39.4,18,0,0,0,0,0,0,10.899999999999977,306.25,58272.6,0.15,211.24
7950,M22809,2,300.7,311.5,1569,36.4,20,0,0,0,0,0,0,10.800000000000011,306.1,57111.6,0.25,385.66
7951,L55130,1,300.8,311.6,1568,36.0,23,0,0,0,0,0,0,10.800000000000011,306.20000000000005,56448.0,0.19,305.59
7952,M22811,2,300.9,311.8,1843,24.5,25,0,0,0,0,0,0,10.900000000000034,306.35,45153.5,0.04,164.16
7953,M22812,2,300.9,311.9,1480,40.9,28,0,0,0,0,0,0,11.0,306.4,60532.0,0.11,114.26
7954,L55133,1,301.0,312.0,1447,36.8,31,0,0,0,0,0,0,11.0,306.5,53249.6,0.17,365.33
7955,L55134,1,301.0,311.9,1454,41.9,33,0,0,0,0,0,0,10.899999999999977,306.45,60922.6,0.16,278.08
7956,M22815,2,300.9,311.9,1310,56.1,35,0,0,0,0,0,0,11.0,306.4,73491.0,0.25,412.04
7957,H37370,0,300.9,311.9,1513,38.0,38,0,0,0,0,0,0,11.0,306.4,57494.0,0.28,643.7
7958,H37371,0,300.9,311.9,2140,16.5,43,0,0,0,0,0,0,11.0,306.4,35310.0,0.03,320.8
7959,L55138,1,301.0,312.1,1377,49.9,48,0,0,0,0,0,0,11.100000000000023,306.55,68712.3,0.07,224.38
7960,L55139,1,301.0,312.1,1585,32.3,50,0,0,0,0,0,0,11.100000000000023,306.55,51195.49999999999,0.12,347.66
7961,H37374,0,301.1,312.2,1491,42.6,52,0,0,0,0,0,0,11.099999999999966,306.65,63516.6,0.09,589.92
7962,L55141,1,301.0,312.2,1264,59.0,57,0,0,0,0,0,0,11.199999999999989,306.6,74576.0,0.12,358.89
7963,L55142,1,301.0,312.2,1372,47.0,59,0,0,0,0,0,0,11.199999999999989,306.6,64484.0,0.01,310.98
7964,L55143,1,301.0,312.2,1510,39.9,61,0,0,0,0,0,0,11.199999999999989,306.6,60249.0,0.02,424.62
7965,L55144,1,300.9,312.1,1423,40.2,63,0,0,0,0,0,0,11.200000000000045,306.5,57204.600000000006,0.25,597.28
7966,L55145,1,301.1,312.3,1464,35.3,65,0,0,0,0,0,0,11.199999999999989,306.70000000000005,51679.2,0.03,299.08
7967,L55146,1,301.0,312.2,1602,35.9,67,0,0,0,0,0,0,11.199999999999989,306.6,57511.799999999996,0.25,473.49
7968,M22827,2,301.0,312.2,1629,32.6,69,0,0,0,0,0,0,11.199999999999989,306.6,53105.4,0.09,433.49
7969,L55148,1,300.9,312.2,1811,23.2,72,0,0,0,0,0,0,11.300000000000011,306.54999999999995,42015.2,0.09,548.7
7970,L55149,1,300.9,312.1,1711,28.8,74,0,0,0,0,0,0,11.200000000000045,306.5,49276.8,0.03,598.14
7971,M22830,2,300.9,312.1,1297,48.6,76,0,0,0,0,0,0,11.200000000000045,306.5,63034.200000000004,0.0,160.2
7972,L55151,1,301.0,312.1,1405,46.1,79,0,0,0,0,0,0,11.100000000000023,306.55,64770.5,0.11,769.42
7973,L55152,1,301.1,312.2,1397,54.9,81,0,0,0,0,0,0,11.099999999999966,306.65,76695.3,0.25,611.74
7974,L55153,1,301.1,312.3,1682,29.7,83,0,0,0,0,0,0,11.199999999999989,306.70000000000005,49955.4,0.28,833.72
7975,L55154,1,301.2,312.3,1528,38.4,85,0,0,0,0,0,0,11.100000000000023,306.75,58675.2,0.02,334.37
7976,M22835,2,301.2,312.3,1548,38.3,87,0,0,0,0,0,0,11.100000000000023,306.75,59288.399999999994,0.01,203.37
7977,H37390,0,301.2,312.4,1395,47.8,90,0,0,0,0,0,0,11.199999999999989,306.79999999999995,66681.0,0.05,303.06
7978,L55157,1,301.2,312.4,1378,59.0,95,0,0,0,0,0,0,11.199999999999989,306.79999999999995,81302.0,0.23,655.36
7979,L55158,1,301.2,312.4,1480,53.5,97,0,0,0,0,0,0,11.199999999999989,306.79999999999995,79180.0,0.06,623.61
7980,M22839,2,301.2,312.4,1428,36.6,99,0,0,0,0,0,0,11.199999999999989,306.79999999999995,52264.8,0.07,569.68
7981,M22840,2,301.2,312.4,1505,39.6,102,0,0,0,0,0,0,11.199999999999989,306.79999999999995,59598.0,0.27,742.46
7982,L55161,1,301.0,312.3,1445,36.4,105,0,0,0,0,0,0,11.300000000000011,306.65,52598.0,0.26,952.7
7983,L55162,1,301.0,312.3,1488,42.6,107,0,0,0,0,0,0,11.300000000000011,306.65,63388.8,0.2,735.3
7984,L55163,1,301.0,312.2,1601,33.0,109,0,0,0,0,0,0,11.199999999999989,306.6,52833.0,0.05,636.97
7985,L55164,1,301.0,312.3,1550,34.9,111,0,0,0,0,0,0,11.300000000000011,306.65,54095.0,0.11,1131.65
7986,L55165,1,301.0,312.2,1540,34.1,113,0,0,0,0,0,0,11.199999999999989,306.6,52514.0,0.07,633.79
7987,L55166,1,301.1,312.3,1587,34.5,115,0,0,0,0,0,0,11.199999999999989,306.70000000000005,54751.5,0.2,670.62
7988,H37401,0,301.0,312.2,1489,40.3,117,0,0,0,0,0,0,11.199999999999989,306.6,60006.7,0.23,887.14
7989,L55168,1,301.1,312.3,1486,34.9,122,0,0,0,0,0,0,11.199999999999989,306.70000000000005,51861.4,0.04,760.11
7990,L55169,1,301.1,312.4,1430,37.9,124,0,0,0,0,0,0,11.299999999999955,306.75,54197.0,0.27,935.15
7991,M22850,2,301.1,312.4,1809,25.1,126,0,0,0,0,0,0,11.299999999999955,306.75,45405.9,0.14,793.54
7992,L55171,1,301.1,312.3,1534,39.0,129,0,0,0,0,0,0,11.199999999999989,306.70000000000005,59826.0,0.24,1107.33
7993,M22852,2,301.1,312.3,1852,25.9,131,0,0,0,0,0,0,11.199999999999989,306.70000000000005,47966.799999999996,0.02,878.59
7994,L55173,1,301.1,312.3,1595,31.9,134,0,0,0,0,0,0,11.199999999999989,306.70000000000005,50880.5,0.11,762.43
7995,L55174,1,301.0,312.3,1424,43.5,136,0,0,0,0,0,0,11.300000000000011,306.65,61944.0,0.0,583.48
7996,L55175,1,301.0,312.2,1776,28.8,138,0,0,0,0,0,0,11.199999999999989,306.6,51148.8,0.22,974.38
7997,M22856,2,301.0,312.2,1499,41.5,140,0,0,0,0,0,0,11.199999999999989,306.6,62208.5,0.02,622.61
7998,M22857,2,301.0,312.2,2710,9.7,143,1,0,0,1,0,0,11.199999999999989,306.6,26286.999999999996,4.94,5787.77
7999,L55178,1,300.9,312.1,1359,51.7,146,0,0,0,0,0,0,11.200000000000045,306.5,70260.3,0.23,1023.61
8000,M22859,2,300.9,312.1,1617,31.0,148,0,0,0,0,0,0,11.200000000000045,306.5,50127.0,0.22,1360.5
8001,M22860,2,300.8,312.0,1443,53.3,151,0,0,0,0,0,0,11.199999999999989,306.4,76911.9,0.19,1165.99
8002,L55181,1,300.8,312.0,1374,50.2,154,0,0,0,0,0,0,11.199999999999989,306.4,68974.8,0.21,818.19
8003,M22862,2,300.9,312.1,1851,23.0,156,0,0,0,0,0,0,11.200000000000045,306.5,42573.0,0.2,902.18
8004,M22863,2,300.8,312.0,1274,67.3,159,0,0,0,0,0,0,11.199999999999989,306.4,85740.2,0.19,697.91
8005,L55184,1,300.9,312.0,1533,44.0,162,0,0,0,0,0,0,11.100000000000023,306.45,67452.0,0.1,589.34
8006,L55185,1,300.8,312.0,1477,37.3,164,0,0,0,0,0,0,11.199999999999989,306.4,55092.1,0.01,847.07
8007,L55186,1,300.9,312.1,1462,46.0,166,0,0,0,0,0,0,11.200000000000045,306.5,67252.0,0.13,781.14
8008,M22867,2,301.0,312.1,1664,28.4,168,0,0,0,0,0,0,11.100000000000023,306.55,47257.6,0.01,1096.18
8009,L55188,1,300.8,311.9,1414,41.1,171,0,0,0,0,0,0,11.099999999999966,306.35,58115.4,0.14,1168.69
8010,H37423,0,300.9,312.0,2129,17.8,173,0,0,0,0,0,0,11.100000000000023,306.45,37896.200000000004,0.14,964.28
8011,L55190,1,300.8,311.8,1323,61.1,178,0,0,0,0,0,0,11.0,306.3,80835.3,0.05,890.75
8012,L55191,1,300.8,311.8,1427,43.3,180,0,0,0,0,0,0,11.0,306.3,61789.1,0.24,1362.81
8013,M22872,2,300.9,312.0,1375,56.1,182,0,0,0,0,0,0,11.100000000000023,306.45,77137.5,0.21,1377.19
8014,M22873,2,300.9,312.0,1402,50.7,185,0,0,0,0,0,0,11.100000000000023,306.45,71081.40000000001,0.17,955.11
8015,L55194,1,300.9,312.0,1500,44.2,188,0,0,0,0,0,0,11.100000000000023,306.45,66300.0,0.28,1060.82
8016,M22875,2,301.0,312.0,1558,37.5,190,0,0,0,0,0,0,11.0,306.5,58425.0,0.09,994.84
8017,M22876,2,300.9,312.0,1447,41.4,193,0,0,0,0,0,0,11.100000000000023,306.45,59905.799999999996,0.08,1109.68
8018,L55197,1,301.0,312.0,1518,39.3,196,0,0,0,0,0,0,11.0,306.5,59657.399999999994,0.06,962.95
8019,L55198,1,301.0,311.9,1889,23.5,198,0,0,0,0,0,0,10.899999999999977,306.45,44391.5,0.16,1217.83
8020,L55199,1,301.0,312.1,1675,30.7,200,0,0,0,0,0,0,11.100000000000023,306.55,51422.5,0.06,1352.54
8021,H37434,0,300.9,312.0,1720,27.9,202,0,0,0,0,0,0,11.100000000000023,306.45,47988.0,0.26,1059.1
8022,M22881,2,301.0,312.0,1499,34.6,207,0,0,0,0,0,0,11.0,306.5,51865.4,0.09,1058.15
8023,L55202,1,300.9,312.0,1441,43.8,210,0,0,0,0,0,0,11.100000000000023,306.45,63115.799999999996,0.15,991.95
8024,H37437,0,300.9,312.0,1397,42.7,212,0,0,0,0,0,0,11.100000000000023,306.45,59651.9,0.16,1094.51
8025,L55204,1,300.9,312.0,1493,38.7,217,0,0,0,0,0,0,11.100000000000023,306.45,57779.100000000006,0.09,1130.8
8026,M22885,2,300.8,312.0,1422,50.7,219,0,0,0,0,0,0,11.199999999999989,306.4,72095.40000000001,0.22,1205.92
8027,L55206,1,300.7,311.9,1399,50.2,222,1,0,0,0,1,0,11.199999999999989,306.29999999999995,70229.8,8.76,9948.0
8028,L55207,1,300.6,311.9,1425,44.9,224,0,0,0,0,0,0,11.299999999999955,306.25,63982.5,0.23,1372.64
8029,L55208,1,300.6,311.8,1501,44.8,226,0,0,0,0,0,0,11.199999999999989,306.20000000000005,67244.8,0.18,1354.85
8030,M22889,2,300.6,311.9,1629,35.3,0,0,0,0,0,0,0,11.299999999999955,306.25,57503.7,0.14,94.0
8031,L55210,1,300.6,312.0,1490,42.2,3,0,0,0,0,0,0,11.399999999999977,306.3,62878.00000000001,0.13,112.81
8032,L55211,1,300.7,312.0,1550,32.4,5,0,0,0,0,0,0,11.300000000000011,306.35,50220.0,0.21,182.4
8033,L55212,1,300.8,312.0,1416,46.5,7,0,0,0,0,0,0,11.199999999999989,306.4,65844.0,0.11,107.7
8034,L55213,1,300.7,311.9,1485,38.8,9,0,0,0,0,0,0,11.199999999999989,306.29999999999995,57617.99999999999,0.13,237.85
8035,L55214,1,300.7,311.8,1564,36.8,11,0,0,0,0,0,0,11.100000000000023,306.25,57555.2,0.05,0.0
8036,L55215,1,300.7,311.7,1910,19.7,13,0,0,0,0,0,0,11.0,306.2,37627.0,0.2,308.19
8037,L55216,1,300.7,311.7,1460,46.1,15,0,0,0,0,0,0,11.0,306.2,67306.0,0.02,0.0
8038,L55217,1,300.7,311.8,1603,34.1,17,0,0,0,0,0,0,11.100000000000023,306.25,54662.3,0.3,334.17
8039,L55218,1,300.7,311.8,1486,47.3,19,0,0,0,0,0,0,11.100000000000023,306.25,70287.8,0.04,0.0
8040,L55219,1,300.8,311.9,1560,31.8,21,0,0,0,0,0,0,11.099999999999966,306.35,49608.0,0.11,161.2
8041,L55220,1,300.8,311.9,1498,39.3,23,0,0,0,0,0,0,11.099999999999966,306.35,58871.399999999994,0.07,226.68
8042,H37455,0,300.8,311.9,1431,48.5,25,0,0,0,0,0,0,11.099999999999966,306.35,69403.5,0.09,283.56
8043,L55222,1,300.8,311.9,1486,45.1,30,0,0,0,0,0,0,11.099999999999966,306.35,67018.6,0.1,72.05
8044,L55223,1,300.7,311.9,1486,35.8,32,0,0,0,0,0,0,11.199999999999989,306.29999999999995,53198.799999999996,0.22,441.33
8045,L55224,1,300.7,311.8,1441,38.1,34,0,0,0,0,0,0,11.100000000000023,306.25,54902.1,0.05,390.97
8046,M22905,2,300.7,311.9,1366,55.1,36,0,0,0,0,0,0,11.199999999999989,306.29999999999995,75266.6,0.08,185.95
8047,L55226,1,300.6,311.8,1471,41.4,39,0,0,0,0,0,0,11.199999999999989,306.20000000000005,60899.4,0.03,225.14
8048,L55227,1,300.6,311.9,1463,38.2,41,0,0,0,0,0,0,11.299999999999955,306.25,55886.600000000006,0.1,0.0
8049,L55228,1,300.6,311.9,1413,41.3,43,0,0,0,0,0,0,11.299999999999955,306.25,58356.899999999994,0.28,360.44
8050,H37463,0,300.6,311.9,1604,30.5,45,0,0,0,0,0,0,11.299999999999955,306.25,48922.0,0.11,375.58
8051,L55230,1,300.7,312.0,1401,51.1,50,0,0,0,0,0,0,11.300000000000011,306.35,71591.1,0.23,623.32
8052,L55231,1,300.6,311.8,1652,27.2,52,0,0,0,0,0,0,11.199999999999989,306.20000000000005,44934.4,0.14,310.11
8053,L55232,1,300.5,311.9,1403,45.7,54,0,0,0,0,0,0,11.399999999999977,306.2,64117.100000000006,0.13,800.41
8054,L55233,1,300.5,311.9,1887,21.7,56,0,0,0,0,0,0,11.399999999999977,306.2,40947.9,0.25,577.08
8055,L55234,1,300.4,311.8,1405,47.9,58,0,0,0,0,0,0,11.400000000000034,306.1,67299.5,0.01,109.0
8056,H37469,0,300.2,311.6,1496,41.1,60,0,0,0,0,0,0,11.400000000000034,305.9,61485.6,0.26,753.08
8057,L55236,1,300.1,311.5,1499,43.4,65,0,0,0,0,0,0,11.399999999999977,305.8,65056.6,0.15,287.06
8058,L55237,1,300.2,311.5,1549,37.2,67,0,0,0,0,0,0,11.300000000000011,305.85,57622.8,0.11,494.26
8059,L55238,1,300.3,311.6,1515,44.9,69,0,0,0,0,0,0,11.300000000000011,305.95000000000005,68023.5,0.27,475.61
8060,L55239,1,300.2,311.6,1540,37.7,71,0,0,0,0,0,0,11.400000000000034,305.9,58058.00000000001,0.1,251.38
8061,H37474,0,300.2,311.5,1426,44.3,73,0,0,0,0,0,0,11.300000000000011,305.85,63171.799999999996,0.29,799.32
8062,M22921,2,300.2,311.6,1465,41.4,78,0,0,0,0,0,0,11.400000000000034,305.9,60651.0,0.28,631.03
8063,M22922,2,300.3,311.6,1359,54.1,81,0,0,0,0,0,0,11.300000000000011,305.95000000000005,73521.90000000001,0.08,743.85
8064,M22923,2,300.3,311.7,1551,36.4,84,0,0,0,0,0,0,11.399999999999977,306.0,56456.399999999994,0.1,367.31
8065,L55244,1,300.5,311.8,1596,34.8,87,0,0,0,0,0,0,11.300000000000011,306.15,55540.799999999996,0.24,441.05
8066,M22925,2,300.5,311.9,1670,26.3,89,0,0,0,0,0,0,11.399999999999977,306.2,43921.0,0.06,433.05
8067,L55246,1,300.4,311.9,1868,21.3,92,0,0,0,0,0,0,11.5,306.15,39788.4,0.22,1113.58
8068,M22927,2,300.6,312.0,1490,39.8,94,0,0,0,0,0,0,11.399999999999977,306.3,59301.99999999999,0.04,635.09
8069,M22928,2,300.5,311.9,1676,35.2,97,0,0,0,0,0,0,11.399999999999977,306.2,58995.200000000004,0.06,628.08
8070,M22929,2,300.5,311.9,1875,22.1,100,0,0,0,0,0,0,11.399999999999977,306.2,41437.5,0.15,738.04
8071,M22930,2,300.5,312.0,1867,23.0,103,0,0,0,0,0,0,11.5,306.25,42941.0,0.22,662.27
8072,L55251,1,300.5,312.0,1646,29.5,106,0,0,0,0,0,0,11.5,306.25,48557.0,0.22,1159.4
8073,H37486,0,300.5,312.0,1375,43.2,108,0,0,0,0,0,0,11.5,306.25,59400.00000000001,0.18,788.71
8074,L55253,1,300.5,312.0,1558,36.7,113,0,0,0,0,0,0,11.5,306.25,57178.600000000006,0.08,699.65
8075,L55254,1,300.4,312.0,1631,34.9,115,0,0,0,0,0,0,11.600000000000023,306.2,56921.899999999994,0.12,842.73
8076,L55255,1,300.4,312.0,1366,43.0,117,0,0,0,0,0,0,11.600000000000023,306.2,58738.0,0.07,464.01
8077,L55256,1,300.3,311.8,1360,48.0,119,0,0,0,0,0,0,11.5,306.05,65280.0,0.08,543.1
8078,L55257,1,300.3,311.8,1547,39.7,121,0,0,0,0,0,0,11.5,306.05,61415.9,0.1,668.17
8079,L55258,1,300.3,311.7,1571,31.2,123,0,0,0,0,0,0,11.399999999999977,306.0,49015.2,0.18,943.7
8080,L55259,1,300.2,311.5,1528,36.1,125,0,0,0,0,0,0,11.300000000000011,305.85,55160.8,0.06,490.29
8081,H37494,0,300.2,311.5,1432,43.6,127,0,0,0,0,0,0,11.300000000000011,305.85,62435.200000000004,0.01,634.9
8082,L55261,1,300.2,311.6,1356,53.5,132,0,0,0,0,0,0,11.400000000000034,305.9,72546.0,0.21,838.67
8083,H37496,0,300.1,311.5,1422,46.2,134,0,0,0,0,0,0,11.399999999999977,305.8,65696.40000000001,0.01,443.84
8084,L55263,1,300.1,311.4,1438,42.2,139,0,0,0,0,0,0,11.299999999999955,305.75,60683.600000000006,0.29,908.66
8085,L55264,1,300.2,311.4,1483,44.4,141,0,0,0,0,0,0,11.199999999999989,305.79999999999995,65845.2,0.11,896.34
8086,L55265,1,300.2,311.4,1331,49.8,143,0,0,0,0,0,0,11.199999999999989,305.79999999999995,66283.8,0.0,492.51
8087,L55266,1,300.2,311.4,1463,37.5,145,0,0,0,0,0,0,11.199999999999989,305.79999999999995,54862.5,0.27,1206.7
8088,L55267,1,300.1,311.4,1446,40.6,147,0,0,0,0,0,0,11.299999999999955,305.75,58707.6,0.18,985.21
8089,L55268,1,300.1,311.4,1356,45.7,149,0,0,0,0,0,0,11.299999999999955,305.75,61969.200000000004,0.25,1046.9
8090,L55269,1,300.1,311.3,1676,30.3,151,0,0,0,0,0,0,11.199999999999989,305.70000000000005,50782.8,0.13,886.23
8091,L55270,1,300.1,311.4,1910,23.0,153,0,0,0,0,0,0,11.299999999999955,305.75,43930.0,0.11,711.15
8092,L55271,1,300.2,311.6,1375,56.9,155,0,0,0,0,0,0,11.400000000000034,305.9,78237.5,0.2,877.55
8093,M22952,2,300.2,311.6,1513,40.8,157,0,0,0,0,0,0,11.400000000000034,305.9,61730.399999999994,0.12,959.28
8094,L55273,1,300.2,311.6,1511,35.7,160,0,0,0,0,0,0,11.400000000000034,305.9,53942.700000000004,0.17,872.25
8095,H37508,0,300.2,311.6,1662,28.8,162,0,0,0,0,0,0,11.400000000000034,305.9,47865.6,0.08,918.31
8096,L55275,1,300.2,311.7,1493,48.3,167,0,0,0,0,0,0,11.5,305.95,72111.9,0.1,800.17
8097,M22956,2,300.2,311.7,1555,37.4,169,0,0,0,0,0,0,11.5,305.95,58157.0,0.02,932.71
8098,L55277,1,300.3,311.7,1452,41.5,172,0,0,0,0,0,0,11.399999999999977,306.0,60258.0,0.23,1168.91
8099,L55278,1,300.2,311.6,1500,39.0,174,0,0,0,0,0,0,11.400000000000034,305.9,58500.0,0.1,725.85
8100,L55279,1,300.2,311.7,1603,30.5,176,0,0,0,0,0,0,11.5,305.95,48891.5,0.29,1180.1
8101,L55280,1,300.3,311.7,1682,27.8,178,0,0,0,0,0,0,11.399999999999977,306.0,46759.6,0.08,741.75
8102,L55281,1,300.3,311.8,1567,37.7,180,0,0,0,0,0,0,11.5,306.05,59075.9,0.14,760.84
8103,L55282,1,300.3,311.8,1413,46.0,182,0,0,0,0,0,0,11.5,306.05,64998.0,0.09,910.92
8104,M22963,2,300.3,311.9,1429,41.6,184,0,0,0,0,0,0,11.599999999999966,306.1,59446.4,0.21,1549.54
8105,L55284,1,300.3,311.9,1692,31.5,187,0,0,0,0,0,0,11.599999999999966,306.1,53298.0,0.24,1291.31
8106,L55285,1,300.4,311.9,1476,48.7,189,0,0,0,0,0,0,11.5,306.15,71881.2,0.15,1303.82
8107,M22966,2,300.4,312.0,1596,30.4,191,0,0,0,0,0,0,11.600000000000023,306.2,48518.399999999994,0.11,1156.26
8108,H37521,0,300.3,311.9,1390,49.0,194,0,0,0,0,0,0,11.599999999999966,306.1,68110.0,0.22,1220.82
8109,M22968,2,300.3,311.8,1607,33.7,199,0,0,0,0,0,0,11.5,306.05,54155.9,0.06,1189.31
8110,L55289,1,300.3,311.7,1821,26.3,202,0,0,0,0,0,0,11.399999999999977,306.0,47892.3,0.18,1094.06
8111,H37524,0,300.3,311.8,2141,18.5,204,0,0,0,0,0,0,11.5,306.05,39608.5,0.22,1310.58
8112,M22971,2,300.4,311.8,1553,33.1,209,1,1,0,0,0,0,11.400000000000034,306.1,51404.3,2.59,3811.56
8113,M22972,2,300.4,311.8,1442,45.1,0,0,0,0,0,0,0,11.400000000000034,306.1,65034.200000000004,0.2,304.91
8114,L55293,1,300.4,311.7,1459,45.6,3,0,0,0,0,0,0,11.300000000000011,306.04999999999995,66530.40000000001,0.22,421.42
8115,H37528,0,300.4,311.8,2496,13.5,5,0,0,0,0,0,0,11.400000000000034,306.1,33696.0,0.04,92.39
8116,L55295,1,300.4,311.8,1367,57.2,10,0,0,0,0,0,0,11.400000000000034,306.1,78192.40000000001,0.1,403.81
8117,L55296,1,300.3,311.8,2004,19.6,12,0,0,0,0,0,0,11.5,306.05,39278.4,0.12,148.77
8118,L55297,1,300.3,311.7,1406,47.5,14,0,0,0,0,0,0,11.399999999999977,306.0,66785.0,0.23,617.65
8119,L55298,1,300.3,311.8,1548,33.0,16,0,0,0,0,0,0,11.5,306.05,51084.0,0.17,336.04
8120,L55299,1,300.3,311.7,1333,55.2,18,0,0,0,0,0,0,11.399999999999977,306.0,73581.6,0.13,162.41
8121,L55300,1,300.2,311.6,1767,26.4,20,0,0,0,0,0,0,11.400000000000034,305.9,46648.799999999996,0.1,23.13
8122,L55301,1,300.2,311.6,1827,27.0,22,0,0,0,0,0,0,11.400000000000034,305.9,49329.0,0.0,0.0
8123,M22982,2,300.2,311.6,1533,46.4,24,0,0,0,0,0,0,11.400000000000034,305.9,71131.2,0.01,0.0
8124,H37537,0,300.2,311.5,1515,36.8,27,0,0,0,0,0,0,11.300000000000011,305.85,55751.99999999999,0.07,191.69
8125,L55304,1,300.2,311.4,1568,41.0,32,0,0,0,0,0,0,11.199999999999989,305.79999999999995,64288.0,0.04,8.91
8126,L55305,1,300.2,311.4,1452,47.8,34,0,0,0,0,0,0,11.199999999999989,305.79999999999995,69405.59999999999,0.04,403.91
8127,L55306,1,300.2,311.4,1433,37.9,36,0,0,0,0,0,0,11.199999999999989,305.79999999999995,54310.7,0.18,376.61
8128,M22987,2,300.1,311.3,1650,33.8,38,0,0,0,0,0,0,11.199999999999989,305.70000000000005,55769.99999999999,0.18,380.52
8129,L55308,1,300.1,311.4,1629,31.3,41,0,0,0,0,0,0,11.299999999999955,305.75,50987.700000000004,0.01,40.19
8130,L55309,1,300.0,311.3,1520,39.2,43,0,0,0,0,0,0,11.300000000000011,305.65,59584.00000000001,0.18,279.64
8131,H37544,0,300.0,311.2,1393,43.1,45,0,0,0,0,0,0,11.199999999999989,305.6,60038.3,0.04,0.0
8132,H37545,0,299.9,311.2,1364,49.6,50,0,0,0,0,0,0,11.300000000000011,305.54999999999995,67654.40000000001,0.11,602.67
8133,M22992,2,299.9,311.3,1389,50.0,55,0,0,0,0,0,0,11.400000000000034,305.6,69450.0,0.3,362.34
8134,L55313,1,299.8,311.1,1466,46.1,58,0,0,0,0,0,0,11.300000000000011,305.45000000000005,67582.6,0.16,248.71
8135,L55314,1,299.7,311.1,1650,32.4,60,0,0,0,0,0,0,11.400000000000034,305.4,53460.0,0.01,521.98
8136,L55315,1,299.6,311.0,1554,36.3,62,0,0,0,0,0,0,11.399999999999977,305.3,56410.2,0.1,468.13
8137,M22996,2,299.6,310.9,1474,39.7,64,0,0,0,0,0,0,11.299999999999955,305.25,58517.8,0.2,538.11
8138,H37551,0,299.5,310.8,1600,32.4,67,0,0,0,0,0,0,11.300000000000011,305.15,51840.0,0.07,456.04
8139,L55318,1,299.5,310.8,1356,54.9,72,0,0,0,0,0,0,11.300000000000011,305.15,74444.4,0.29,793.09
8140,L55319,1,299.5,310.8,1571,38.2,74,0,0,0,0,0,0,11.300000000000011,305.15,60012.200000000004,0.13,514.98
8141,L55320,1,299.6,310.9,1658,28.0,76,0,0,0,0,0,0,11.299999999999955,305.25,46424.0,0.01,158.47
8142,L55321,1,299.6,310.8,1393,49.9,78,0,0,0,0,0,0,11.199999999999989,305.20000000000005,69510.7,0.16,659.98
8143,M23002,2,299.7,311.0,1448,49.8,80,0,0,0,0,0,0,11.300000000000011,305.35,72110.4,0.2,663.35
8144,L55323,1,299.7,310.9,1477,40.4,83,0,0,0,0,0,0,11.199999999999989,305.29999999999995,59670.799999999996,0.14,730.73
8145,M23004,2,299.7,311.0,1506,42.7,85,0,0,0,0,0,0,11.300000000000011,305.35,64306.200000000004,0.28,517.64
8146,M23005,2,299.7,310.9,1685,32.1,88,0,0,0,0,0,0,11.199999999999989,305.29999999999995,54088.5,0.27,600.6
8147,L55326,1,299.6,310.9,1533,31.8,91,0,0,0,0,0,0,11.299999999999955,305.25,48749.4,0.04,553.81
8148,L55327,1,299.5,310.8,1447,41.0,93,0,0,0,0,0,0,11.300000000000011,305.15,59327.0,0.02,343.32
8149,M23008,2,299.5,310.7,1488,39.5,95,0,0,0,0,0,0,11.199999999999989,305.1,58776.0,0.09,212.07
8150,M23009,2,299.6,310.8,1427,50.4,98,0,0,0,0,0,0,11.199999999999989,305.20000000000005,71920.8,0.18,699.6
8151,M23010,2,299.5,310.7,1424,41.3,101,0,0,0,0,0,0,11.199999999999989,305.1,58811.2,0.18,819.25
8152,L55331,1,299.5,310.7,1472,40.9,104,0,0,0,0,0,0,11.199999999999989,305.1,60204.799999999996,0.08,580.66
8153,L55332,1,299.5,310.7,1438,45.7,106,0,0,0,0,0,0,11.199999999999989,305.1,65716.6,0.29,902.22
8154,L55333,1,299.6,310.8,1507,42.4,108,0,0,0,0,0,0,11.199999999999989,305.20000000000005,63896.799999999996,0.09,690.51
8155,L55334,1,299.6,310.7,1393,52.1,110,0,0,0,0,0,0,11.099999999999966,305.15,72575.3,0.24,791.57
8156,L55335,1,299.5,310.8,1283,52.4,112,0,0,0,0,0,0,11.300000000000011,305.15,67229.2,0.25,830.39
8157,L55336,1,299.6,310.8,1644,30.9,114,0,0,0,0,0,0,11.199999999999989,305.20000000000005,50799.6,0.03,802.37
8158,L55337,1,299.6,310.8,1498,46.9,116,0,0,0,0,0,0,11.199999999999989,305.20000000000005,70256.2,0.07,505.36
8159,L55338,1,299.6,310.8,1400,40.8,118,0,0,0,0,0,0,11.199999999999989,305.20000000000005,57119.99999999999,0.06,765.96
8160,H37573,0,299.6,310.9,1679,31.2,120,0,0,0,0,0,0,11.299999999999955,305.25,52384.799999999996,0.28,702.87
8161,M23020,2,299.7,311.1,1618,30.3,125,0,0,0,0,0,0,11.400000000000034,305.4,49025.4,0.11,615.78
8162,H37575,0,299.6,311.0,1714,30.2,128,0,0,0,0,0,0,11.399999999999977,305.3,51762.799999999996,0.25,1069.39
8163,L55342,1,299.6,311.0,1574,35.0,133,0,0,0,0,0,0,11.399999999999977,305.3,55090.0,0.14,623.53
8164,L55343,1,299.7,311.1,1574,36.4,135,0,0,0,0,0,0,11.400000000000034,305.4,57293.6,0.14,778.76
8165,L55344,1,299.6,310.9,1472,40.9,137,0,0,0,0,0,0,11.299999999999955,305.25,60204.799999999996,0.27,1309.2
8166,L55345,1,299.6,311.0,1552,33.2,139,0,0,0,0,0,0,11.399999999999977,305.3,51526.4,0.13,978.83
8167,L55346,1,299.7,311.1,1603,31.4,141,0,0,0,0,0,0,11.400000000000034,305.4,50334.2,0.22,814.42
8168,H37581,0,299.7,311.1,1353,47.1,143,0,0,0,0,0,0,11.400000000000034,305.4,63726.3,0.13,760.13
8169,L55348,1,299.7,311.1,1690,30.6,148,0,0,0,0,0,0,11.400000000000034,305.4,51714.0,0.03,744.48
8170,M23029,2,299.8,311.2,1745,26.3,150,0,0,0,0,0,0,11.399999999999977,305.5,45893.5,0.02,966.79
8171,L55350,1,299.9,311.3,1522,45.7,153,0,0,0,0,0,0,11.400000000000034,305.6,69555.40000000001,0.06,674.75
8172,H37585,0,300.0,311.4,1641,34.5,155,0,0,0,0,0,0,11.399999999999977,305.7,56614.5,0.22,835.67
8173,L55352,1,299.9,311.4,1596,28.9,160,0,0,0,0,0,0,11.5,305.65,46124.399999999994,0.11,1017.0
8174,H37587,0,299.9,311.4,1497,37.0,162,0,0,0,0,0,0,11.5,305.65,55389.0,0.14,697.83
8175,L55354,1,299.9,311.3,1371,52.3,167,0,0,0,0,0,0,11.400000000000034,305.6,71703.3,0.03,728.34
8176,M23035,2,299.9,311.3,1445,41.2,169,0,0,0,0,0,0,11.400000000000034,305.6,59534.00000000001,0.19,1022.24
8177,L55356,1,299.8,311.2,1564,40.0,172,0,0,0,0,0,0,11.399999999999977,305.5,62560.0,0.24,1094.93
8178,L55357,1,299.7,311.1,1439,44.9,174,0,0,0,0,0,0,11.400000000000034,305.4,64611.1,0.19,855.31
8179,L55358,1,299.7,311.2,1352,52.1,176,0,0,0,0,0,0,11.5,305.45,70439.2,0.3,1233.06
8180,L55359,1,299.8,311.3,1560,35.4,178,0,0,0,0,0,0,11.5,305.55,55224.0,0.0,973.06
8181,M23040,2,299.7,311.2,1616,42.3,180,0,0,0,0,0,0,11.5,305.45,68356.79999999999,0.0,800.63
8182,L55361,1,299.7,311.2,1835,23.7,183,0,0,0,0,0,0,11.5,305.45,43489.5,0.15,1314.11
8183,M23042,2,299.7,311.1,1649,32.7,185,0,0,0,0,0,0,11.400000000000034,305.4,53922.3,0.08,1055.94
8184,L55363,1,299.8,311.1,1452,47.3,188,0,0,0,0,0,0,11.300000000000011,305.45000000000005,68679.59999999999,0.21,999.27
8185,L55364,1,299.8,311.1,2144,17.7,190,0,0,0,0,0,0,11.300000000000011,305.45000000000005,37948.799999999996,0.24,1433.12
8186,L55365,1,299.7,311.1,1554,41.0,192,0,0,0,0,0,0,11.400000000000034,305.4,63714.0,0.03,911.5
8187,L55366,1,299.7,311.0,1827,25.4,194,0,0,0,0,0,0,11.300000000000011,305.35,46405.799999999996,0.28,1276.83
8188,L55367,1,299.6,310.9,1448,46.3,196,0,0,0,0,0,0,11.299999999999955,305.25,67042.4,0.01,916.98
8189,M23048,2,299.6,310.9,1530,38.8,198,0,0,0,0,0,0,11.299999999999955,305.25,59363.99999999999,0.21,1293.62
8190,L55369,1,299.7,311.0,1983,21.0,201,0,0,0,0,0,0,11.300000000000011,305.35,41643.0,0.12,1052.77
8191,M23050,2,299.7,310.9,1620,37.2,203,0,0,0,0,0,0,11.199999999999989,305.29999999999995,60264.00000000001,0.2,1151.87
8192,M23051,2,299.6,310.9,1630,29.8,206,0,0,0,0,0,0,11.299999999999955,305.25,48574.0,0.03,1036.0
8193,L55372,1,299.6,310.9,1229,65.2,209,1,0,0,0,1,0,11.299999999999955,305.25,80130.8,8.45,9419.71
8194,L55373,1,299.5,310.8,1873,22.3,211,0,0,0,0,0,0,11.300000000000011,305.15,41767.9,0.28,1495.77
8195,L55374,1,299.4,310.7,1426,45.7,213,0,0,0,0,0,0,11.300000000000011,305.04999999999995,65168.200000000004,0.16,1036.33
8196,L55375,1,299.4,310.8,1376,53.9,215,1,0,0,0,1,0,11.400000000000034,305.1,74166.4,7.5,8569.43
8197,L55376,1,299.4,310.8,1622,33.6,217,0,0,0,0,0,0,11.400000000000034,305.1,54499.200000000004,0.19,1288.42
8198,M23057,2,299.4,310.7,1492,45.7,219,0,0,0,0,0,0,11.300000000000011,305.04999999999995,68184.40000000001,0.17,1246.3
8199,M23058,2,299.3,310.7,1374,48.9,222,0,0,0,0,0,0,11.399999999999977,305.0,67188.59999999999,0.16,1415.24
8200,L55379,1,299.2,310.7,1737,27.0,225,1,1,0,0,0,0,11.5,304.95,46899.0,2.04,2939.41
8201,L55380,1,299.3,310.8,1426,42.4,0,0,0,0,0,0,0,11.5,305.05,60462.4,0.26,345.19
8202,M23061,2,299.3,310.9,1826,25.1,2,0,0,0,0,0,0,11.599999999999966,305.1,45832.600000000006,0.18,3.26
8203,L55382,1,299.3,310.9,1669,32.4,5,0,0,0,0,0,0,11.599999999999966,305.1,54075.6,0.06,8.68
8204,M23063,2,299.4,310.9,1473,40.1,7,0,0,0,0,0,0,11.5,305.15,59067.3,0.27,102.85
8205,L55384,1,299.4,310.9,1751,27.8,10,0,0,0,0,0,0,11.5,305.15,48677.8,0.06,60.19
8206,M23065,2,299.4,310.9,1446,47.3,12,0,0,0,0,0,0,11.5,305.15,68395.8,0.05,23.27
8207,L55386,1,299.3,310.8,1483,43.5,15,0,0,0,0,0,0,11.5,305.05,64510.5,0.3,620.74
8208,L55387,1,299.2,310.7,1535,42.6,17,0,0,0,0,0,0,11.5,304.95,65391.0,0.06,181.2
8209,L55388,1,299.2,310.7,1477,44.0,19,0,0,0,0,0,0,11.5,304.95,64988.0,0.03,190.97
8210,L55389,1,299.3,310.8,1391,46.9,21,0,0,0,0,0,0,11.5,305.05,65237.9,0.17,108.87
8211,H37624,0,299.2,310.7,1636,29.4,23,0,0,0,0,0,0,11.5,304.95,48098.399999999994,0.25,476.01
8212,L55391,1,299.2,310.6,1675,33.3,28,0,0,0,0,0,0,11.400000000000034,304.9,55777.49999999999,0.02,405.73
8213,H37626,0,299.2,310.5,1329,48.9,30,0,0,0,0,0,0,11.300000000000011,304.85,64988.1,0.15,430.49
8214,M23073,2,299.2,310.5,1548,33.5,35,0,0,0,0,0,0,11.300000000000011,304.85,51858.0,0.02,0.0
8215,L55394,1,299.2,310.5,1391,45.8,38,0,0,0,0,0,0,11.300000000000011,304.85,63707.799999999996,0.13,250.38
8216,L55395,1,299.1,310.5,1437,43.1,40,0,0,0,0,0,0,11.399999999999977,304.8,61934.700000000004,0.1,316.27
8217,L55396,1,299.2,310.6,1370,61.9,42,0,0,0,0,0,0,11.400000000000034,304.9,84803.0,0.04,163.43
8218,L55397,1,299.1,310.6,1577,37.1,44,0,0,0,0,0,0,11.5,304.85,58506.700000000004,0.28,879.95
8219,L55398,1,299.1,310.5,1485,37.8,46,0,0,0,0,0,0,11.399999999999977,304.8,56132.99999999999,0.19,347.66
8220,L55399,1,299.0,310.4,1504,34.3,48,0,0,0,0,0,0,11.399999999999977,304.7,51587.2,0.25,483.5
8221,M23080,2,298.9,310.3,1551,35.2,50,0,0,0,0,0,0,11.400000000000034,304.6,54595.200000000004,0.27,429.97
8222,M23081,2,299.1,310.5,1428,43.0,53,0,0,0,0,0,0,11.399999999999977,304.8,61404.0,0.28,579.75
8223,L55402,1,299.0,310.5,1755,27.9,56,0,0,0,0,0,0,11.5,304.75,48964.5,0.22,707.35
8224,L55403,1,299.1,310.5,1329,54.9,58,0,0,0,0,0,0,11.399999999999977,304.8,72962.09999999999,0.09,397.23
8225,L55404,1,299.1,310.5,1496,35.2,60,0,0,0,0,0,0,11.399999999999977,304.8,52659.200000000004,0.25,517.15
8226,L55405,1,299.1,310.5,1532,36.6,62,0,0,0,0,0,0,11.399999999999977,304.8,56071.200000000004,0.16,308.91
8227,L55406,1,299.1,310.5,1389,61.4,64,0,0,0,0,0,0,11.399999999999977,304.8,85284.59999999999,0.08,581.33
8228,M23087,2,299.1,310.4,1524,51.4,66,0,0,0,0,0,0,11.299999999999955,304.75,78333.59999999999,0.12,428.45
8229,M23088,2,299.1,310.4,1422,49.3,69,0,0,0,0,0,0,11.299999999999955,304.75,70104.59999999999,0.09,407.0
8230,L55409,1,299.1,310.5,1739,27.4,72,0,0,0,0,0,0,11.399999999999977,304.8,47648.6,0.14,149.16
8231,L55410,1,299.1,310.5,1736,26.9,74,0,0,0,0,0,0,11.399999999999977,304.8,46698.399999999994,0.23,580.92
8232,L55411,1,299.1,310.5,1419,48.8,76,0,0,0,0,0,0,11.399999999999977,304.8,69247.2,0.15,469.83
8233,L55412,1,299.1,310.6,1326,49.7,78,0,0,0,0,0,0,11.5,304.85,65902.2,0.08,196.1
8234,M23093,2,299.1,310.6,1449,43.2,80,0,0,0,0,0,0,11.5,304.85,62596.8,0.03,578.44
8235,L55414,1,299.2,310.6,1534,39.7,83,0,0,0,0,0,0,11.400000000000034,304.9,60899.8,0.26,594.71
8236,M23095,2,299.2,310.6,1443,50.9,85,0,0,0,0,0,0,11.400000000000034,304.9,73448.7,0.13,839.34
8237,L55416,1,299.2,310.6,1498,41.1,88,0,0,0,0,0,0,11.400000000000034,304.9,61567.8,0.13,782.17
8238,L55417,1,299.1,310.6,1796,26.0,90,0,0,0,0,0,0,11.5,304.85,46696.0,0.23,572.01
8239,L55418,1,299.1,310.4,1519,45.3,92,0,0,0,0,0,0,11.299999999999955,304.75,68810.7,0.25,915.4
8240,L55419,1,299.0,310.4,1339,49.6,94,0,0,0,0,0,0,11.399999999999977,304.7,66414.40000000001,0.15,861.58
8241,L55420,1,299.0,310.4,1483,41.5,96,0,0,0,0,0,0,11.399999999999977,304.7,61544.5,0.19,586.14
8242,M23101,2,298.9,310.2,2099,20.0,98,0,0,0,0,0,0,11.300000000000011,304.54999999999995,41980.0,0.07,405.1
8243,M23102,2,299.0,310.3,1689,29.7,101,0,0,0,0,0,0,11.300000000000011,304.65,50163.299999999996,0.28,461.7
8244,H37657,0,299.1,310.4,1369,54.5,104,0,0,0,0,0,0,11.299999999999955,304.75,74610.5,0.17,747.07
8245,L55424,1,299.0,310.4,1512,38.8,109,0,0,0,0,0,0,11.399999999999977,304.7,58665.6,0.22,619.0
8246,M23105,2,299.0,310.3,1303,68.6,111,1,0,0,1,0,0,11.300000000000011,304.65,89385.79999999999,5.67,6286.57
8247,L55426,1,299.0,310.3,1552,39.9,114,0,0,0,0,0,0,11.300000000000011,304.65,61924.799999999996,0.19,674.82
8248,L55427,1,299.0,310.4,1713,28.0,116,0,0,0,0,0,0,11.399999999999977,304.7,47964.0,0.11,573.04
8249,L55428,1,298.9,310.3,1456,44.1,118,0,0,0,0,0,0,11.400000000000034,304.6,64209.6,0.14,645.78
8250,L55429,1,299.0,310.4,1524,39.8,120,0,0,0,0,0,0,11.399999999999977,304.7,60655.2,0.2,605.03
8251,M23110,2,299.0,310.4,1394,45.2,122,0,0,0,0,0,0,11.399999999999977,304.7,63008.8,0.24,765.71
8252,L55431,1,299.0,310.4,1981,21.2,125,0,0,0,0,0,0,11.399999999999977,304.7,41997.2,0.1,614.51
8253,L55432,1,299.0,310.4,1565,36.1,127,0,0,0,0,0,0,11.399999999999977,304.7,56496.5,0.26,892.88
8254,L55433,1,299.1,310.4,1657,31.0,129,0,0,0,0,0,0,11.299999999999955,304.75,51367.0,0.07,730.64
8255,M23114,2,299.0,310.4,1625,37.1,131,0,0,0,0,0,0,11.399999999999977,304.7,60287.5,0.17,664.32
8256,L55435,1,299.0,310.4,1606,31.1,134,0,0,0,0,0,0,11.399999999999977,304.7,49946.600000000006,0.05,885.12
8257,H37670,0,299.0,310.5,1336,56.8,136,0,0,0,0,0,0,11.5,304.75,75884.8,0.09,746.06
8258,M23117,2,299.0,310.6,1587,34.2,141,0,0,0,0,0,0,11.600000000000023,304.8,54275.4,0.27,1200.37
8259,L55438,1,299.1,310.6,1602,39.7,144,0,0,0,0,0,0,11.5,304.85,63599.4,0.0,756.16
8260,L55439,1,299.1,310.5,1471,38.4,146,0,0,0,0,0,0,11.399999999999977,304.8,56486.4,0.27,1010.37
8261,H37674,0,299.1,310.6,1332,48.0,148,0,0,0,0,0,0,11.5,304.85,63936.0,0.1,766.35
8262,H37675,0,299.2,310.6,1434,48.4,153,0,0,0,0,0,0,11.400000000000034,304.9,69405.59999999999,0.21,1067.23
8263,L55442,1,299.1,310.6,1921,23.9,158,0,0,0,0,0,0,11.5,304.85,45911.899999999994,0.03,825.04
8264,H37677,0,299.2,310.6,1704,30.6,160,0,0,0,0,0,0,11.400000000000034,304.9,52142.4,0.19,1118.77
8265,M23124,2,299.1,310.6,1397,49.5,165,0,0,0,0,0,0,11.5,304.85,69151.5,0.27,1335.7
8266,H37679,0,299.1,310.6,1791,28.0,168,0,0,0,0,0,0,11.5,304.85,50148.0,0.17,900.97
8267,L55446,1,299.1,310.6,1818,24.1,173,0,0,0,0,0,0,11.5,304.85,43813.8,0.11,1067.02
8268,L55447,1,299.2,310.7,1540,36.3,175,0,0,0,0,0,0,11.5,304.95,55901.99999999999,0.24,1202.77
8269,M23128,2,299.2,310.8,1502,39.8,177,0,0,0,0,0,0,11.600000000000023,305.0,59779.6,0.21,1163.72
8270,H37683,0,299.2,310.8,1761,30.4,180,0,0,0,0,0,0,11.600000000000023,305.0,53534.399999999994,0.04,875.02
8271,M23130,2,299.1,310.8,1517,38.4,185,0,0,0,0,0,0,11.699999999999989,304.95000000000005,58252.799999999996,0.2,1063.06
8272,L55451,1,299.1,310.7,1309,51.1,188,0,0,0,0,0,0,11.599999999999966,304.9,66889.90000000001,0.2,1052.42
8273,L55452,1,298.9,310.6,1363,52.6,190,0,0,0,0,0,0,11.700000000000045,304.75,71693.8,0.23,1089.44
8274,M23133,2,299.0,310.6,1787,22.2,192,0,0,0,0,0,0,11.600000000000023,304.8,39671.4,0.09,923.98
8275,L55454,1,298.9,310.5,1640,29.2,195,0,0,0,0,0,0,11.600000000000023,304.7,47888.0,0.12,1079.33
8276,M23135,2,298.9,310.6,1720,25.3,197,0,0,0,0,0,0,11.700000000000045,304.75,43516.0,0.29,1161.33
8277,L55456,1,298.8,310.5,1384,52.8,200,0,0,0,0,0,0,11.699999999999989,304.65,73075.2,0.17,1235.35
8278,H37691,0,298.8,310.5,1294,55.8,202,0,0,0,0,0,0,11.699999999999989,304.65,72205.2,0.15,1168.54
8279,L55458,1,298.8,310.5,1464,46.4,207,0,0,0,0,0,0,11.699999999999989,304.65,67929.59999999999,0.3,1360.37
8280,L55459,1,298.8,310.6,1803,25.4,209,0,0,0,0,0,0,11.800000000000011,304.70000000000005,45796.2,0.07,1073.98
8281,L55460,1,298.8,310.6,1602,39.1,211,0,0,0,0,0,0,11.800000000000011,304.70000000000005,62638.200000000004,0.12,1185.33
8282,H37695,0,298.9,310.6,1519,38.8,213,0,0,0,0,0,0,11.700000000000045,304.75,58937.2,0.23,1257.9
8283,M23142,2,298.9,310.7,1638,33.6,218,0,0,0,0,0,0,11.800000000000011,304.79999999999995,55036.8,0.21,1416.93
8284,H37697,0,298.9,310.6,1615,33.0,221,0,0,0,0,0,0,11.700000000000045,304.75,53295.0,0.29,1328.64
8285,L55464,1,298.8,310.6,1651,33.3,0,0,0,0,0,0,0,11.800000000000011,304.70000000000005,54978.299999999996,0.2,256.33
8286,L55465,1,298.9,310.6,1387,52.7,2,0,0,0,0,0,0,11.700000000000045,304.75,73094.90000000001,0.09,0.0
8287,M23146,2,298.8,310.5,1678,32.8,4,0,0,0,0,0,0,11.699999999999989,304.65,55038.399999999994,0.12,246.81
8288,L55467,1,298.9,310.6,1585,38.1,7,0,0,0,0,0,0,11.700000000000045,304.75,60388.5,0.03,0.0
8289,M23148,2,298.8,310.6,1640,33.8,9,0,0,0,0,0,0,11.800000000000011,304.70000000000005,55431.99999999999,0.28,188.16
8290,L55469,1,298.9,310.6,1406,43.8,12,0,0,0,0,0,0,11.700000000000045,304.75,61582.799999999996,0.04,0.0
8291,M23150,2,298.9,310.6,1679,35.8,14,0,0,0,0,0,0,11.700000000000045,304.75,60108.2,0.16,47.31
8292,L55471,1,298.9,310.5,1717,26.9,17,0,0,0,0,0,0,11.600000000000023,304.7,46187.299999999996,0.12,132.78
8293,H37706,0,298.9,310.5,1429,39.9,19,0,0,0,0,0,0,11.600000000000023,304.7,57017.1,0.04,359.79
8294,M23153,2,298.9,310.4,1533,44.4,24,0,0,0,0,0,0,11.5,304.65,68065.2,0.09,113.5
8295,M23154,2,298.9,310.5,1525,38.5,27,0,0,0,0,0,0,11.600000000000023,304.7,58712.5,0.19,0.0
8296,L55475,1,298.9,310.4,1739,26.3,30,0,0,0,0,0,0,11.5,304.65,45735.700000000004,0.01,214.82
8297,L55476,1,298.9,310.3,1436,39.0,32,0,0,0,0,0,0,11.400000000000034,304.6,56004.0,0.29,282.86
8298,M23157,2,298.8,310.2,1595,33.1,34,0,0,0,0,0,0,11.399999999999977,304.5,52794.5,0.27,562.22
8299,H37712,0,298.7,310.1,1435,45.6,37,0,0,0,0,0,0,11.400000000000034,304.4,65436.0,0.03,151.84
8300,L55479,1,298.7,310.0,1637,31.8,42,0,0,0,0,0,0,11.300000000000011,304.35,52056.6,0.26,428.9
8301,L55480,1,298.7,310.1,1558,37.6,44,0,0,0,0,0,0,11.400000000000034,304.4,58580.8,0.1,499.6
8302,M23161,2,298.7,310.1,1644,34.1,46,0,0,0,0,0,0,11.400000000000034,304.4,56060.4,0.02,342.66
8303,L55482,1,298.7,310.1,1641,31.1,49,0,0,0,0,0,0,11.400000000000034,304.4,51035.100000000006,0.09,148.04
8304,L55483,1,298.8,310.2,1504,41.0,51,0,0,0,0,0,0,11.399999999999977,304.5,61664.0,0.24,330.11
8305,M23164,2,298.7,310.1,1506,50.7,53,0,0,0,0,0,0,11.400000000000034,304.4,76354.2,0.2,197.47
8306,H37719,0,298.8,310.1,1380,44.0,56,0,0,0,0,0,0,11.300000000000011,304.45000000000005,60720.0,0.07,740.48
8307,M23166,2,298.7,310.1,1549,42.5,61,0,0,0,0,0,0,11.400000000000034,304.4,65832.5,0.22,395.59
8308,M23167,2,298.7,310.1,1402,69.7,64,1,0,0,1,0,0,11.400000000000034,304.4,97719.40000000001,6.5,6995.47
8309,L55488,1,298.7,310.1,1401,45.3,67,0,0,0,0,0,0,11.400000000000034,304.4,63465.299999999996,0.22,475.16
8310,M23169,2,298.7,310.0,1459,40.2,69,0,0,0,0,0,0,11.300000000000011,304.35,58651.8,0.16,343.02
8311,L55490,1,298.7,309.9,1465,39.7,72,0,0,0,0,0,0,11.199999999999989,304.29999999999995,58160.50000000001,0.25,613.23
8312,M23171,2,298.8,310.0,1295,52.7,74,0,0,0,0,0,0,11.199999999999989,304.4,68246.5,0.19,511.0
8313,M23172,2,298.8,310.0,1529,38.5,77,0,0,0,0,0,0,11.199999999999989,304.4,58866.5,0.04,545.28
8314,M23173,2,298.8,310.0,1484,44.9,80,0,0,0,0,0,0,11.199999999999989,304.4,66631.59999999999,0.24,762.16
8315,L55494,1,298.8,309.9,1739,30.6,83,0,0,0,0,0,0,11.099999999999966,304.35,53213.4,0.1,426.48
8316,H37729,0,298.7,309.8,1422,40.7,85,0,0,0,0,0,0,11.100000000000023,304.25,57875.4,0.21,419.01
8317,L55496,1,298.8,309.8,1463,40.0,90,0,0,0,0,0,0,11.0,304.3,58520.0,0.2,470.43
8318,L55497,1,298.7,309.7,1667,30.4,92,0,0,0,0,0,0,11.0,304.2,50676.799999999996,0.1,217.63
8319,H37732,0,298.7,309.7,1565,39.3,94,0,0,0,0,0,0,11.0,304.2,61504.49999999999,0.05,478.83
8320,L55499,1,298.7,309.7,1393,45.7,99,0,0,0,0,0,0,11.0,304.2,63660.100000000006,0.21,703.23
8321,M23180,2,298.8,309.7,1453,47.7,101,0,0,0,0,0,0,10.899999999999977,304.25,69308.1,0.25,583.58
8322,L55501,1,298.8,309.6,1442,50.0,104,0,0,0,0,0,0,10.800000000000011,304.20000000000005,72100.0,0.25,580.45
8323,L55502,1,298.7,309.6,1364,44.9,106,0,0,0,0,0,0,10.900000000000034,304.15,61243.6,0.19,717.59
8324,H37737,0,298.7,309.5,1453,40.4,108,0,0,0,0,0,0,10.800000000000011,304.1,58701.2,0.07,515.21
8325,M23184,2,298.7,309.5,1394,46.0,113,0,0,0,0,0,0,10.800000000000011,304.1,64124.0,0.09,623.06
8326,M23185,2,298.7,309.5,1500,38.8,116,0,0,0,0,0,0,10.800000000000011,304.1,58199.99999999999,0.23,754.92
8327,H37740,0,298.6,309.5,1523,34.2,119,0,0,0,0,0,0,10.899999999999977,304.05,52086.600000000006,0.12,752.31
8328,M23187,2,298.7,309.6,1254,57.1,124,0,0,0,0,0,0,10.900000000000034,304.15,71603.40000000001,0.22,755.21
8329,L55508,1,298.6,309.5,1325,52.2,127,0,0,0,0,0,0,10.899999999999977,304.05,69165.0,0.09,651.69
8330,L55509,1,298.8,309.7,1424,49.6,129,0,0,0,0,0,0,10.899999999999977,304.25,70630.40000000001,0.0,362.73
8331,L55510,1,298.8,309.7,1505,39.0,131,0,0,0,0,0,0,10.899999999999977,304.25,58695.0,0.18,827.45
8332,M23191,2,298.8,309.7,1392,48.7,133,0,0,0,0,0,0,10.899999999999977,304.25,67790.40000000001,0.18,858.3
8333,L55512,1,298.8,309.7,1529,44.0,136,0,0,0,0,0,0,10.899999999999977,304.25,67276.0,0.19,843.35
8334,M23193,2,298.8,309.7,1477,48.5,138,0,0,0,0,0,0,10.899999999999977,304.25,71634.5,0.08,1056.78
8335,M23194,2,298.8,309.7,1459,47.3,141,0,0,0,0,0,0,10.899999999999977,304.25,69010.7,0.24,969.42
8336,M23195,2,299.0,309.8,2240,15.9,144,0,0,0,0,0,0,10.800000000000011,304.4,35616.0,0.15,846.53
8337,L55516,1,298.9,309.7,1449,48.8,147,0,0,0,0,0,0,10.800000000000011,304.29999999999995,70711.2,0.23,1039.87
8338,M23197,2,298.8,309.7,1589,35.3,149,0,0,0,0,0,0,10.899999999999977,304.25,56091.7,0.18,1241.93
8339,L55518,1,298.8,309.7,1740,28.5,152,0,0,0,0,0,0,10.899999999999977,304.25,49590.0,0.12,917.91
8340,M23199,2,298.8,309.7,1499,40.3,154,0,0,0,0,0,0,10.899999999999977,304.25,60409.7,0.2,636.48
8341,M23200,2,298.8,309.7,1480,38.1,157,0,0,0,0,0,0,10.899999999999977,304.25,56388.0,0.17,1019.81
8342,L55521,1,298.8,309.7,1751,29.6,160,0,0,0,0,0,0,10.899999999999977,304.25,51829.600000000006,0.15,818.11
8343,L55522,1,298.7,309.7,1510,40.6,162,0,0,0,0,0,0,11.0,304.2,61306.0,0.19,711.63
8344,H37757,0,298.8,309.8,1437,48.2,164,0,0,0,0,0,0,11.0,304.3,69263.40000000001,0.03,1104.63
8345,L55524,1,298.8,309.7,1609,40.4,169,0,0,0,0,0,0,10.899999999999977,304.25,65003.6,0.27,1337.22
8346,H37759,0,298.8,309.8,1490,35.9,171,0,0,0,0,0,0,11.0,304.3,53491.0,0.1,819.22
8347,L55526,1,298.7,309.7,1601,35.7,176,0,0,0,0,0,0,11.0,304.2,57155.700000000004,0.07,815.21
8348,L55527,1,298.7,309.6,1665,31.1,178,0,0,0,0,0,0,10.900000000000034,304.15,51781.5,0.23,1144.03
8349,M23208,2,298.7,309.6,1452,42.7,180,0,0,0,0,0,0,10.900000000000034,304.15,62000.4,0.07,837.22
8350,M23209,2,298.7,309.5,1487,33.6,183,0,0,0,0,0,0,10.800000000000011,304.1,49963.200000000004,0.3,1194.74
8351,M23210,2,298.7,309.6,1382,48.1,186,0,0,0,0,0,0,10.900000000000034,304.15,66474.2,0.13,953.02
8352,M23211,2,298.7,309.6,1686,26.2,189,0,0,0,0,0,0,10.900000000000034,304.15,44173.2,0.09,974.94
8353,L55532,1,298.6,309.6,1491,36.9,192,0,0,0,0,0,0,11.0,304.1,55017.9,0.02,769.35
8354,L55533,1,298.7,309.6,1442,55.6,194,0,0,0,0,0,0,10.900000000000034,304.15,80175.2,0.01,1104.03
8355,L55534,1,298.6,309.6,1390,50.3,196,0,0,0,0,0,0,11.0,304.1,69917.0,0.03,1190.57
8356,L55535,1,298.7,309.6,1502,46.7,198,0,0,0,0,0,0,10.900000000000034,304.15,70143.40000000001,0.0,974.97
8357,M23216,2,298.6,309.6,1344,59.4,200,0,0,0,0,0,0,11.0,304.1,79833.59999999999,0.1,1094.56
8358,L55537,1,298.5,309.5,1385,46.3,203,1,1,0,0,0,0,11.0,304.0,64125.49999999999,3.44,4549.37
8359,L55538,1,298.7,309.7,1547,37.4,0,0,0,0,0,0,0,11.0,304.2,57857.799999999996,0.13,130.29
8360,M23219,2,298.6,309.6,1525,42.4,2,0,0,0,0,0,0,11.0,304.1,64660.0,0.07,339.43
8361,L55540,1,298.6,309.6,1540,35.8,5,0,0,0,0,0,0,11.0,304.1,55131.99999999999,0.02,0.0
8362,L55541,1,298.6,309.5,1450,44.3,7,0,0,0,0,0,0,10.899999999999977,304.05,64234.99999999999,0.02,184.14
8363,L55542,1,298.6,309.6,1353,62.5,9,0,0,0,0,0,0,11.0,304.1,84562.5,0.05,77.87
8364,L55543,1,298.8,309.7,1582,45.0,11,0,0,0,0,0,0,10.899999999999977,304.25,71190.0,0.09,0.0
8365,L55544,1,298.9,309.8,1396,49.0,13,0,0,0,0,0,0,10.900000000000034,304.35,68404.0,0.04,442.06
8366,M23225,2,298.8,309.8,1551,36.6,15,0,0,0,0,0,0,11.0,304.3,56766.600000000006,0.11,542.78
8367,M23226,2,298.9,309.8,1836,22.8,18,0,0,0,0,0,0,10.900000000000034,304.35,41860.8,0.28,338.82
8368,L55547,1,298.9,309.8,1390,49.9,21,0,0,0,0,0,0,10.900000000000034,304.35,69361.0,0.08,251.71
8369,L55548,1,298.9,309.8,1534,42.1,23,0,0,0,0,0,0,10.900000000000034,304.35,64581.4,0.05,94.32
8370,L55549,1,298.8,309.7,1953,20.6,25,0,0,0,0,0,0,10.899999999999977,304.25,40231.8,0.2,278.46
8371,L55550,1,298.8,309.8,1634,33.6,27,0,0,0,0,0,0,11.0,304.3,54902.4,0.15,115.13
8372,L55551,1,298.7,309.7,1881,21.7,29,0,0,0,0,0,0,11.0,304.2,40817.7,0.01,0.0
8373,M23232,2,298.8,309.7,1448,44.8,31,0,0,0,0,0,0,10.899999999999977,304.25,64870.399999999994,0.24,671.62
8374,M23233,2,298.7,309.7,1362,50.5,34,0,0,0,0,0,0,11.0,304.2,68781.0,0.21,374.18
8375,L55554,1,298.8,309.7,1225,63.4,37,0,0,0,0,0,0,10.899999999999977,304.25,77665.0,0.29,482.59
8376,M23235,2,298.8,309.6,1384,48.2,39,0,0,0,0,0,0,10.800000000000011,304.20000000000005,66708.8,0.28,353.42
8377,L55556,1,298.8,309.8,1334,49.3,42,0,0,0,0,0,0,11.0,304.3,65766.2,0.18,418.5
8378,L55557,1,298.8,309.7,1336,50.3,44,0,0,0,0,0,0,10.899999999999977,304.25,67200.8,0.21,204.43
8379,M23238,2,298.8,309.9,1331,61.6,46,0,0,0,0,0,0,11.099999999999966,304.35,81989.6,0.12,233.94
8380,L55559,1,298.8,309.9,1629,31.9,49,0,0,0,0,0,0,11.099999999999966,304.35,51965.1,0.27,335.03
8381,L55560,1,298.9,310.0,1776,25.7,51,0,0,0,0,0,0,11.100000000000023,304.45,45643.2,0.17,618.93
8382,H37795,0,298.8,310.0,1530,38.3,53,0,0,0,0,0,0,11.199999999999989,304.4,58598.99999999999,0.1,117.22
8383,L55562,1,298.9,310.0,1719,27.3,58,0,0,0,0,0,0,11.100000000000023,304.45,46928.700000000004,0.0,113.12
8384,M23243,2,298.8,309.9,1495,35.2,60,0,0,0,0,0,0,11.099999999999966,304.35,52624.00000000001,0.18,172.86
8385,L55564,1,298.8,309.7,1450,43.1,63,0,0,0,0,0,0,10.899999999999977,304.25,62495.0,0.16,341.5
8386,H37799,0,298.8,309.8,1563,38.8,65,0,0,0,0,0,0,11.0,304.3,60644.399999999994,0.24,496.07
8387,M23246,2,298.9,309.9,1501,37.1,70,0,0,0,0,0,0,11.0,304.4,55687.1,0.06,556.67
8388,L55567,1,298.8,309.9,1351,47.2,73,0,0,0,0,0,0,11.099999999999966,304.35,63767.200000000004,0.24,571.7
8389,L55568,1,298.9,309.9,1365,46.5,75,0,0,0,0,0,0,11.0,304.4,63472.5,0.0,313.41
8390,L55569,1,298.8,309.9,1525,39.7,77,0,0,0,0,0,0,11.099999999999966,304.35,60542.50000000001,0.18,609.99
8391,M23250,2,298.8,309.8,1288,61.9,79,0,0,0,0,0,0,11.0,304.3,79727.2,0.12,448.56
8392,L55571,1,298.6,309.6,1423,42.7,82,0,0,0,0,0,0,11.0,304.1,60762.100000000006,0.1,871.49
8393,M23252,2,298.5,309.6,1502,39.4,84,0,0,0,0,0,0,11.100000000000023,304.05,59178.799999999996,0.13,461.35
8394,L55573,1,298.5,309.5,1428,43.5,87,0,0,0,0,0,0,11.0,304.0,62118.0,0.07,567.06
8395,M23254,2,298.6,309.5,1566,38.1,89,0,0,0,0,0,0,10.899999999999977,304.05,59664.600000000006,0.06,628.97
8396,M23255,2,298.5,309.5,1483,44.8,92,0,0,0,0,0,0,11.0,304.0,66438.4,0.24,607.04
8397,H37810,0,298.6,309.6,1593,33.3,95,0,0,0,0,0,0,11.0,304.1,53046.899999999994,0.07,569.81
8398,L55577,1,298.5,309.6,1724,26.4,100,0,0,0,0,0,0,11.100000000000023,304.05,45513.6,0.22,644.87
8399,L55578,1,298.5,309.7,2617,12.1,102,1,0,0,1,0,0,11.199999999999989,304.1,31665.7,5.09,5641.1
8400,L55579,1,298.6,309.7,1294,59.4,104,0,0,0,0,0,0,11.099999999999966,304.15,76863.59999999999,0.01,545.14
8401,L55580,1,298.6,309.6,1533,40.7,106,0,0,0,0,0,0,11.0,304.1,62393.100000000006,0.26,768.96
8402,H37815,0,298.5,309.4,1671,31.8,108,0,0,0,0,0,0,10.899999999999977,303.95,53137.8,0.24,606.67
8403,L55582,1,298.5,309.5,1370,52.4,113,0,0,0,0,0,0,11.0,304.0,71788.0,0.24,1084.55
8404,L55583,1,298.5,309.6,1462,45.1,115,0,0,0,0,0,0,11.100000000000023,304.05,65936.2,0.24,902.96
8405,L55584,1,298.4,309.5,1545,36.6,117,0,0,0,0,0,0,11.100000000000023,303.95,56547.0,0.17,516.7
8406,M23265,2,298.4,309.5,1484,41.7,119,0,0,0,0,0,0,11.100000000000023,303.95,61882.8,0.3,831.94
8407,M23266,2,298.4,309.5,1344,45.3,122,0,0,0,0,0,0,11.100000000000023,303.95,60883.2,0.05,424.59
8408,L55587,1,298.4,309.5,1357,50.1,125,0,0,0,0,0,0,11.100000000000023,303.95,67985.7,0.02,759.31
8409,M23268,2,298.5,309.6,1572,33.0,127,0,0,0,0,0,0,11.100000000000023,304.05,51876.0,0.21,841.73
8410,L55589,1,298.5,309.6,1861,26.9,130,0,0,0,0,0,0,11.100000000000023,304.05,50060.899999999994,0.09,740.61
8411,L55590,1,298.5,309.5,1548,44.5,132,0,0,0,0,0,0,11.0,304.0,68886.0,0.18,713.64
8412,L55591,1,298.6,309.8,1496,37.7,134,0,0,0,0,0,0,11.199999999999989,304.20000000000005,56399.200000000004,0.12,742.67
8413,M23272,2,298.6,309.7,1314,49.7,136,0,0,0,0,0,0,11.099999999999966,304.15,65305.8,0.1,898.08
8414,M23273,2,298.6,309.7,1422,49.7,139,0,0,0,0,0,0,11.099999999999966,304.15,70673.40000000001,0.27,1123.37
8415,L55594,1,298.6,309.8,1842,20.1,142,0,0,0,0,0,0,11.199999999999989,304.20000000000005,37024.200000000004,0.04,876.96
8416,M23275,2,298.7,309.9,1434,53.0,144,0,0,0,0,0,0,11.199999999999989,304.29999999999995,76002.0,0.06,547.17
8417,M23276,2,298.8,310.1,1585,31.3,147,0,0,0,0,0,0,11.300000000000011,304.45000000000005,49610.5,0.2,907.08
8418,H37831,0,298.8,310.1,1704,30.7,150,0,0,0,0,0,0,11.300000000000011,304.45000000000005,52312.799999999996,0.23,1018.0
8419,L55598,1,298.9,310.2,1971,23.2,155,0,0,0,0,0,0,11.300000000000011,304.54999999999995,45727.2,0.25,914.78
8420,L55599,1,299.0,310.3,1431,39.9,157,0,0,0,0,0,0,11.300000000000011,304.65,57096.9,0.07,606.15
8421,L55600,1,298.9,310.4,1546,37.7,159,0,0,0,0,0,0,11.5,304.65,58284.200000000004,0.26,862.01
8422,L55601,1,298.9,310.3,1496,36.3,161,0,0,0,0,0,0,11.400000000000034,304.6,54304.799999999996,0.18,1209.97
8423,H37836,0,298.9,310.3,1243,63.0,163,0,0,0,0,0,0,11.400000000000034,304.6,78309.0,0.25,886.28
8424,L55603,1,299.0,310.4,1452,46.2,168,0,0,0,0,0,0,11.399999999999977,304.7,67082.40000000001,0.02,867.13
8425,L55604,1,299.1,310.6,1380,44.7,170,0,0,0,0,0,0,11.5,304.85,61686.00000000001,0.11,936.55
8426,L55605,1,299.2,310.6,1567,38.4,172,0,0,0,0,0,0,11.400000000000034,304.9,60172.799999999996,0.16,996.93
8427,L55606,1,299.1,310.5,1628,35.9,174,0,0,0,0,0,0,11.399999999999977,304.8,58445.2,0.17,992.02
8428,L55607,1,299.1,310.4,1505,46.1,176,0,0,0,0,0,0,11.299999999999955,304.75,69380.5,0.03,1028.37
8429,M23288,2,299.0,310.3,1827,28.0,178,0,0,0,0,0,0,11.300000000000011,304.65,51156.0,0.16,1055.34
8430,L55609,1,299.0,310.3,1577,40.0,181,0,0,0,0,0,0,11.300000000000011,304.65,63080.0,0.2,1011.15
8431,L55610,1,298.9,310.2,1304,57.2,183,0,0,0,0,0,0,11.300000000000011,304.54999999999995,74588.8,0.11,1032.7
8432,H37845,0,298.9,310.1,1324,54.6,185,0,0,0,0,0,0,11.200000000000045,304.5,72290.40000000001,0.15,883.37
8433,L55612,1,298.8,310.0,1537,39.9,190,0,0,0,0,0,0,11.199999999999989,304.4,61326.299999999996,0.09,1111.39
8434,M23293,2,298.8,310.1,1501,48.7,192,0,0,0,0,0,0,11.300000000000011,304.45000000000005,73098.7,0.26,1117.85
8435,M23294,2,298.7,309.9,1654,29.1,195,0,0,0,0,0,0,11.199999999999989,304.29999999999995,48131.4,0.18,1061.49
8436,M23295,2,298.7,310.0,1519,38.1,198,0,0,0,0,0,0,11.300000000000011,304.35,57873.9,0.17,1236.96
8437,L55616,1,298.7,309.9,1371,51.3,201,0,0,0,0,0,0,11.199999999999989,304.29999999999995,70332.3,0.28,1223.9
8438,L55617,1,298.7,309.8,1181,65.9,203,1,0,0,0,1,0,11.100000000000023,304.25,77827.90000000001,7.11,8072.35
8439,L55618,1,298.6,309.8,1469,42.8,205,0,0,0,0,0,0,11.199999999999989,304.20000000000005,62873.2,0.08,1280.14
8440,L55619,1,298.6,309.8,1637,34.6,207,0,0,0,0,0,0,11.199999999999989,304.20000000000005,56640.200000000004,0.19,1079.02
8441,L55620,1,298.6,309.8,1370,56.0,0,0,0,0,0,0,0,11.199999999999989,304.20000000000005,76720.0,0.29,364.76
8442,L55621,1,298.6,309.9,1630,30.6,2,0,0,0,0,0,0,11.299999999999955,304.25,49878.0,0.01,162.43
8443,L55622,1,298.6,310.0,1517,39.0,4,0,0,0,0,0,0,11.399999999999977,304.3,59163.0,0.19,385.03
8444,M23303,2,298.6,309.9,1668,32.3,6,0,0,0,0,0,0,11.299999999999955,304.25,53876.399999999994,0.05,406.48
8445,M23304,2,298.6,309.9,1818,24.9,9,0,0,0,0,0,0,11.299999999999955,304.25,45268.2,0.24,188.68
8446,M23305,2,298.6,310.0,1541,36.9,12,0,0,0,0,0,0,11.399999999999977,304.3,56862.899999999994,0.19,119.81
8447,L55626,1,298.5,309.9,1482,42.1,15,0,0,0,0,0,0,11.399999999999977,304.2,62392.200000000004,0.28,477.58
8448,L55627,1,298.6,310.1,1439,49.9,17,0,0,0,0,0,0,11.5,304.35,71806.09999999999,0.2,426.04
8449,L55628,1,298.5,310.0,1492,41.2,19,0,0,0,0,0,0,11.5,304.25,61470.4,0.01,0.0
8450,L55629,1,298.4,309.9,1725,27.8,21,0,0,0,0,0,0,11.5,304.15,47955.0,0.15,327.72
8451,L55630,1,298.4,310.0,1559,44.2,23,0,0,0,0,0,0,11.600000000000023,304.2,68907.8,0.27,793.63
8452,L55631,1,298.5,310.0,1435,42.5,25,0,0,0,0,0,0,11.5,304.25,60987.5,0.07,210.7
8453,M23312,2,298.6,310.0,1512,37.5,27,0,0,0,0,0,0,11.399999999999977,304.3,56700.0,0.02,293.52
8454,L55633,1,298.6,309.9,1564,37.1,30,0,0,0,0,0,0,11.299999999999955,304.25,58024.4,0.22,606.51
8455,L55634,1,298.6,310.0,1522,40.3,32,0,0,0,0,0,0,11.399999999999977,304.3,61336.6,0.15,685.56
8456,L55635,1,298.6,309.9,1356,59.5,34,0,0,0,0,0,0,11.299999999999955,304.25,80682.0,0.01,216.85
8457,L55636,1,298.6,309.9,1556,38.6,36,0,0,0,0,0,0,11.299999999999955,304.25,60061.600000000006,0.08,447.96
8458,L55637,1,298.6,309.9,1393,45.5,38,0,0,0,0,0,0,11.299999999999955,304.25,63381.5,0.1,171.73
8459,L55638,1,298.7,309.9,1753,26.8,40,0,0,0,0,0,0,11.199999999999989,304.29999999999995,46980.4,0.2,403.73
8460,L55639,1,298.7,309.9,1651,29.5,42,0,0,0,0,0,0,11.199999999999989,304.29999999999995,48704.5,0.14,283.03
8461,L55640,1,298.7,309.9,1372,54.7,44,0,0,0,0,0,0,11.199999999999989,304.29999999999995,75048.40000000001,0.15,87.2
8462,L55641,1,298.7,309.9,1446,43.3,46,0,0,0,0,0,0,11.199999999999989,304.29999999999995,62611.799999999996,0.24,229.54
8463,M23322,2,298.7,309.8,1501,44.7,48,0,0,0,0,0,0,11.100000000000023,304.25,67094.7,0.08,384.5
8464,M23323,2,298.7,309.9,1411,45.1,51,0,0,0,0,0,0,11.199999999999989,304.29999999999995,63636.1,0.2,522.45
8465,H37878,0,298.6,309.7,1672,27.5,54,0,0,0,0,0,0,11.099999999999966,304.15,45980.0,0.11,223.76
8466,M23325,2,298.7,309.8,1475,40.5,59,0,0,0,0,0,0,11.100000000000023,304.25,59737.5,0.13,658.61
8467,L55646,1,298.7,309.8,1469,38.4,62,0,0,0,0,0,0,11.100000000000023,304.25,56409.6,0.17,313.5
8468,L55647,1,298.6,309.8,1704,28.3,64,0,0,0,0,0,0,11.199999999999989,304.20000000000005,48223.200000000004,0.21,568.59
8469,H37882,0,298.6,309.7,1463,39.1,66,0,0,0,0,0,0,11.099999999999966,304.15,57203.3,0.28,547.71
8470,M23329,2,298.6,309.7,1280,64.1,71,0,0,0,0,0,0,11.099999999999966,304.15,82048.0,0.08,451.04
8471,L55650,1,298.7,309.9,1464,38.0,74,0,0,0,0,0,0,11.199999999999989,304.29999999999995,55632.0,0.03,534.78
8472,L55651,1,298.6,309.8,1332,46.4,76,0,0,0,0,0,0,11.199999999999989,304.20000000000005,61804.799999999996,0.13,623.6
8473,L55652,1,298.5,309.7,1634,37.8,78,0,0,0,0,0,0,11.199999999999989,304.1,61765.2,0.16,656.18
8474,M23333,2,298.6,309.8,1430,43.1,80,0,0,0,0,0,0,11.199999999999989,304.20000000000005,61633.0,0.07,557.02
8475,M23334,2,298.5,309.7,1523,44.6,83,0,0,0,0,0,0,11.199999999999989,304.1,67925.8,0.27,494.09
8476,M23335,2,298.5,309.7,1557,37.7,86,0,0,0,0,0,0,11.199999999999989,304.1,58698.9,0.24,840.18
8477,L55656,1,298.5,309.6,1585,32.2,89,0,0,0,0,0,0,11.100000000000023,304.05,51037.00000000001,0.15,435.96
8478,H37891,0,298.5,309.6,1579,33.5,91,0,0,0,0,0,0,11.100000000000023,304.05,52896.5,0.14,579.09
8479,M23338,2,298.5,309.7,1354,60.8,96,0,0,0,0,0,0,11.199999999999989,304.1,82323.2,0.01,437.3
8480,L55659,1,298.6,309.7,1627,33.4,99,0,0,0,0,0,0,11.099999999999966,304.15,54341.799999999996,0.16,707.52
8481,L55660,1,298.4,309.6,1477,35.6,101,0,0,0,0,0,0,11.200000000000045,304.0,52581.200000000004,0.18,612.29
8482,M23341,2,298.3,309.4,1595,29.0,103,0,0,0,0,0,0,11.099999999999966,303.85,46255.0,0.27,761.22
8483,L55662,1,298.4,309.5,1520,38.1,106,0,0,0,0,0,0,11.100000000000023,303.95,57912.0,0.15,922.83
8484,L55663,1,298.3,309.4,1618,31.5,108,0,0,0,0,0,0,11.099999999999966,303.85,50967.0,0.05,395.71
8485,L55664,1,298.4,309.5,1397,50.3,110,0,0,0,0,0,0,11.100000000000023,303.95,70269.09999999999,0.05,599.63
8486,L55665,1,298.4,309.5,1450,47.9,112,0,0,0,0,0,0,11.100000000000023,303.95,69455.0,0.05,442.88
8487,M23346,2,298.5,309.5,1501,40.2,114,0,0,0,0,0,0,11.0,304.0,60340.200000000004,0.28,951.15
8488,L55667,1,298.4,309.4,1392,50.1,117,0,0,0,0,0,0,11.0,303.9,69739.2,0.24,715.99
8489,L55668,1,298.4,309.4,1385,43.2,119,0,0,0,0,0,0,11.0,303.9,59832.00000000001,0.25,850.78
8490,L55669,1,298.4,309.4,1461,46.3,121,0,0,0,0,0,0,11.0,303.9,67644.3,0.25,656.3
8491,M23350,2,298.5,309.6,1364,58.7,123,0,0,0,0,0,0,11.100000000000023,304.05,80066.8,0.03,838.73
8492,L55671,1,298.5,309.5,1579,38.6,126,0,0,0,0,0,0,11.0,304.0,60949.4,0.21,850.92
8493,M23352,2,298.4,309.5,1514,38.8,128,0,0,0,0,0,0,11.100000000000023,303.95,58743.2,0.21,870.66
8494,M23353,2,298.3,309.5,1560,36.9,131,0,0,0,0,0,0,11.199999999999989,303.9,57564.0,0.07,849.36
8495,L55674,1,298.3,309.5,1542,36.7,134,0,0,0,0,0,0,11.199999999999989,303.9,56591.4,0.15,632.29
8496,L55675,1,298.3,309.4,1668,27.1,136,0,0,0,0,0,0,11.099999999999966,303.85,45202.8,0.2,787.75
8497,M23356,2,298.3,309.4,1816,22.6,138,0,0,0,0,0,0,11.099999999999966,303.85,41041.600000000006,0.27,985.51
8498,M23357,2,298.3,309.4,1509,34.2,141,0,0,0,0,0,0,11.099999999999966,303.85,51607.8,0.03,470.7
8499,L55678,1,298.4,309.6,1479,37.8,144,0,0,0,0,0,0,11.200000000000045,304.0,55906.2,0.27,741.81
8500,L55679,1,298.4,309.6,1655,30.2,146,0,0,0,0,0,0,11.200000000000045,304.0,49981.0,0.28,886.81
8501,L55680,1,298.3,309.5,1711,30.3,148,0,0,0,0,0,0,11.199999999999989,303.9,51843.3,0.28,848.85
8502,L55681,1,298.4,309.7,1581,34.6,150,0,0,0,0,0,0,11.300000000000011,304.04999999999995,54702.600000000006,0.0,698.42
8503,H37916,0,298.6,309.8,1279,55.9,152,0,0,0,0,0,0,11.199999999999989,304.20000000000005,71496.09999999999,0.07,908.36
8504,L55683,1,298.5,309.8,1468,40.9,157,0,0,0,0,0,0,11.300000000000011,304.15,60041.2,0.21,1107.48
8505,L55684,1,298.4,309.7,1419,41.3,159,0,0,0,0,0,0,11.300000000000011,304.04999999999995,58604.7,0.1,1166.41
8506,L55685,1,298.4,309.7,1530,38.6,161,0,0,0,0,0,0,11.300000000000011,304.04999999999995,59058.0,0.02,821.61
8507,L55686,1,298.4,309.6,1710,27.3,163,1,0,0,0,0,0,11.200000000000045,304.0,46683.0,0.23,1068.15
8508,L55687,1,298.4,309.7,1518,39.8,165,0,0,0,0,0,0,11.300000000000011,304.04999999999995,60416.399999999994,0.01,831.27
8509,M23368,2,298.4,309.7,1679,33.3,167,0,0,0,0,0,0,11.300000000000011,304.04999999999995,55910.7,0.13,1013.04
8510,M23369,2,298.4,309.7,1870,22.5,170,0,0,0,0,0,0,11.300000000000011,304.04999999999995,42075.0,0.28,1189.76
8511,L55690,1,298.3,309.7,1484,44.3,173,0,0,0,0,0,0,11.399999999999977,304.0,65741.2,0.13,1133.32
8512,L55691,1,298.4,309.7,1457,44.2,175,0,0,0,0,0,0,11.300000000000011,304.04999999999995,64399.4,0.27,1282.73
8513,H37926,0,298.3,309.6,1546,36.2,177,0,0,0,0,0,0,11.300000000000011,303.95000000000005,55965.200000000004,0.12,1082.9
8514,M23373,2,298.2,309.5,1478,36.5,182,0,0,0,0,0,0,11.300000000000011,303.85,53947.0,0.1,1236.53
8515,L55694,1,298.2,309.4,1447,47.1,185,0,0,0,0,0,0,11.199999999999989,303.79999999999995,68153.7,0.03,959.01
8516,L55695,1,298.2,309.4,1443,45.4,187,0,0,0,0,0,0,11.199999999999989,303.79999999999995,65512.2,0.11,953.26
8517,L55696,1,298.3,309.6,1527,30.9,189,0,0,0,0,0,0,11.300000000000011,303.95000000000005,47184.299999999996,0.1,977.79
8518,M23377,2,298.3,309.6,1469,54.8,191,0,0,0,0,0,0,11.300000000000011,303.95000000000005,80501.2,0.25,1189.12
8519,M23378,2,298.3,309.6,1681,27.1,194,0,0,0,0,0,0,11.300000000000011,303.95000000000005,45555.100000000006,0.28,1087.45
8520,L55699,1,298.3,309.6,1420,44.1,197,0,0,0,0,0,0,11.300000000000011,303.95000000000005,62622.0,0.01,902.99
8521,M23380,2,298.3,309.5,1543,49.9,199,0,0,0,0,0,0,11.199999999999989,303.9,76995.7,0.03,854.02
8522,L55701,1,298.4,309.5,1376,50.4,202,0,0,0,0,0,0,11.100000000000023,303.95,69350.4,0.19,1251.59
8523,H37936,0,298.3,309.4,1631,29.8,0,0,0,0,0,0,0,11.099999999999966,303.85,48603.8,0.15,203.07
8524,H37937,0,298.3,309.3,1529,41.7,5,0,0,0,0,0,0,11.0,303.8,63759.3,0.09,0.0
8525,L55704,1,298.3,309.4,1468,46.2,10,0,0,0,0,0,0,11.099999999999966,303.85,67821.6,0.08,31.89
8526,L55705,1,298.3,309.4,1378,52.3,12,0,0,0,0,0,0,11.099999999999966,303.85,72069.4,0.07,403.78
8527,L55706,1,298.3,309.3,1401,51.9,14,0,0,0,0,0,0,11.0,303.8,72711.9,0.16,324.47
8528,L55707,1,298.4,309.3,1531,37.4,16,0,0,0,0,0,0,10.900000000000034,303.85,57259.4,0.01,158.15
8529,L55708,1,298.4,309.3,1512,35.8,18,0,0,0,0,0,0,10.900000000000034,303.85,54129.6,0.22,210.36
8530,M23389,2,298.5,309.4,1522,47.4,20,0,0,0,0,0,0,10.899999999999977,303.95,72142.8,0.09,233.09
8531,M23390,2,298.5,309.3,1615,31.8,23,0,0,0,0,0,0,10.800000000000011,303.9,51357.0,0.13,242.82
8532,L55711,1,298.6,309.3,1449,46.5,26,0,0,0,0,0,0,10.699999999999989,303.95000000000005,67378.5,0.16,170.49
8533,L55712,1,298.6,309.4,1315,55.5,28,0,0,0,0,0,0,10.799999999999955,304.0,72982.5,0.06,125.93
8534,M23393,2,298.6,309.4,1465,41.1,30,0,0,0,0,0,0,10.799999999999955,304.0,60211.5,0.27,349.31
8535,M23394,2,298.6,309.5,1404,43.3,33,0,0,0,0,0,0,10.899999999999977,304.05,60793.2,0.2,141.7
8536,L55715,1,298.6,309.5,1547,44.8,36,0,0,0,0,0,0,10.899999999999977,304.05,69305.59999999999,0.26,241.46
8537,M23396,2,298.6,309.5,1426,45.4,38,0,0,0,0,0,0,10.899999999999977,304.05,64740.4,0.14,300.08
8538,L55717,1,298.6,309.5,1730,30.2,41,0,0,0,0,0,0,10.899999999999977,304.05,52246.0,0.13,207.8
8539,L55718,1,298.5,309.4,1548,37.7,43,0,0,0,0,0,0,10.899999999999977,303.95,58359.600000000006,0.07,239.86
8540,L55719,1,298.5,309.4,1517,40.2,45,0,0,0,0,0,0,10.899999999999977,303.95,60983.4,0.16,144.15
8541,L55720,1,298.6,309.5,1687,29.3,47,0,0,0,0,0,0,10.899999999999977,304.05,49429.1,0.18,535.2
8542,L55721,1,298.5,309.5,1738,25.2,49,0,0,0,0,0,0,11.0,304.0,43797.6,0.13,687.07
8543,H37956,0,298.4,309.4,1512,35.3,51,0,0,0,0,0,0,11.0,303.9,53373.6,0.04,449.11
8544,M23403,2,298.5,309.4,1365,48.7,56,0,0,0,0,0,0,10.899999999999977,303.95,66475.5,0.08,529.58
8545,H37958,0,298.5,309.4,2011,21.0,59,0,0,0,0,0,0,10.899999999999977,303.95,42231.0,0.0,388.92
8546,L55725,1,298.4,309.3,1806,27.6,64,0,0,0,0,0,0,10.900000000000034,303.85,49845.600000000006,0.1,459.84
8547,L55726,1,298.4,309.3,1716,28.4,66,0,0,0,0,0,0,10.900000000000034,303.85,48734.399999999994,0.17,512.98
8548,M23407,2,298.4,309.4,1666,24.3,68,0,0,0,0,0,0,11.0,303.9,40483.8,0.29,492.82
8549,L55728,1,298.5,309.4,1578,36.3,71,0,0,0,0,0,0,10.899999999999977,303.95,57281.399999999994,0.05,508.51
8550,L55729,1,298.3,309.3,1558,37.2,73,0,0,0,0,0,0,11.0,303.8,57957.600000000006,0.02,479.61
8551,L55730,1,298.3,309.2,1456,45.5,75,0,0,0,0,0,0,10.899999999999977,303.75,66248.0,0.09,395.55
8552,M23411,2,298.2,309.1,1457,49.0,77,0,0,0,0,0,0,10.900000000000034,303.65,71393.0,0.05,513.9
8553,L55732,1,298.2,309.1,1467,44.5,80,0,0,0,0,0,0,10.900000000000034,303.65,65281.5,0.21,505.91
8554,M23413,2,298.1,309.0,1661,38.2,82,0,0,0,0,0,0,10.899999999999977,303.55,63450.200000000004,0.0,315.46
8555,L55734,1,298.1,309.0,1592,33.9,85,0,0,0,0,0,0,10.899999999999977,303.55,53968.799999999996,0.29,831.27
8556,L55735,1,298.2,309.0,1596,37.2,87,0,0,0,0,0,0,10.800000000000011,303.6,59371.200000000004,0.26,759.58
8557,L55736,1,298.2,309.0,1489,40.6,89,0,0,0,0,0,0,10.800000000000011,303.6,60453.4,0.15,560.21
8558,L55737,1,298.3,309.0,1471,48.3,91,0,0,0,0,0,0,10.699999999999989,303.65,71049.3,0.28,682.85
8559,M23418,2,298.3,309.0,1505,41.3,93,0,0,0,0,0,0,10.699999999999989,303.65,62156.49999999999,0.19,681.22
8560,L55739,1,298.3,309.0,1519,40.0,96,0,0,0,0,0,0,10.699999999999989,303.65,60760.0,0.3,504.69
8561,L55740,1,298.3,309.0,1408,45.4,98,0,0,0,0,0,0,10.699999999999989,303.65,63923.2,0.08,456.33
8562,L55741,1,298.2,308.9,1332,44.4,100,0,0,0,0,0,0,10.699999999999989,303.54999999999995,59140.799999999996,0.3,610.23
8563,L55742,1,298.1,308.9,1351,52.4,102,0,0,0,0,0,0,10.799999999999955,303.5,70792.4,0.05,561.78
8564,L55743,1,298.0,308.9,1500,36.7,104,0,0,0,0,0,0,10.899999999999977,303.45,55050.00000000001,0.11,793.29
8565,M23424,2,298.0,308.7,1614,30.7,106,0,0,0,0,0,0,10.699999999999989,303.35,49549.799999999996,0.28,881.57
8566,L55745,1,298.0,308.8,1489,36.5,109,0,0,0,0,0,0,10.800000000000011,303.4,54348.5,0.11,578.28
8567,M23426,2,297.9,308.7,1751,26.6,111,0,0,0,0,0,0,10.800000000000011,303.29999999999995,46576.600000000006,0.06,509.01
8568,L55747,1,298.0,308.7,1511,45.8,114,0,0,0,0,0,0,10.699999999999989,303.35,69203.8,0.02,476.92
8569,L55748,1,297.9,308.6,1691,29.6,116,0,0,0,0,0,0,10.700000000000045,303.25,50053.600000000006,0.04,919.94
8570,L55749,1,297.9,308.6,1757,27.5,118,0,0,0,0,0,0,10.700000000000045,303.25,48317.5,0.11,710.21
8571,H37984,0,297.9,308.7,1545,35.9,120,0,0,0,0,0,0,10.800000000000011,303.29999999999995,55465.5,0.13,759.96
8572,L55751,1,297.9,308.6,2262,15.7,125,0,0,0,0,0,0,10.700000000000045,303.25,35513.4,0.16,468.33
8573,M23432,2,297.7,308.5,1559,35.2,127,0,0,0,0,0,0,10.800000000000011,303.1,54876.8,0.24,697.86
8574,L55753,1,297.6,308.4,1626,32.4,130,0,0,0,0,0,0,10.799999999999955,303.0,52682.399999999994,0.0,643.37
8575,L55754,1,297.6,308.3,1424,53.9,132,0,0,0,0,0,0,10.699999999999989,302.95000000000005,76753.59999999999,0.25,835.28
8576,M23435,2,297.6,308.3,1648,29.1,134,0,0,0,0,0,0,10.699999999999989,302.95000000000005,47956.8,0.17,859.96
8577,L55756,1,297.6,308.3,1523,39.5,137,0,0,0,0,0,0,10.699999999999989,302.95000000000005,60158.5,0.23,932.98
8578,L55757,1,297.6,308.3,1502,43.2,139,0,0,0,0,0,0,10.699999999999989,302.95000000000005,64886.4,0.23,1015.07
8579,L55758,1,297.5,308.2,1489,40.7,141,0,0,0,0,0,0,10.699999999999989,302.85,60602.3,0.27,694.63
8580,M23439,2,297.4,308.1,1620,31.2,143,0,0,0,0,0,0,10.700000000000045,302.75,50544.0,0.03,579.22
8581,L55760,1,297.5,308.1,1631,30.6,146,0,0,0,0,0,0,10.600000000000023,302.8,49908.600000000006,0.17,885.06
8582,M23441,2,297.5,308.0,1429,45.8,148,0,0,0,0,0,0,10.5,302.75,65448.2,0.27,912.89
8583,M23442,2,297.5,308.1,1334,72.0,151,1,0,0,1,0,0,10.600000000000023,302.8,96048.0,5.21,5918.46
8584,L55763,1,297.4,308.0,1423,38.0,154,0,0,0,0,0,0,10.600000000000023,302.7,54074.0,0.03,816.35
8585,L55764,1,297.4,307.9,1390,47.7,156,0,0,0,0,0,0,10.5,302.65,66303.0,0.18,848.26
8586,M23445,2,297.4,307.9,1338,48.5,158,0,0,0,0,0,0,10.5,302.65,64893.0,0.24,1058.84
8587,H38000,0,297.3,307.9,1461,37.5,161,0,0,0,0,0,0,10.599999999999966,302.6,54787.5,0.08,966.6
8588,M23447,2,297.4,307.9,1627,34.3,166,0,0,0,0,0,0,10.5,302.65,55806.1,0.19,1029.76
8589,L55768,1,297.3,307.8,1385,44.4,169,0,0,0,0,0,0,10.5,302.55,61494.0,0.25,1203.11
8590,M23449,2,297.3,307.8,1538,48.0,171,0,0,0,0,0,0,10.5,302.55,73824.0,0.16,689.06
8591,L55770,1,297.4,307.9,1557,35.5,174,0,0,0,0,0,0,10.5,302.65,55273.5,0.06,842.09
8592,L55771,1,297.4,307.9,1606,33.4,176,0,0,0,0,0,0,10.5,302.65,53640.399999999994,0.16,1173.85
8593,M23452,2,297.5,308.0,1430,44.5,178,0,0,0,0,0,0,10.5,302.75,63635.0,0.18,940.35
8594,M23453,2,297.4,308.0,1601,34.6,181,0,0,0,0,0,0,10.600000000000023,302.7,55394.600000000006,0.12,874.99
8595,L55774,1,297.4,308.0,1356,51.9,184,0,0,0,0,0,0,10.600000000000023,302.7,70376.4,0.2,1101.06
8596,M23455,2,297.5,308.2,1624,30.9,186,0,0,0,0,0,0,10.699999999999989,302.85,50181.6,0.13,1057.4
8597,L55776,1,297.5,308.2,1327,56.5,189,0,0,0,0,0,0,10.699999999999989,302.85,74975.5,0.26,1124.8
8598,L55777,1,297.6,308.3,1410,47.0,191,0,0,0,0,0,0,10.699999999999989,302.95000000000005,66270.0,0.24,1471.54
8599,L55778,1,297.6,308.3,1478,42.3,193,0,0,0,0,0,0,10.699999999999989,302.95000000000005,62519.399999999994,0.24,1247.97
8600,L55779,1,297.6,308.4,1460,40.3,195,0,0,0,0,0,0,10.799999999999955,303.0,58837.99999999999,0.16,999.57
8601,L55780,1,297.5,308.3,1435,40.3,197,0,0,0,0,0,0,10.800000000000011,302.9,57830.49999999999,0.06,829.07
8602,H38015,0,297.4,308.2,1359,46.9,199,0,0,0,0,0,0,10.800000000000011,302.79999999999995,63737.1,0.22,1275.84
8603,L55782,1,297.4,308.1,1729,31.7,204,0,0,0,0,0,0,10.700000000000045,302.75,54809.299999999996,0.02,901.01
8604,H38017,0,297.3,308.0,1384,49.1,206,0,0,0,0,0,0,10.699999999999989,302.65,67954.40000000001,0.16,1512.89
8605,L55784,1,297.4,308.2,1297,52.1,211,0,0,0,0,0,0,10.800000000000011,302.79999999999995,67573.7,0.02,1139.19
8606,L55785,1,297.5,308.4,1633,33.3,213,0,0,0,0,0,0,10.899999999999977,302.95,54378.899999999994,0.16,1309.0
8607,M23466,2,297.5,308.4,1505,37.2,215,0,0,0,0,0,0,10.899999999999977,302.95,55986.00000000001,0.21,1322.3
8608,L55787,1,297.5,308.4,1433,50.0,218,0,0,0,0,0,0,10.899999999999977,302.95,71650.0,0.13,1388.24
8609,L55788,1,297.4,308.4,1369,50.6,220,1,0,0,0,1,0,11.0,302.9,69271.40000000001,7.72,8460.7
8610,L55789,1,297.4,308.3,1475,40.5,222,1,1,0,0,0,0,10.900000000000034,302.85,59737.5,1.24,2169.51
8611,L55790,1,297.4,308.3,1561,38.3,0,0,0,0,0,0,0,10.900000000000034,302.85,59786.299999999996,0.09,245.12
8612,L55791,1,297.4,308.3,1472,45.5,2,0,0,0,0,0,0,10.900000000000034,302.85,66976.0,0.13,365.09
8613,L55792,1,297.5,308.4,1441,44.5,4,0,0,0,0,0,0,10.899999999999977,302.95,64124.5,0.26,94.71
8614,M23473,2,297.5,308.5,1401,50.5,6,0,0,0,0,0,0,11.0,303.0,70750.5,0.27,27.21
8615,L55794,1,297.5,308.5,1691,33.1,9,0,0,0,0,0,0,11.0,303.0,55972.100000000006,0.29,360.13
8616,L55795,1,297.6,308.6,1382,47.1,11,0,0,0,0,0,0,11.0,303.1,65092.200000000004,0.03,157.81
8617,L55796,1,297.6,308.6,1355,46.4,13,0,0,0,0,0,0,11.0,303.1,62872.0,0.09,177.11
8618,L55797,1,297.6,308.6,1529,45.3,15,0,0,0,0,0,0,11.0,303.1,69263.7,0.14,206.06
8619,L55798,1,297.7,308.7,1829,24.9,17,0,0,0,0,0,0,11.0,303.2,45542.1,0.19,0.0
8620,H38033,0,297.6,308.6,1480,39.8,19,0,0,0,0,0,0,11.0,303.1,58903.99999999999,0.21,248.75
8621,L55800,1,297.6,308.5,1475,42.4,24,0,0,0,0,0,0,10.899999999999977,303.05,62540.0,0.24,326.11
8622,M23481,2,297.6,308.5,1431,52.6,26,0,0,0,0,0,0,10.899999999999977,303.05,75270.6,0.15,197.76
8623,L55802,1,297.5,308.3,1437,42.3,29,0,0,0,0,0,0,10.800000000000011,302.9,60785.1,0.17,27.19
8624,M23483,2,297.5,308.3,1476,45.6,31,0,0,0,0,0,0,10.800000000000011,302.9,67305.6,0.29,532.71
8625,H38038,0,297.5,308.4,1490,39.7,34,0,0,0,0,0,0,10.899999999999977,302.95,59153.00000000001,0.07,369.86
8626,L55805,1,297.4,308.3,1632,33.5,39,0,0,0,0,0,0,10.900000000000034,302.85,54672.0,0.24,315.8
8627,L55806,1,297.4,308.2,1402,49.7,41,0,0,0,0,0,0,10.800000000000011,302.79999999999995,69679.40000000001,0.21,387.1
8628,L55807,1,297.4,308.3,1347,45.8,43,0,0,0,0,0,0,10.900000000000034,302.85,61692.6,0.04,180.46
8629,L55808,1,297.5,308.4,1747,31.0,45,0,0,0,0,0,0,10.899999999999977,302.95,54157.0,0.28,431.92
8630,H38043,0,297.5,308.5,1557,39.1,47,0,0,0,0,0,0,11.0,303.0,60878.700000000004,0.26,568.97
8631,L55810,1,297.4,308.4,1371,57.4,52,0,0,0,0,0,0,11.0,302.9,78695.4,0.23,567.6
8632,H38045,0,297.3,308.3,1506,37.0,54,0,0,0,0,0,0,11.0,302.8,55722.0,0.04,471.22
8633,L55812,1,297.3,308.3,1590,35.5,59,0,0,0,0,0,0,11.0,302.8,56445.0,0.04,493.09
8634,L55813,1,297.4,308.3,1336,53.7,61,0,0,0,0,0,0,10.900000000000034,302.85,71743.2,0.2,479.23
8635,L55814,1,297.3,308.3,1411,43.2,63,0,0,0,0,0,0,11.0,302.8,60955.200000000004,0.03,771.32
8636,L55815,1,297.4,308.3,1704,27.3,65,0,0,0,0,0,0,10.900000000000034,302.85,46519.200000000004,0.03,587.49
8637,L55816,1,297.5,308.4,1723,27.3,67,0,0,0,0,0,0,10.899999999999977,302.95,47037.9,0.12,356.28
8638,L55817,1,297.5,308.5,1459,39.7,69,0,0,0,0,0,0,11.0,303.0,57922.3,0.0,363.99
8639,L55818,1,297.6,308.5,1572,35.9,71,0,0,0,0,0,0,10.899999999999977,303.05,56434.799999999996,0.22,277.13
8640,L55819,1,297.5,308.4,1384,56.0,73,0,0,0,0,0,0,10.899999999999977,302.95,77504.0,0.16,529.09
8641,L55820,1,297.6,308.6,1383,47.5,75,0,0,0,0,0,0,11.0,303.1,65692.5,0.02,646.05
8642,M23501,2,297.6,308.5,1360,48.6,77,0,0,0,0,0,0,10.899999999999977,303.05,66096.0,0.16,962.2
8643,M23502,2,297.5,308.4,1596,36.6,80,0,0,0,0,0,0,10.899999999999977,302.95,58413.600000000006,0.02,401.81
8644,L55823,1,297.5,308.5,1448,54.3,83,0,0,0,0,0,0,11.0,303.0,78626.4,0.02,485.23
8645,M23504,2,297.6,308.5,1443,38.2,85,0,0,0,0,0,0,10.899999999999977,303.05,55122.600000000006,0.15,665.8
8646,M23505,2,297.6,308.6,1492,35.5,88,0,0,0,0,0,0,11.0,303.1,52966.0,0.15,886.96
8647,L55826,1,297.5,308.6,1497,43.9,91,0,0,0,0,0,0,11.100000000000023,303.05,65718.3,0.1,407.55
8648,L55827,1,297.5,308.5,1530,38.5,93,0,0,0,0,0,0,11.0,303.0,58905.0,0.19,1053.33
8649,M23508,2,297.4,308.4,1478,46.2,95,0,0,0,0,0,0,11.0,302.9,68283.6,0.12,547.44
8650,L55829,1,297.4,308.4,1328,61.8,98,0,0,0,0,0,0,11.0,302.9,82070.4,0.18,494.48
8651,H38064,0,297.4,308.3,1771,27.4,100,0,0,0,0,0,0,10.900000000000034,302.85,48525.399999999994,0.1,552.71
8652,M23511,2,297.4,308.4,1564,35.0,105,0,0,0,0,0,0,11.0,302.9,54740.0,0.21,613.56
8653,H38066,0,297.3,308.3,1461,41.5,108,0,0,0,0,0,0,11.0,302.8,60631.5,0.17,772.89
8654,M23513,2,297.4,308.3,1335,57.9,113,0,0,0,0,0,0,10.900000000000034,302.85,77296.5,0.05,367.14
8655,M23514,2,297.4,308.4,1441,46.8,116,0,0,0,0,0,0,11.0,302.9,67438.8,0.21,811.25
8656,L55835,1,297.3,308.3,1268,60.6,119,0,0,0,0,0,0,11.0,302.8,76840.8,0.24,934.6
8657,M23516,2,297.3,308.3,1697,27.4,121,0,0,0,0,0,0,11.0,302.8,46497.799999999996,0.02,847.43
8658,L55837,1,297.4,308.4,1421,46.0,124,0,0,0,0,0,0,11.0,302.9,65366.0,0.18,902.09
8659,L55838,1,297.4,308.5,1496,36.4,126,0,0,0,0,0,0,11.100000000000023,302.95,54454.4,0.24,1083.19
8660,L55839,1,297.5,308.5,1375,55.6,128,0,0,0,0,0,0,11.0,303.0,76450.0,0.03,579.15
8661,L55840,1,297.4,308.5,1295,52.1,130,0,0,0,0,0,0,11.100000000000023,302.95,67469.5,0.27,979.13
8662,L55841,1,297.4,308.5,1643,33.8,132,0,0,0,0,0,0,11.100000000000023,302.95,55533.399999999994,0.12,445.62
8663,L55842,1,297.5,308.6,1514,36.9,134,0,0,0,0,0,0,11.100000000000023,303.05,55866.6,0.22,872.9
8664,L55843,1,297.5,308.6,1671,29.4,136,0,0,0,0,0,0,11.100000000000023,303.05,49127.399999999994,0.27,1008.01
8665,H38078,0,297.5,308.6,1355,58.9,138,0,0,0,0,0,0,11.100000000000023,303.05,79809.5,0.3,1061.58
8666,L55845,1,297.6,308.7,1365,50.6,143,0,0,0,0,0,0,11.099999999999966,303.15,69069.0,0.18,658.89
8667,L55846,1,297.5,308.7,1407,42.5,145,0,0,0,0,0,0,11.199999999999989,303.1,59797.5,0.21,876.48
8668,M23527,2,297.5,308.8,1455,46.1,147,0,0,0,0,0,0,11.300000000000011,303.15,67075.5,0.08,777.39
8669,L55848,1,297.5,308.8,1502,45.9,150,0,0,0,0,0,0,11.300000000000011,303.15,68941.8,0.09,775.64
8670,M23529,2,297.5,308.8,1471,52.3,152,0,0,0,0,0,0,11.300000000000011,303.15,76933.3,0.26,1128.75
8671,L55850,1,297.5,308.9,1581,30.4,155,0,0,0,0,0,0,11.399999999999977,303.2,48062.399999999994,0.12,862.48
8672,L55851,1,297.5,308.8,1530,37.8,157,0,0,0,0,0,0,11.300000000000011,303.15,57833.99999999999,0.25,1049.9
8673,L55852,1,297.5,308.8,1312,50.3,159,0,0,0,0,0,0,11.300000000000011,303.15,65993.59999999999,0.02,741.56
8674,L55853,1,297.4,308.6,1494,42.6,161,0,0,0,0,0,0,11.200000000000045,303.0,63644.4,0.07,1034.72
8675,M23534,2,297.4,308.6,1528,29.1,163,0,0,0,0,0,0,11.200000000000045,303.0,44464.8,0.05,1035.89
8676,H38089,0,297.3,308.6,1688,29.4,166,0,0,0,0,0,0,11.300000000000011,302.95000000000005,49627.2,0.16,943.75
8677,M23536,2,297.3,308.5,1520,42.4,171,0,0,0,0,0,0,11.199999999999989,302.9,64448.0,0.02,1302.59
8678,M23537,2,297.3,308.5,1664,28.9,174,0,0,0,0,0,0,11.199999999999989,302.9,48089.6,0.1,855.03
8679,L55858,1,297.3,308.5,1514,44.5,177,0,0,0,0,0,0,11.199999999999989,302.9,67373.0,0.3,1336.08
8680,L55859,1,297.3,308.5,1456,54.2,179,0,0,0,0,0,0,11.199999999999989,302.9,78915.2,0.24,992.35
8681,L55860,1,297.2,308.5,1494,39.6,181,0,0,0,0,0,0,11.300000000000011,302.85,59162.4,0.23,1250.95
8682,L55861,1,297.2,308.4,1605,30.0,183,0,0,0,0,0,0,11.199999999999989,302.79999999999995,48150.0,0.04,1059.25
8683,M23542,2,297.2,308.5,1353,46.5,185,0,0,0,0,0,0,11.300000000000011,302.85,62914.5,0.11,883.24
8684,L55863,1,297.2,308.5,1447,47.9,188,0,0,0,0,0,0,11.300000000000011,302.85,69311.3,0.2,1120.41
8685,L55864,1,297.2,308.5,1588,40.4,190,0,0,0,0,0,0,11.300000000000011,302.85,64155.2,0.01,1240.16
8686,H38099,0,297.2,308.5,1524,41.4,192,0,0,0,0,0,0,11.300000000000011,302.85,63093.6,0.13,967.85
8687,M23546,2,297.2,308.5,1611,31.6,197,0,0,0,0,0,0,11.300000000000011,302.85,50907.600000000006,0.28,1325.28
8688,M23547,2,297.2,308.5,1604,34.9,200,0,0,0,0,0,0,11.300000000000011,302.85,55979.6,0.02,1070.32
8689,L55868,1,297.1,308.5,1483,46.9,203,0,0,0,0,0,0,11.399999999999977,302.8,69552.7,0.27,1278.66
8690,L55869,1,297.1,308.4,1543,39.6,205,0,0,0,0,0,0,11.299999999999955,302.75,61102.8,0.06,825.33
8691,L55870,1,297.1,308.5,1323,44.4,207,1,1,0,0,0,0,11.399999999999977,302.8,58741.2,1.24,2399.29
8692,L55871,1,297.1,308.5,1555,36.2,0,0,0,0,0,0,0,11.399999999999977,302.8,56291.00000000001,0.06,61.74
8693,L55872,1,297.1,308.4,1583,31.9,2,0,0,0,0,0,0,11.299999999999955,302.75,50497.7,0.28,455.58
8694,M23553,2,297.2,308.5,1584,40.0,4,0,0,0,0,0,0,11.300000000000011,302.85,63360.0,0.18,234.76
8695,L55874,1,297.2,308.5,1766,25.8,7,0,0,0,0,0,0,11.300000000000011,302.85,45562.8,0.23,274.67
8696,M23555,2,297.2,308.6,1498,44.4,9,0,0,0,0,0,0,11.400000000000034,302.9,66511.2,0.11,210.88
8697,L55876,1,297.2,308.6,1413,49.8,12,0,0,0,0,0,0,11.400000000000034,302.9,70367.4,0.26,171.87
8698,L55877,1,297.3,308.6,1505,33.5,14,0,0,0,0,0,0,11.300000000000011,302.95000000000005,50417.5,0.17,473.72
8699,H38112,0,297.3,308.7,1438,46.2,16,0,0,0,0,0,0,11.399999999999977,303.0,66435.6,0.18,203.69
8700,M23559,2,297.3,308.7,1655,34.1,21,0,0,0,0,0,0,11.399999999999977,303.0,56435.5,0.23,280.62
8701,M23560,2,297.3,308.7,1451,43.8,24,0,0,0,0,0,0,11.399999999999977,303.0,63553.799999999996,0.23,543.84
8702,M23561,2,297.3,308.7,1466,38.4,27,0,0,0,0,0,0,11.399999999999977,303.0,56294.4,0.2,372.1
8703,L55882,1,297.2,308.6,1774,23.0,30,0,0,0,0,0,0,11.400000000000034,302.9,40802.0,0.04,154.53
8704,M23563,2,297.2,308.6,1284,51.3,32,0,0,0,0,0,0,11.400000000000034,302.9,65869.2,0.26,482.07
8705,L55884,1,297.1,308.5,1425,40.0,35,0,0,0,0,0,0,11.399999999999977,302.8,57000.0,0.08,348.9
8706,L55885,1,297.2,308.6,1437,52.4,37,0,0,0,0,0,0,11.400000000000034,302.9,75298.8,0.3,467.25
8707,L55886,1,297.2,308.6,1335,53.0,39,0,0,0,0,0,0,11.400000000000034,302.9,70755.0,0.12,453.35
8708,L55887,1,297.2,308.5,1471,41.7,41,0,0,0,0,0,0,11.300000000000011,302.85,61340.700000000004,0.04,54.42
8709,M23568,2,297.2,308.5,1364,54.0,43,0,0,0,0,0,0,11.300000000000011,302.85,73656.0,0.09,344.27
8710,L55889,1,297.1,308.5,1578,35.6,46,0,0,0,0,0,0,11.399999999999977,302.8,56176.8,0.17,520.04
8711,L55890,1,297.1,308.5,1712,32.1,48,0,0,0,0,0,0,11.399999999999977,302.8,54955.200000000004,0.12,453.27
8712,L55891,1,297.1,308.5,1733,28.7,50,0,0,0,0,0,0,11.399999999999977,302.8,49737.1,0.25,163.84
8713,L55892,1,297.2,308.6,1652,32.1,52,0,0,0,0,0,0,11.400000000000034,302.9,53029.200000000004,0.2,441.01
8714,L55893,1,297.2,308.6,1917,24.1,54,0,0,0,0,0,0,11.400000000000034,302.9,46199.700000000004,0.06,147.89
8715,M23574,2,297.2,308.6,1444,41.1,56,0,0,0,0,0,0,11.400000000000034,302.9,59348.4,0.16,632.87
8716,L55895,1,297.1,308.6,1442,37.1,59,0,0,0,0,0,0,11.5,302.85,53498.200000000004,0.24,476.4
8717,M23576,2,297.1,308.6,1717,31.3,61,0,0,0,0,0,0,11.5,302.85,53742.1,0.27,751.21
8718,L55897,1,297.1,308.7,1474,42.3,64,0,0,0,0,0,0,11.599999999999966,302.9,62350.2,0.12,257.44
8719,L55898,1,297.2,308.7,1509,39.3,66,0,0,0,0,0,0,11.5,302.95,59303.7,0.28,668.6
8720,L55899,1,297.2,308.8,1451,43.1,68,0,0,0,0,0,0,11.600000000000023,303.0,62538.1,0.01,351.19
8721,L55900,1,297.3,308.8,1554,36.1,70,0,0,0,0,0,0,11.5,303.05,56099.4,0.2,964.61
8722,L55901,1,297.2,308.7,1669,30.7,72,0,0,0,0,0,0,11.5,302.95,51238.299999999996,0.23,766.69
8723,L55902,1,297.2,308.6,1366,50.4,74,0,0,0,0,0,0,11.400000000000034,302.9,68846.4,0.13,667.08
8724,L55903,1,297.2,308.6,1578,34.4,76,0,0,0,0,0,0,11.400000000000034,302.9,54283.2,0.0,684.17
8725,M23584,2,297.2,308.6,1513,39.0,78,0,0,0,0,0,0,11.400000000000034,302.9,59007.0,0.21,642.57
8726,M23585,2,297.1,308.5,1515,42.1,81,0,0,0,0,0,0,11.399999999999977,302.8,63781.5,0.1,490.07
8727,L55906,1,297.2,308.6,1562,33.0,84,0,0,0,0,0,0,11.400000000000034,302.9,51546.0,0.05,437.97
8728,L55907,1,297.2,308.7,1501,38.5,86,0,0,0,0,0,0,11.5,302.95,57788.5,0.05,529.17
8729,M23588,2,297.2,308.7,1398,38.1,88,0,0,0,0,0,0,11.5,302.95,53263.8,0.23,254.48
8730,L55909,1,297.3,308.7,1352,53.8,91,0,0,0,0,0,0,11.399999999999977,303.0,72737.59999999999,0.06,515.35
8731,H38144,0,297.3,308.7,1569,33.9,93,0,0,0,0,0,0,11.399999999999977,303.0,53189.1,0.15,649.02
8732,H38145,0,297.2,308.6,1486,46.6,98,0,0,0,0,0,0,11.400000000000034,302.9,69247.6,0.29,756.62
8733,L55912,1,297.2,308.6,1864,23.6,103,0,0,0,0,0,0,11.400000000000034,302.9,43990.4,0.23,515.36
8734,M23593,2,297.3,308.7,1447,44.5,105,0,0,0,0,0,0,11.399999999999977,303.0,64391.5,0.16,662.52
8735,L55914,1,297.2,308.6,1392,41.5,108,0,0,0,0,0,0,11.400000000000034,302.9,57768.0,0.16,469.95
8736,L55915,1,297.3,308.6,1358,47.6,110,0,0,0,0,0,0,11.300000000000011,302.95000000000005,64640.8,0.05,866.06
8737,L55916,1,297.3,308.7,1491,40.2,112,0,0,0,0,0,0,11.399999999999977,303.0,59938.200000000004,0.13,651.4
8738,L55917,1,297.3,308.7,1556,36.7,114,0,0,0,0,0,0,11.399999999999977,303.0,57105.200000000004,0.04,300.59
8739,L55918,1,297.3,308.7,1531,36.7,116,0,0,0,0,0,0,11.399999999999977,303.0,56187.700000000004,0.03,579.02
8740,H38153,0,297.4,308.7,1429,37.6,118,0,0,0,0,0,0,11.300000000000011,303.04999999999995,53730.4,0.03,754.31
8741,M23600,2,297.4,308.8,1573,33.9,123,0,0,0,0,0,0,11.400000000000034,303.1,53324.7,0.18,821.41
8742,L55921,1,297.4,308.8,1538,41.2,126,0,0,0,0,0,0,11.400000000000034,303.1,63365.600000000006,0.06,552.92
8743,L55922,1,297.4,308.8,1467,39.0,128,0,0,0,0,0,0,11.400000000000034,303.1,57213.0,0.04,578.26
8744,H38157,0,297.4,308.7,1323,51.1,130,0,0,0,0,0,0,11.300000000000011,303.04999999999995,67605.3,0.26,866.97
8745,M23604,2,297.4,308.7,1798,23.0,135,0,0,0,0,0,0,11.300000000000011,303.04999999999995,41354.0,0.04,649.05
8746,L55925,1,297.4,308.6,1411,46.3,138,0,0,0,0,0,0,11.200000000000045,303.0,65329.299999999996,0.21,711.07
8747,L55926,1,297.3,308.5,1528,44.5,140,0,0,0,0,0,0,11.199999999999989,302.9,67996.0,0.13,819.86
8748,L55927,1,297.3,308.5,1504,42.0,142,0,0,0,0,0,0,11.199999999999989,302.9,63168.0,0.17,679.94
8749,L55928,1,297.3,308.5,1384,39.6,144,0,0,0,0,0,0,11.199999999999989,302.9,54806.4,0.01,872.36
8750,L55929,1,297.2,308.4,1677,26.4,146,0,0,0,0,0,0,11.199999999999989,302.79999999999995,44272.799999999996,0.0,890.67
8751,L55930,1,297.3,308.5,1764,30.8,148,0,0,0,0,0,0,11.199999999999989,302.9,54331.200000000004,0.25,839.52
8752,M23611,2,297.4,308.5,1472,42.0,150,0,0,0,0,0,0,11.100000000000023,302.95,61824.0,0.14,782.5
8753,M23612,2,297.4,308.5,1465,55.9,153,0,0,0,0,0,0,11.100000000000023,302.95,81893.5,0.02,721.55
8754,M23613,2,297.4,308.6,1657,33.1,156,0,0,0,0,0,0,11.200000000000045,303.0,54846.700000000004,0.1,875.27
8755,L55934,1,297.4,308.6,1635,30.5,159,0,0,0,0,0,0,11.200000000000045,303.0,49867.5,0.15,983.53
8756,M23615,2,297.4,308.7,1582,31.9,161,0,0,0,0,0,0,11.300000000000011,303.04999999999995,50465.799999999996,0.04,914.46
8757,L55936,1,297.5,308.7,1761,26.2,164,0,0,0,0,0,0,11.199999999999989,303.1,46138.2,0.16,1045.96
8758,L55937,1,297.5,308.8,1587,34.9,166,0,0,0,0,0,0,11.300000000000011,303.15,55386.299999999996,0.16,1223.08
8759,M23618,2,297.5,308.7,1446,53.0,168,0,0,0,0,0,0,11.199999999999989,303.1,76638.0,0.18,1029.05
8760,M23619,2,297.5,308.7,1352,53.0,171,0,0,0,0,0,0,11.199999999999989,303.1,71656.0,0.24,899.63
8761,M23620,2,297.4,308.7,1392,46.4,174,0,0,0,0,0,0,11.300000000000011,303.04999999999995,64588.799999999996,0.12,748.62
8762,L55941,1,297.5,308.8,1417,49.8,177,0,0,0,0,0,0,11.300000000000011,303.15,70566.59999999999,0.27,1400.37
8763,H38176,0,297.5,308.8,1824,24.0,179,0,0,0,0,0,0,11.300000000000011,303.15,43776.0,0.14,1111.45
8764,L55943,1,297.5,308.8,1603,36.7,184,0,0,0,0,0,0,11.300000000000011,303.15,58830.100000000006,0.14,1090.97
8765,L55944,1,297.4,308.8,1620,33.4,186,0,0,0,0,0,0,11.400000000000034,303.1,54108.0,0.2,1197.35
8766,L55945,1,297.4,308.8,1353,49.4,188,0,0,0,0,0,0,11.400000000000034,303.1,66838.2,0.19,1154.04
8767,L55946,1,297.5,308.8,1360,50.7,190,0,0,0,0,0,0,11.300000000000011,303.15,68952.0,0.0,1014.98
8768,L55947,1,297.5,308.6,1380,53.5,192,0,0,0,0,0,0,11.100000000000023,303.05,73830.0,0.29,1194.11
8769,M23628,2,297.5,308.7,1363,53.6,194,0,0,0,0,0,0,11.199999999999989,303.1,73056.8,0.28,1408.28
8770,M23629,2,297.4,308.6,1452,41.2,197,0,0,0,0,0,0,11.200000000000045,303.0,59822.4,0.08,986.27
8771,L55950,1,297.4,308.6,1680,32.8,200,0,0,0,0,0,0,11.200000000000045,303.0,55103.99999999999,0.17,1034.51
8772,L55951,1,297.5,308.6,1536,39.0,202,0,0,0,0,0,0,11.100000000000023,303.05,59904.0,0.23,986.37
8773,L55952,1,297.5,308.6,1621,28.9,0,0,0,0,0,0,0,11.100000000000023,303.05,46846.899999999994,0.28,244.34
8774,L55953,1,297.5,308.6,1585,37.6,2,0,0,0,0,0,0,11.100000000000023,303.05,59596.0,0.18,380.13
8775,M23634,2,297.6,308.7,1408,51.5,4,0,0,0,0,0,0,11.099999999999966,303.15,72512.0,0.01,0.0
8776,H38189,0,297.5,308.6,1536,38.7,7,0,0,0,0,0,0,11.100000000000023,303.05,59443.200000000004,0.2,28.22
8777,L55956,1,297.5,308.6,1352,52.6,12,0,0,0,0,0,0,11.100000000000023,303.05,71115.2,0.03,132.72
8778,H38191,0,297.5,308.6,1481,38.8,14,0,0,0,0,0,0,11.100000000000023,303.05,57462.799999999996,0.2,172.34
8779,L55958,1,297.5,308.7,1454,45.0,19,0,0,0,0,0,0,11.199999999999989,303.1,65430.0,0.18,507.24
8780,M23639,2,297.5,308.6,1349,51.5,21,0,0,0,0,0,0,11.100000000000023,303.05,69473.5,0.19,456.19
8781,M23640,2,297.5,308.6,1327,52.1,24,0,0,0,0,0,0,11.100000000000023,303.05,69136.7,0.06,0.0
8782,L55961,1,297.6,308.7,1552,42.3,27,0,0,0,0,0,0,11.099999999999966,303.15,65649.59999999999,0.15,258.92
8783,L55962,1,297.5,308.7,1456,44.7,29,0,0,0,0,0,0,11.199999999999989,303.1,65083.200000000004,0.19,221.71
8784,M23643,2,297.6,308.6,1254,45.8,31,0,0,0,0,0,0,11.0,303.1,57433.2,0.09,70.92
8785,L55964,1,297.5,308.6,1437,43.3,34,0,0,0,0,0,0,11.100000000000023,303.05,62222.1,0.05,211.61
8786,L55965,1,297.5,308.6,1694,27.1,36,0,0,0,0,0,0,11.100000000000023,303.05,45907.4,0.07,372.73
8787,L55966,1,297.5,308.5,1306,50.7,38,0,0,0,0,0,0,11.0,303.0,66214.2,0.26,437.74
8788,M23647,2,297.5,308.5,1699,30.1,40,0,0,0,0,0,0,11.0,303.0,51139.9,0.14,262.58
8789,L55968,1,297.4,308.5,1369,53.2,43,0,0,0,0,0,0,11.100000000000023,302.95,72830.8,0.2,84.06
8790,L55969,1,297.4,308.5,1471,43.9,45,0,0,0,0,0,0,11.100000000000023,302.95,64576.9,0.15,275.13
8791,L55970,1,297.4,308.5,1410,43.9,47,0,0,0,0,0,0,11.100000000000023,302.95,61899.0,0.25,567.77
8792,M23651,2,297.4,308.5,1412,45.5,49,0,0,0,0,0,0,11.100000000000023,302.95,64246.0,0.15,193.71
8793,L55972,1,297.4,308.5,1418,51.2,52,0,0,0,0,0,0,11.100000000000023,302.95,72601.6,0.03,482.38
8794,L55973,1,297.4,308.5,1782,25.9,54,0,0,0,0,0,0,11.100000000000023,302.95,46153.799999999996,0.06,242.45
8795,M23654,2,297.4,308.5,1497,36.4,56,0,0,0,0,0,0,11.100000000000023,302.95,54490.799999999996,0.0,309.06
8796,L55975,1,297.3,308.4,1459,39.4,59,0,0,0,0,0,0,11.099999999999966,302.85,57484.6,0.25,485.13
8797,L55976,1,297.2,308.3,1796,23.8,61,0,0,0,0,0,0,11.100000000000023,302.75,42744.8,0.2,328.55
8798,L55977,1,297.2,308.3,1569,31.2,63,0,0,0,0,0,0,11.100000000000023,302.75,48952.799999999996,0.23,611.04
8799,L55978,1,297.3,308.4,1469,46.7,65,0,0,0,0,0,0,11.099999999999966,302.85,68602.3,0.21,445.3
8800,L55979,1,297.3,308.4,1472,41.3,67,0,0,0,0,0,0,11.099999999999966,302.85,60793.6,0.25,460.05
8801,L55980,1,297.4,308.5,1475,47.2,69,0,0,0,0,0,0,11.100000000000023,302.95,69620.0,0.3,288.58
8802,L55981,1,297.4,308.6,1488,36.4,71,0,0,0,0,0,0,11.200000000000045,303.0,54163.2,0.2,750.4
8803,L55982,1,297.4,308.6,1524,43.1,73,0,0,0,0,0,0,11.200000000000045,303.0,65684.40000000001,0.08,445.92
8804,L55983,1,297.4,308.5,1486,48.6,75,0,0,0,0,0,0,11.100000000000023,302.95,72219.6,0.03,570.99
8805,M23664,2,297.5,308.6,1255,60.7,77,0,0,0,0,0,0,11.100000000000023,303.05,76178.5,0.18,658.03
8806,M23665,2,297.4,308.6,1469,42.6,80,0,0,0,0,0,0,11.200000000000045,303.0,62579.4,0.23,795.96
8807,L55986,1,297.4,308.5,1692,34.3,83,0,0,0,0,0,0,11.100000000000023,302.95,58035.6,0.17,500.38
8808,M23667,2,297.4,308.6,1604,32.8,85,0,0,0,0,0,0,11.200000000000045,303.0,52611.2,0.09,309.13
8809,L55988,1,297.4,308.6,1446,48.1,88,0,0,0,0,0,0,11.200000000000045,303.0,69552.6,0.22,774.4
8810,L55989,1,297.3,308.5,1503,43.3,90,0,0,0,0,0,0,11.199999999999989,302.9,65079.899999999994,0.13,599.53
8811,M23670,2,297.3,308.5,1625,32.8,92,0,0,0,0,0,0,11.199999999999989,302.9,53299.99999999999,0.09,480.05
8812,L55991,1,297.2,308.5,1574,35.8,95,0,0,0,0,0,0,11.300000000000011,302.85,56349.2,0.25,836.41
8813,M23672,2,297.2,308.4,1378,41.9,97,0,0,0,0,0,0,11.199999999999989,302.79999999999995,57738.2,0.17,701.22
8814,L55993,1,297.1,308.4,1693,29.5,100,0,0,0,0,0,0,11.299999999999955,302.75,49943.5,0.09,685.84
8815,L55994,1,297.2,308.4,1462,51.2,102,0,0,0,0,0,0,11.199999999999989,302.79999999999995,74854.40000000001,0.1,456.64
8816,H38229,0,297.3,308.5,1435,55.0,104,0,0,0,0,0,0,11.199999999999989,302.9,78925.0,0.17,836.64
8817,M23676,2,297.2,308.5,1425,45.8,109,0,0,0,0,0,0,11.300000000000011,302.85,65264.99999999999,0.13,674.31
8818,H38231,0,297.3,308.6,1376,53.5,112,0,0,0,0,0,0,11.300000000000011,302.95000000000005,73616.0,0.05,772.73
8819,M23678,2,297.4,308.7,1481,48.0,117,0,0,0,0,0,0,11.300000000000011,303.04999999999995,71088.0,0.18,910.24
8820,H38233,0,297.4,308.7,1349,48.9,120,0,0,0,0,0,0,11.300000000000011,303.04999999999995,65966.09999999999,0.21,912.94
8821,L56000,1,297.3,308.7,1551,40.0,125,0,0,0,0,0,0,11.399999999999977,303.0,62040.0,0.0,608.33
8822,H38235,0,297.4,308.7,1623,33.8,127,0,0,0,0,0,0,11.300000000000011,303.04999999999995,54857.399999999994,0.16,901.44
8823,L56002,1,297.4,308.8,1462,49.7,132,0,0,0,0,0,0,11.400000000000034,303.1,72661.40000000001,0.17,996.62
8824,M23683,2,297.3,308.8,1447,57.4,134,0,0,0,0,0,0,11.5,303.05,83057.8,0.1,861.01
8825,M23684,2,297.3,308.9,1799,24.5,137,0,0,0,0,0,0,11.599999999999966,303.1,44075.5,0.1,815.39
8826,M23685,2,297.3,308.8,1548,41.3,140,0,0,0,0,0,0,11.5,303.05,63932.399999999994,0.1,906.78
8827,M23686,2,297.2,308.8,1485,47.9,143,0,0,0,0,0,0,11.600000000000023,303.0,71131.5,0.13,766.14
8828,L56007,1,297.2,308.7,1463,49.9,146,0,0,0,0,0,0,11.5,302.95,73003.7,0.24,1197.1
8829,L56008,1,297.3,308.7,1587,35.8,148,0,0,0,0,0,0,11.399999999999977,303.0,56814.6,0.14,627.73
8830,M23689,2,297.3,308.8,1469,44.1,150,0,0,0,0,0,0,11.5,303.05,64782.9,0.3,1055.16
8831,H38244,0,297.3,308.7,1430,42.8,153,0,0,0,0,0,0,11.399999999999977,303.0,61203.99999999999,0.11,814.11
8832,H38245,0,297.4,308.7,1726,26.8,158,0,0,0,0,0,0,11.300000000000011,303.04999999999995,46256.8,0.21,903.87
8833,L56012,1,297.4,308.8,1651,34.1,163,0,0,0,0,0,0,11.400000000000034,303.1,56299.100000000006,0.16,1020.78
8834,L56013,1,297.4,308.8,1529,41.3,165,0,0,0,0,0,0,11.400000000000034,303.1,63147.7,0.23,886.18
8835,L56014,1,297.4,308.8,1473,46.2,167,0,0,0,0,0,0,11.400000000000034,303.1,68052.6,0.27,1427.79
8836,H38249,0,297.4,308.8,1324,53.5,169,0,0,0,0,0,0,11.400000000000034,303.1,70834.0,0.15,792.18
8837,L56016,1,297.4,308.9,1708,28.8,174,0,0,0,0,0,0,11.5,303.15,49190.4,0.15,877.31
8838,M23697,2,297.5,309.1,1540,38.5,176,0,0,0,0,0,0,11.600000000000023,303.3,59290.0,0.28,1003.15
8839,L56018,1,297.5,309.0,1320,54.7,179,0,0,0,0,0,0,11.5,303.25,72204.0,0.28,1204.77
8840,M23699,2,297.4,308.9,1376,39.0,181,0,0,0,0,0,0,11.5,303.15,53664.0,0.3,1357.18
8841,M23700,2,297.3,308.7,1542,37.0,184,0,0,0,0,0,0,11.399999999999977,303.0,57054.0,0.05,1048.9
8842,L56021,1,297.3,308.7,1506,39.3,187,0,0,0,0,0,0,11.399999999999977,303.0,59185.799999999996,0.0,1155.85
8843,L56022,1,297.3,308.7,1492,43.6,189,0,0,0,0,0,0,11.399999999999977,303.0,65051.200000000004,0.13,950.91
8844,H38257,0,297.3,308.8,1564,38.0,191,0,0,0,0,0,0,11.5,303.05,59432.0,0.22,1273.81
8845,H38258,0,297.4,308.9,1645,30.8,196,0,0,0,0,0,0,11.5,303.15,50666.0,0.02,954.47
8846,M23705,2,297.4,308.9,1348,59.1,201,0,0,0,0,0,0,11.5,303.15,79666.8,0.11,1149.21
8847,M23706,2,297.4,308.8,1325,62.4,204,1,1,0,0,1,0,11.400000000000034,303.1,82680.0,1.88,3066.3
8848,L56027,1,297.5,308.9,1443,43.5,0,0,0,0,0,0,0,11.399999999999977,303.2,62770.5,0.06,0.0
8849,M23708,2,297.5,308.9,1436,44.8,2,0,0,0,0,0,0,11.399999999999977,303.2,64332.799999999996,0.22,528.65
8850,L56029,1,297.5,308.9,1596,30.7,5,0,0,0,0,0,0,11.399999999999977,303.2,48997.2,0.07,73.21
8851,L56030,1,297.6,309.0,1491,43.2,7,0,0,0,0,0,0,11.399999999999977,303.3,64411.200000000004,0.25,44.01
8852,M23711,2,297.7,308.9,1573,35.1,9,0,0,0,0,0,0,11.199999999999989,303.29999999999995,55212.3,0.1,41.07
8853,L56032,1,297.7,308.9,1575,39.9,12,0,0,0,0,0,0,11.199999999999989,303.29999999999995,62842.5,0.18,255.35
8854,L56033,1,297.7,308.9,1458,41.1,14,0,0,0,0,0,0,11.199999999999989,303.29999999999995,59923.8,0.16,126.04
8855,M23714,2,297.7,309.0,1433,41.8,16,0,0,0,0,0,0,11.300000000000011,303.35,59899.399999999994,0.09,0.0
8856,L56035,1,297.7,308.9,1662,28.1,19,0,0,0,0,0,0,11.199999999999989,303.29999999999995,46702.200000000004,0.13,239.52
8857,M23716,2,297.7,308.9,1327,63.7,21,0,0,0,0,0,0,11.199999999999989,303.29999999999995,84529.90000000001,0.25,246.74
8858,L56037,1,297.7,308.9,1742,26.3,24,0,0,0,0,0,0,11.199999999999989,303.29999999999995,45814.6,0.16,377.67
8859,L56038,1,297.8,308.9,1506,33.5,26,0,0,0,0,0,0,11.099999999999966,303.35,50451.0,0.02,0.0
8860,L56039,1,297.9,309.1,1457,44.4,28,0,0,0,0,0,0,11.200000000000045,303.5,64690.799999999996,0.21,689.23
8861,M23720,2,297.9,309.1,1488,37.3,30,0,0,0,0,0,0,11.200000000000045,303.5,55502.399999999994,0.05,277.04
8862,L56041,1,297.9,309.1,1619,34.7,33,0,0,0,0,0,0,11.200000000000045,303.5,56179.3,0.15,344.52
8863,M23722,2,298.0,309.2,1558,41.7,35,0,0,0,0,0,0,11.199999999999989,303.6,64968.600000000006,0.14,408.47
8864,L56043,1,298.0,309.2,1731,28.7,38,0,0,0,0,0,0,11.199999999999989,303.6,49679.7,0.15,66.77
8865,M23724,2,298.0,309.1,1574,34.8,40,0,0,0,0,0,0,11.100000000000023,303.55,54775.2,0.01,135.46
8866,L56045,1,297.9,309.0,1290,49.8,43,0,0,0,0,0,0,11.100000000000023,303.45,64241.99999999999,0.08,562.45
8867,H38280,0,297.9,308.9,1416,39.6,45,0,0,0,0,0,0,11.0,303.4,56073.6,0.02,196.98
8868,L56047,1,297.9,308.9,1566,41.9,50,0,0,0,0,0,0,11.0,303.4,65615.4,0.12,360.58
8869,L56048,1,297.9,309.0,1456,46.5,52,0,0,0,0,0,0,11.100000000000023,303.45,67704.0,0.19,380.03
8870,L56049,1,297.9,309.0,1528,37.5,54,0,0,0,0,0,0,11.100000000000023,303.45,57300.0,0.2,689.68
8871,M23730,2,297.9,309.1,1338,49.6,56,0,0,0,0,0,0,11.200000000000045,303.5,66364.8,0.02,263.3
8872,M23731,2,297.9,309.1,1558,39.2,59,0,0,0,0,0,0,11.200000000000045,303.5,61073.600000000006,0.04,147.22
8873,M23732,2,297.9,309.1,1614,38.1,62,0,0,0,0,0,0,11.200000000000045,303.5,61493.4,0.2,896.82
8874,H38287,0,298.0,309.1,1557,36.4,65,0,0,0,0,0,0,11.100000000000023,303.55,56674.799999999996,0.16,278.75
8875,L56054,1,298.1,309.3,1443,45.3,70,0,0,0,0,0,0,11.199999999999989,303.70000000000005,65367.899999999994,0.25,585.39
8876,H38289,0,298.1,309.3,1332,51.0,72,0,0,0,0,0,0,11.199999999999989,303.70000000000005,67932.0,0.06,293.73
8877,M23736,2,298.1,309.3,1752,25.2,77,0,0,0,0,0,0,11.199999999999989,303.70000000000005,44150.4,0.04,319.76
8878,M23737,2,298.1,309.2,1460,45.8,80,0,0,0,0,0,0,11.099999999999966,303.65,66868.0,0.11,351.03
8879,L56058,1,298.1,309.2,1802,26.9,83,0,0,0,0,0,0,11.099999999999966,303.65,48473.799999999996,0.19,524.0
8880,L56059,1,298.0,309.2,1527,39.5,85,0,0,0,0,0,0,11.199999999999989,303.6,60316.5,0.15,722.6
8881,L56060,1,298.0,309.2,1458,39.8,87,0,0,0,0,0,0,11.199999999999989,303.6,58028.399999999994,0.03,179.7
8882,H38295,0,298.0,309.2,1520,37.9,89,0,0,0,0,0,0,11.199999999999989,303.6,57608.0,0.02,654.12
8883,L56062,1,298.0,309.2,1378,49.7,94,0,0,0,0,0,0,11.199999999999989,303.6,68486.6,0.2,833.26
8884,M23743,2,297.9,309.2,1529,38.1,96,0,0,0,0,0,0,11.300000000000011,303.54999999999995,58254.9,0.09,646.36
8885,L56064,1,298.0,309.2,1527,32.4,99,0,0,0,0,0,0,11.199999999999989,303.6,49474.799999999996,0.2,713.93
8886,M23745,2,298.0,309.2,1438,42.9,101,0,0,0,0,0,0,11.199999999999989,303.6,61690.2,0.09,636.5
8887,L56066,1,297.9,309.0,1583,36.7,104,0,0,0,0,0,0,11.100000000000023,303.45,58096.100000000006,0.09,823.51
8888,L56067,1,297.8,308.9,1530,37.6,106,0,0,0,0,0,0,11.099999999999966,303.35,57528.0,0.06,328.13
8889,M23748,2,297.7,308.9,1530,39.1,108,0,0,0,0,0,0,11.199999999999989,303.29999999999995,59823.0,0.3,949.09
8890,M23749,2,297.7,308.8,2089,19.1,111,0,0,0,0,0,0,11.100000000000023,303.25,39899.9,0.0,443.07
8891,L56070,1,297.7,308.8,1616,34.2,114,0,0,0,0,0,0,11.100000000000023,303.25,55267.200000000004,0.04,733.86
8892,M23751,2,297.7,308.9,1681,28.3,116,0,0,0,0,0,0,11.199999999999989,303.29999999999995,47572.3,0.25,737.96
8893,L56072,1,297.6,308.8,1475,43.0,119,0,0,0,0,0,0,11.199999999999989,303.20000000000005,63425.0,0.04,741.03
8894,L56073,1,297.5,308.7,1371,46.5,121,0,0,0,0,0,0,11.199999999999989,303.1,63751.5,0.08,452.73
8895,M23754,2,297.5,308.7,1546,38.0,123,0,0,0,0,0,0,11.199999999999989,303.1,58748.0,0.08,441.11
8896,H38309,0,297.4,308.6,1461,40.1,126,0,0,0,0,0,0,11.200000000000045,303.0,58586.1,0.21,823.04
8897,L56076,1,297.4,308.7,1638,31.9,131,0,0,0,0,0,0,11.300000000000011,303.04999999999995,52252.2,0.12,990.33
8898,M23757,2,297.3,308.7,1577,35.6,133,0,0,0,0,0,0,11.399999999999977,303.0,56141.200000000004,0.25,995.44
8899,L56078,1,297.4,308.6,1532,38.7,136,0,0,0,0,0,0,11.200000000000045,303.0,59288.4,0.22,979.37
8900,M23759,2,297.3,308.5,1710,27.7,138,0,0,0,0,0,0,11.199999999999989,302.9,47367.0,0.16,979.03
8901,M23760,2,297.3,308.6,1584,29.4,141,0,0,0,0,0,0,11.300000000000011,302.95000000000005,46569.6,0.07,715.45
8902,L56081,1,297.3,308.6,1446,50.1,144,0,0,0,0,0,0,11.300000000000011,302.95000000000005,72444.6,0.24,1051.61
8903,H38316,0,297.4,308.7,1522,46.3,146,0,0,0,0,0,0,11.300000000000011,303.04999999999995,70468.59999999999,0.26,903.05
8904,M23763,2,297.4,308.7,1382,49.9,151,0,0,0,0,0,0,11.300000000000011,303.04999999999995,68961.8,0.25,957.9
8905,L56084,1,297.4,308.7,1584,38.2,154,0,0,0,0,0,0,11.300000000000011,303.04999999999995,60508.8,0.02,761.52
8906,L56085,1,297.3,308.6,1385,55.2,156,0,0,0,0,0,0,11.300000000000011,302.95000000000005,76452.0,0.21,908.17
8907,L56086,1,297.3,308.7,1592,34.4,158,0,0,0,0,0,0,11.399999999999977,303.0,54764.799999999996,0.21,990.09
8908,M23767,2,297.2,308.6,1404,43.7,160,0,0,0,0,0,0,11.400000000000034,302.9,61354.8,0.28,1041.82
8909,L56088,1,297.2,308.5,1518,44.3,163,0,0,0,0,0,0,11.300000000000011,302.85,67247.4,0.08,788.85
8910,L56089,1,297.1,308.4,1529,40.4,165,0,0,0,0,0,0,11.299999999999955,302.75,61771.6,0.24,1043.91
8911,L56090,1,297.1,308.4,1550,37.0,167,0,0,0,0,0,0,11.299999999999955,302.75,57350.0,0.21,1068.29
8912,L56091,1,297.1,308.3,1773,23.8,169,0,0,0,0,0,0,11.199999999999989,302.70000000000005,42197.4,0.26,940.02
8913,L56092,1,297.2,308.5,1446,43.7,171,0,0,0,0,0,0,11.300000000000011,302.85,63190.200000000004,0.21,1127.62
8914,M23773,2,297.2,308.5,1487,46.9,173,0,0,0,0,0,0,11.300000000000011,302.85,69740.3,0.26,1050.95
8915,M23774,2,297.3,308.5,1524,49.3,176,0,0,0,0,0,0,11.199999999999989,302.9,75133.2,0.11,1019.73
8916,L56095,1,297.1,308.3,1403,54.1,179,0,0,0,0,0,0,11.199999999999989,302.70000000000005,75902.3,0.05,845.21
8917,L56096,1,297.1,308.2,2267,15.7,181,0,0,0,0,0,0,11.099999999999966,302.65,35591.9,0.11,1172.57
8918,M23777,2,297.1,308.2,1529,37.9,183,0,0,0,0,0,0,11.099999999999966,302.65,57949.1,0.24,1298.42
8919,L56098,1,297.1,308.2,1402,51.2,186,0,0,0,0,0,0,11.099999999999966,302.65,71782.40000000001,0.04,812.59
8920,L56099,1,297.2,308.3,1693,28.0,188,0,0,0,0,0,0,11.100000000000023,302.75,47404.0,0.19,1208.75
8921,L56100,1,297.1,308.3,1496,45.8,190,0,0,0,0,0,0,11.199999999999989,302.70000000000005,68516.8,0.3,1466.94
8922,L56101,1,297.1,308.1,1633,33.3,192,0,0,0,0,0,0,11.0,302.6,54378.899999999994,0.27,1087.77
8923,L56102,1,297.1,308.2,1399,42.6,194,0,0,0,0,0,0,11.099999999999966,302.65,59597.4,0.2,1039.66
8924,M23783,2,297.0,308.1,1363,45.3,196,0,0,0,0,0,0,11.100000000000023,302.55,61743.899999999994,0.24,1330.26
8925,H38338,0,297.1,308.2,1527,42.2,199,0,0,0,0,0,0,11.099999999999966,302.65,64439.4,0.03,828.92
8926,M23785,2,297.2,308.2,1405,42.5,204,0,0,0,0,0,0,11.0,302.7,59712.5,0.15,1053.37
8927,M23786,2,297.3,308.3,1459,59.6,207,1,0,0,1,1,0,11.0,302.8,86956.40000000001,6.0,6882.8
8928,M23787,2,297.4,308.4,1789,25.0,210,0,0,0,0,0,0,11.0,302.9,44725.0,0.23,1392.12
8929,L56108,1,297.4,308.4,1531,41.5,213,0,0,0,0,0,0,11.0,302.9,63536.5,0.08,1041.14
8930,M23789,2,297.4,308.4,1620,35.8,215,0,0,0,0,0,0,11.0,302.9,57995.99999999999,0.03,1062.31
8931,L56110,1,297.4,308.4,1571,39.4,0,0,0,0,0,0,0,11.0,302.9,61897.399999999994,0.21,97.75
8932,L56111,1,297.4,308.4,1434,39.9,2,0,0,0,0,0,0,11.0,302.9,57216.6,0.15,332.28
8933,L56112,1,297.4,308.4,1474,43.6,4,0,0,0,0,0,0,11.0,302.9,64266.4,0.25,141.09
8934,M23793,2,297.3,308.3,1544,41.7,6,0,0,0,0,0,0,11.0,302.8,64384.8,0.14,0.0
8935,L56114,1,297.3,308.2,1601,35.7,9,0,0,0,0,0,0,10.899999999999977,302.75,57155.700000000004,0.25,77.98
8936,L56115,1,297.4,308.3,1801,26.9,11,0,0,0,0,0,0,10.900000000000034,302.85,48446.899999999994,0.15,309.05
8937,L56116,1,297.4,308.3,1465,42.0,13,0,0,0,0,0,0,10.900000000000034,302.85,61530.0,0.23,409.88
8938,M23797,2,297.4,308.4,1340,52.6,15,0,0,0,0,0,0,11.0,302.9,70484.0,0.22,482.28
8939,M23798,2,297.4,308.4,1517,41.0,18,0,0,0,0,0,0,11.0,302.9,62197.0,0.08,0.0
8940,M23799,2,297.3,308.4,1434,44.8,21,0,0,0,0,0,0,11.099999999999966,302.85,64243.2,0.09,160.32
8941,H38354,0,297.3,308.3,1935,19.3,24,0,0,0,0,0,0,11.0,302.8,37345.5,0.27,754.09
8942,M23801,2,297.3,308.3,1595,32.2,29,0,0,0,0,0,0,11.0,302.8,51359.00000000001,0.07,169.65
8943,L56122,1,297.3,308.3,2188,17.0,32,0,0,0,0,0,0,11.0,302.8,37196.0,0.21,285.49
8944,M23803,2,297.3,308.4,1449,44.4,34,0,0,0,0,0,0,11.099999999999966,302.85,64335.6,0.04,206.85
8945,L56124,1,297.3,308.3,1471,38.2,37,0,0,0,0,0,0,11.0,302.8,56192.200000000004,0.23,494.49
8946,L56125,1,297.4,308.2,1639,33.8,39,0,0,0,0,0,0,10.800000000000011,302.79999999999995,55398.2,0.07,341.98
8947,M23806,2,297.3,308.2,1846,24.5,41,0,0,0,0,0,0,10.899999999999977,302.75,45227.0,0.18,292.84
8948,M23807,2,297.3,308.2,1452,38.2,44,0,0,0,0,0,0,10.899999999999977,302.75,55466.4,0.17,302.24
8949,M23808,2,297.4,308.3,1483,41.9,47,0,0,0,0,0,0,10.900000000000034,302.85,62137.7,0.06,250.53
8950,L56129,1,297.4,308.3,1284,60.3,50,0,0,0,0,0,0,10.900000000000034,302.85,77425.2,0.15,290.49
8951,L56130,1,297.4,308.2,1419,50.0,52,0,0,0,0,0,0,10.800000000000011,302.79999999999995,70950.0,0.26,334.79
8952,L56131,1,297.3,308.1,1763,28.4,54,0,0,0,0,0,0,10.800000000000011,302.70000000000005,50069.2,0.2,741.19
8953,M23812,2,297.2,308.0,1478,42.5,56,0,0,0,0,0,0,10.800000000000011,302.6,62815.0,0.3,518.96
8954,L56133,1,297.3,308.0,1518,36.0,59,0,0,0,0,0,0,10.699999999999989,302.65,54648.0,0.24,482.46
8955,L56134,1,297.3,308.0,1447,49.0,61,0,0,0,0,0,0,10.699999999999989,302.65,70903.0,0.19,447.14
8956,M23815,2,297.4,308.0,1355,55.1,63,0,0,0,0,0,0,10.600000000000023,302.7,74660.5,0.17,472.92
8957,L56136,1,297.4,308.1,1348,57.4,66,0,0,0,0,0,0,10.700000000000045,302.75,77375.2,0.28,675.21
8958,L56137,1,297.4,308.1,1348,53.7,68,0,0,0,0,0,0,10.700000000000045,302.75,72387.6,0.16,430.22
8959,M23818,2,297.4,308.1,1734,27.7,70,0,0,0,0,0,0,10.700000000000045,302.75,48031.799999999996,0.12,640.9
8960,L56139,1,297.3,308.0,1420,46.5,73,0,0,0,0,0,0,10.699999999999989,302.65,66030.0,0.25,704.67
8961,L56140,1,297.3,307.9,1797,24.7,75,0,0,0,0,0,0,10.599999999999966,302.6,44385.9,0.28,626.37
8962,M23821,2,297.3,308.0,1403,45.0,77,0,0,0,0,0,0,10.699999999999989,302.65,63135.0,0.14,425.06
8963,L56142,1,297.3,307.9,1628,30.2,80,0,0,0,0,0,0,10.599999999999966,302.6,49165.6,0.04,602.74
8964,M23823,2,297.2,307.9,1687,30.4,82,0,0,0,0,0,0,10.699999999999989,302.54999999999995,51284.799999999996,0.18,565.69
8965,M23824,2,297.2,307.9,1456,44.9,85,0,0,0,0,0,0,10.699999999999989,302.54999999999995,65374.4,0.22,458.59
8966,L56145,1,297.1,307.9,1496,44.7,88,0,0,0,0,0,0,10.799999999999955,302.5,66871.2,0.11,703.16
8967,L56146,1,297.1,307.8,1636,30.3,90,0,0,0,0,0,0,10.699999999999989,302.45000000000005,49570.8,0.22,561.05
8968,L56147,1,297.1,307.8,1536,40.4,92,0,0,0,0,0,0,10.699999999999989,302.45000000000005,62054.399999999994,0.16,750.28
8969,L56148,1,297.1,307.8,1454,50.6,94,0,0,0,0,0,0,10.699999999999989,302.45000000000005,73572.40000000001,0.09,182.86
8970,L56149,1,297.0,307.8,1396,50.0,96,0,0,0,0,0,0,10.800000000000011,302.4,69800.0,0.19,614.7
8971,L56150,1,297.0,307.6,1575,37.4,98,0,0,0,0,0,0,10.600000000000023,302.3,58905.0,0.12,784.0
8972,L56151,1,296.9,307.6,1514,35.7,100,0,0,0,0,0,0,10.700000000000045,302.25,54049.8,0.24,740.77
8973,M23832,2,296.8,307.4,1455,49.9,102,0,0,0,0,0,0,10.599999999999966,302.1,72604.5,0.0,599.72
8974,L56153,1,296.8,307.4,1549,48.3,105,0,0,0,0,0,0,10.599999999999966,302.1,74816.7,0.25,639.71
8975,L56154,1,296.8,307.5,1474,42.4,107,0,0,0,0,0,0,10.699999999999989,302.15,62497.6,0.09,677.16
8976,H38389,0,296.7,307.4,1661,34.2,109,0,0,0,0,0,0,10.699999999999989,302.04999999999995,56806.200000000004,0.29,835.56
8977,L56156,1,296.7,307.4,1535,34.6,114,0,0,0,0,0,0,10.699999999999989,302.04999999999995,53111.0,0.23,836.5
8978,M23837,2,296.9,307.5,1556,31.2,116,0,0,0,0,0,0,10.600000000000023,302.2,48547.2,0.07,955.89
8979,L56158,1,296.9,307.6,1435,45.0,119,0,0,0,0,0,0,10.700000000000045,302.25,64575.0,0.29,1080.69
8980,M23839,2,296.9,307.5,1332,51.1,121,0,0,0,0,0,0,10.600000000000023,302.2,68065.2,0.15,873.8
8981,L56160,1,297.0,307.6,1513,42.4,124,0,0,0,0,0,0,10.600000000000023,302.3,64151.2,0.16,900.69
8982,L56161,1,297.0,307.7,1502,39.4,126,0,0,0,0,0,0,10.699999999999989,302.35,59178.799999999996,0.27,763.63
8983,L56162,1,297.0,307.7,1315,60.1,128,0,0,0,0,0,0,10.699999999999989,302.35,79031.5,0.28,849.32
8984,M23843,2,297.0,307.7,1261,51.1,130,0,0,0,0,0,0,10.699999999999989,302.35,64437.1,0.21,630.11
8985,L56164,1,297.1,307.8,1406,60.4,133,0,0,0,0,0,0,10.699999999999989,302.45000000000005,84922.4,0.29,764.56
8986,L56165,1,297.1,307.8,1584,42.3,135,0,0,0,0,0,0,10.699999999999989,302.45000000000005,67003.2,0.1,642.02
8987,M23846,2,297.1,307.8,1443,43.9,137,0,0,0,0,0,0,10.699999999999989,302.45000000000005,63347.7,0.07,750.63
8988,L56167,1,297.2,307.9,1580,35.8,140,0,0,0,0,0,0,10.699999999999989,302.54999999999995,56563.99999999999,0.01,526.25
8989,L56168,1,297.2,307.9,1825,24.6,142,0,0,0,0,0,0,10.699999999999989,302.54999999999995,44895.0,0.1,804.12
8990,L56169,1,297.2,307.9,1469,48.2,144,0,0,0,0,0,0,10.699999999999989,302.54999999999995,70805.8,0.18,876.9
8991,L56170,1,297.2,307.9,1493,38.4,146,0,0,0,0,0,0,10.699999999999989,302.54999999999995,57331.2,0.09,649.87
8992,M23851,2,297.3,308.0,1598,29.4,148,0,0,0,0,0,0,10.699999999999989,302.65,46981.2,0.17,1138.84
8993,H38406,0,297.2,307.9,1450,37.2,151,0,0,0,0,0,0,10.699999999999989,302.54999999999995,53940.00000000001,0.01,566.32
8994,M23853,2,297.2,307.9,1632,37.5,156,0,0,0,0,0,0,10.699999999999989,302.54999999999995,61200.0,0.11,1057.6
8995,M23854,2,297.1,307.9,1980,20.3,159,0,0,0,0,0,0,10.799999999999955,302.5,40194.0,0.22,676.86
8996,L56175,1,297.2,308.0,1474,43.7,162,0,0,0,0,0,0,10.800000000000011,302.6,64413.8,0.03,818.67
8997,L56176,1,297.2,307.9,1540,37.1,164,0,0,0,0,0,0,10.699999999999989,302.54999999999995,57134.0,0.21,850.36
8998,M23857,2,297.1,307.9,1609,38.9,166,0,0,0,0,0,0,10.799999999999955,302.5,62590.1,0.23,961.83
8999,L56178,1,297.1,308.0,1467,42.8,169,0,0,0,0,0,0,10.899999999999977,302.55,62787.6,0.17,1286.52
9000,L56179,1,297.1,307.9,1492,39.4,171,0,0,0,0,0,0,10.799999999999955,302.5,58784.799999999996,0.27,1072.95
9001,L56180,1,297.0,307.9,1493,46.1,173,0,0,0,0,0,0,10.899999999999977,302.45,68827.3,0.29,989.32
9002,L56181,1,297.0,307.8,1500,39.9,175,0,0,0,0,0,0,10.800000000000011,302.4,59850.0,0.01,958.15
9003,L56182,1,297.1,307.8,1477,36.6,177,0,0,0,0,0,0,10.699999999999989,302.45000000000005,54058.200000000004,0.2,1031.64
9004,L56183,1,297.1,307.9,1342,49.1,179,0,0,0,0,0,0,10.799999999999955,302.5,65892.2,0.07,987.61
9005,M23864,2,297.1,307.8,1538,34.3,181,0,0,0,0,0,0,10.699999999999989,302.45000000000005,52753.399999999994,0.12,887.83
9006,L56185,1,297.2,307.9,1337,58.1,184,0,0,0,0,0,0,10.699999999999989,302.54999999999995,77679.7,0.19,980.22
9007,L56186,1,297.3,307.9,1417,41.8,186,0,0,0,0,0,0,10.599999999999966,302.6,59230.6,0.21,1021.85
9008,L56187,1,297.4,308.0,1383,46.2,188,0,0,0,0,0,0,10.600000000000023,302.7,63894.600000000006,0.25,1309.76
9009,M23868,2,297.4,308.0,1440,42.4,190,0,0,0,0,0,0,10.600000000000023,302.7,61056.0,0.21,1125.98
9010,L56189,1,297.3,307.9,1579,34.4,193,0,0,0,0,0,0,10.599999999999966,302.6,54317.6,0.23,1037.76
9011,L56190,1,297.2,307.9,1441,40.0,195,0,0,0,0,0,0,10.699999999999989,302.54999999999995,57640.0,0.18,1179.27
9012,M23871,2,297.2,307.9,1530,35.9,197,0,0,0,0,0,0,10.699999999999989,302.54999999999995,54927.0,0.04,1036.92
9013,L56192,1,297.2,308.0,1705,26.0,200,0,0,0,0,0,0,10.800000000000011,302.6,44330.0,0.01,1096.04
9014,H38427,0,297.2,308.0,1435,43.0,202,0,0,0,0,0,0,10.800000000000011,302.6,61705.0,0.16,1097.73
9015,M23874,2,297.2,308.1,1340,61.3,207,1,0,0,0,1,0,10.900000000000034,302.65,82142.0,9.19,10213.36
9016,L56195,1,297.2,308.1,1431,49.7,210,1,0,0,0,0,0,10.900000000000034,302.65,71120.7,0.03,1143.25
9017,L56196,1,297.3,308.2,1396,52.7,212,1,0,0,0,1,0,10.899999999999977,302.75,73569.2,7.68,8588.6
9018,M23877,2,297.3,308.1,1369,52.0,214,0,0,0,0,0,0,10.800000000000011,302.70000000000005,71188.0,0.08,1282.93
9019,L56198,1,297.3,308.1,1615,35.4,217,1,1,0,0,0,0,10.800000000000011,302.70000000000005,57171.0,1.5,2587.47
9020,L56199,1,297.2,308.1,1662,31.3,0,0,0,0,0,0,0,10.900000000000034,302.65,52020.6,0.12,0.0
9021,L56200,1,297.3,308.2,1553,33.5,2,0,0,0,0,0,0,10.899999999999977,302.75,52025.5,0.06,0.0
9022,M23881,2,297.4,308.2,1536,34.6,4,0,0,0,0,0,0,10.800000000000011,302.79999999999995,53145.600000000006,0.0,5.09
9023,L56202,1,297.4,308.3,1548,46.6,7,0,0,0,0,0,0,10.900000000000034,302.85,72136.8,0.1,52.47
9024,L56203,1,297.4,308.3,1706,30.9,9,0,0,0,0,0,0,10.900000000000034,302.85,52715.399999999994,0.15,308.19
9025,L56204,1,297.4,308.3,1366,45.5,11,0,0,0,0,0,0,10.900000000000034,302.85,62153.0,0.28,291.99
9026,L56205,1,297.5,308.4,1440,35.9,13,0,0,0,0,0,0,10.899999999999977,302.95,51696.0,0.07,180.46
9027,M23886,2,297.5,308.4,1685,28.1,15,0,0,0,0,0,0,10.899999999999977,302.95,47348.5,0.15,97.71
9028,M23887,2,297.4,308.3,1444,44.0,18,0,0,0,0,0,0,10.900000000000034,302.85,63536.0,0.17,256.55
9029,L56208,1,297.4,308.3,1395,48.7,21,0,0,0,0,0,0,10.900000000000034,302.85,67936.5,0.19,492.33
9030,L56209,1,297.4,308.3,1483,38.8,23,0,0,0,0,0,0,10.900000000000034,302.85,57540.399999999994,0.1,192.78
9031,M23890,2,297.5,308.4,1403,44.3,25,0,0,0,0,0,0,10.899999999999977,302.95,62152.899999999994,0.03,72.06
9032,H38445,0,297.5,308.4,1793,23.9,28,0,0,0,0,0,0,10.899999999999977,302.95,42852.7,0.28,290.43
9033,L56212,1,297.4,308.3,1723,28.8,33,0,0,0,0,0,0,10.900000000000034,302.85,49622.4,0.29,452.18
9034,L56213,1,297.4,308.2,1386,41.0,35,0,0,0,0,0,0,10.800000000000011,302.79999999999995,56826.0,0.13,516.4
9035,H38448,0,297.4,308.2,1585,46.2,37,0,0,0,0,0,0,10.800000000000011,302.79999999999995,73227.0,0.17,150.46
9036,M23895,2,297.3,308.1,1731,27.7,42,0,0,0,0,0,0,10.800000000000011,302.70000000000005,47948.7,0.01,212.51
9037,L56216,1,297.3,308.3,1519,37.7,45,0,0,0,0,0,0,11.0,302.8,57266.3,0.01,0.0
9038,L56217,1,297.3,308.2,1896,24.4,47,0,0,0,0,0,0,10.899999999999977,302.75,46262.399999999994,0.02,193.44
9039,L56218,1,297.3,308.3,2358,14.9,49,0,0,0,0,0,0,11.0,302.8,35134.200000000004,0.22,504.42
9040,M23899,2,297.3,308.3,1341,51.9,51,0,0,0,0,0,0,11.0,302.8,69597.9,0.07,87.94
9041,L56220,1,297.3,308.3,1550,37.0,54,0,0,0,0,0,0,11.0,302.8,57350.0,0.06,263.28
9042,L56221,1,297.3,308.3,1309,61.5,56,0,0,0,0,0,0,11.0,302.8,80503.5,0.0,323.58
9043,M23902,2,297.3,308.4,1599,32.9,58,0,0,0,0,0,0,11.099999999999966,302.85,52607.1,0.01,319.67
9044,L56223,1,297.4,308.4,1343,40.0,61,0,0,0,0,0,0,11.0,302.9,53720.0,0.12,475.84
9045,L56224,1,297.4,308.4,1378,39.9,63,0,0,0,0,0,0,11.0,302.9,54982.2,0.16,328.81
9046,L56225,1,297.4,308.4,1603,34.6,65,0,0,0,0,0,0,11.0,302.9,55463.8,0.17,538.52
9047,L56226,1,297.4,308.4,1664,28.1,67,0,0,0,0,0,0,11.0,302.9,46758.4,0.14,385.0
9048,L56227,1,297.3,308.4,1488,37.4,69,0,0,0,0,0,0,11.099999999999966,302.85,55651.2,0.14,592.1
9049,M23908,2,297.3,308.4,1370,50.5,71,0,0,0,0,0,0,11.099999999999966,302.85,69185.0,0.23,238.4
9050,L56229,1,297.3,308.5,1545,34.3,74,0,0,0,0,0,0,11.199999999999989,302.9,52993.49999999999,0.09,416.56
9051,M23910,2,297.4,308.5,1566,31.4,76,0,0,0,0,0,0,11.100000000000023,302.95,49172.399999999994,0.07,464.83
9052,L56231,1,297.4,308.6,1820,24.6,79,0,0,0,0,0,0,11.200000000000045,303.0,44772.0,0.26,857.41
9053,M23912,2,297.4,308.6,1901,22.1,81,0,0,0,0,0,0,11.200000000000045,303.0,42012.100000000006,0.21,628.02
9054,M23913,2,297.4,308.5,1638,32.2,84,0,0,0,0,0,0,11.100000000000023,302.95,52743.600000000006,0.14,588.24
9055,M23914,2,297.3,308.4,1521,38.2,87,0,0,0,0,0,0,11.099999999999966,302.85,58102.200000000004,0.08,571.32
9056,H38469,0,297.3,308.4,1864,23.1,90,0,0,0,0,0,0,11.099999999999966,302.85,43058.4,0.04,677.96
9057,L56236,1,297.3,308.3,1430,41.9,95,0,0,0,0,0,0,11.0,302.8,59917.0,0.01,427.72
9058,M23917,2,297.3,308.4,1686,34.5,97,0,0,0,0,0,0,11.099999999999966,302.85,58167.0,0.26,534.53
9059,M23918,2,297.2,308.3,1326,57.2,100,0,0,0,0,0,0,11.100000000000023,302.75,75847.2,0.18,440.82
9060,L56239,1,297.2,308.3,1805,25.6,103,0,0,0,0,0,0,11.100000000000023,302.75,46208.0,0.01,624.63
9061,H38474,0,297.2,308.3,1453,45.8,105,0,0,0,0,0,0,11.100000000000023,302.75,66547.4,0.05,608.48
9062,M23921,2,297.2,308.4,1863,26.0,110,0,0,0,0,0,0,11.199999999999989,302.79999999999995,48438.0,0.08,591.55
9063,L56242,1,297.2,308.3,1576,35.3,113,0,0,0,0,0,0,11.100000000000023,302.75,55632.799999999996,0.08,557.09
9064,L56243,1,297.2,308.3,1419,39.7,115,0,0,0,0,0,0,11.100000000000023,302.75,56334.3,0.16,762.12
9065,L56244,1,297.2,308.4,1833,25.2,117,0,0,0,0,0,0,11.199999999999989,302.79999999999995,46191.6,0.12,736.46
9066,H38479,0,297.2,308.4,2182,17.3,119,0,0,0,0,0,0,11.199999999999989,302.79999999999995,37748.6,0.26,926.97
9067,L56246,1,297.2,308.3,1656,30.3,124,0,0,0,0,0,0,11.100000000000023,302.75,50176.8,0.22,673.7
9068,L56247,1,297.1,308.2,1351,56.6,126,0,0,0,0,0,0,11.099999999999966,302.65,76466.6,0.27,635.35
9069,H38482,0,297.1,308.2,1790,30.3,128,0,0,0,0,0,0,11.099999999999966,302.65,54237.0,0.26,762.97
9070,M23929,2,297.2,308.2,1678,28.1,133,0,0,0,0,0,0,11.0,302.7,47151.8,0.28,742.33
9071,L56250,1,297.1,308.2,1427,45.2,136,0,0,0,0,0,0,11.099999999999966,302.65,64500.4,0.29,759.56
9072,L56251,1,297.0,308.1,1429,54.0,138,0,0,0,0,0,0,11.100000000000023,302.55,77166.0,0.09,1015.46
9073,H38486,0,297.2,308.1,1770,27.2,140,0,0,0,0,0,0,10.900000000000034,302.65,48144.0,0.06,419.95
9074,L56253,1,297.2,308.1,1689,31.2,145,0,0,0,0,0,0,10.900000000000034,302.65,52696.799999999996,0.05,845.46
9075,M23934,2,297.2,308.1,1554,41.3,147,0,0,0,0,0,0,10.900000000000034,302.65,64180.2,0.19,1061.05
9076,L56255,1,297.3,308.1,1506,36.0,150,0,0,0,0,0,0,10.800000000000011,302.70000000000005,54216.0,0.2,1098.12
9077,L56256,1,297.2,308.1,1474,44.3,152,0,0,0,0,0,0,10.900000000000034,302.65,65298.2,0.03,831.58
9078,L56257,1,297.3,308.1,1762,26.1,154,0,0,0,0,0,0,10.800000000000011,302.70000000000005,45988.200000000004,0.25,1217.99
9079,L56258,1,297.3,308.1,1566,35.7,156,0,0,0,0,0,0,10.800000000000011,302.70000000000005,55906.200000000004,0.23,1277.51
9080,H38493,0,297.3,308.1,1554,42.4,158,0,0,0,0,0,0,10.800000000000011,302.70000000000005,65889.59999999999,0.19,934.67
9081,L56260,1,297.2,308.0,1869,25.4,163,0,0,0,0,0,0,10.800000000000011,302.6,47472.6,0.13,1012.12
9082,L56261,1,297.3,308.0,1527,35.1,165,0,0,0,0,0,0,10.699999999999989,302.65,53597.700000000004,0.05,1066.37
9083,L56262,1,297.2,307.9,1309,49.6,167,0,0,0,0,0,0,10.699999999999989,302.54999999999995,64926.4,0.15,855.71
9084,M23943,2,297.2,307.9,1541,35.7,169,0,0,0,0,0,0,10.699999999999989,302.54999999999995,55013.700000000004,0.05,858.26
9085,L56264,1,297.2,307.9,1326,75.4,172,1,0,0,1,1,0,10.699999999999989,302.54999999999995,99980.40000000001,5.68,6446.13
9086,H38499,0,297.1,307.9,1365,54.0,174,0,0,0,0,0,0,10.799999999999955,302.5,73710.0,0.09,1029.15
9087,L56266,1,297.1,307.8,1428,43.7,179,0,0,0,0,0,0,10.699999999999989,302.45000000000005,62403.600000000006,0.07,680.29
9088,L56267,1,297.1,307.8,1681,27.6,181,0,0,0,0,0,0,10.699999999999989,302.45000000000005,46395.600000000006,0.13,1250.49
9089,M23948,2,297.1,307.9,1662,26.9,183,0,0,0,0,0,0,10.799999999999955,302.5,44707.799999999996,0.17,1165.07
9090,L56269,1,297.2,307.9,1989,20.3,186,0,0,0,0,0,0,10.699999999999989,302.54999999999995,40376.700000000004,0.11,1128.49
9091,M23950,2,297.2,307.9,1747,29.0,188,0,0,0,0,0,0,10.699999999999989,302.54999999999995,50663.0,0.29,875.5
9092,M23951,2,297.2,308.0,1765,31.1,191,0,0,0,0,0,0,10.800000000000011,302.6,54891.5,0.0,798.98
9093,L56272,1,297.3,308.1,1568,34.4,194,0,0,0,0,0,0,10.800000000000011,302.70000000000005,53939.2,0.27,1463.57
9094,M23953,2,297.3,308.1,1709,30.6,196,0,0,0,0,0,0,10.800000000000011,302.70000000000005,52295.4,0.0,953.39
9095,M23954,2,297.3,308.1,1370,58.8,199,0,0,0,0,0,0,10.800000000000011,302.70000000000005,80556.0,0.07,806.39
9096,L56275,1,297.3,308.1,1458,45.7,202,0,0,0,0,0,0,10.800000000000011,302.70000000000005,66630.6,0.3,1343.24
9097,L56276,1,297.2,308.1,1712,30.9,204,0,0,0,0,0,0,10.900000000000034,302.65,52900.799999999996,0.22,1341.87
9098,L56277,1,297.3,308.1,1642,36.9,206,0,0,0,0,0,0,10.800000000000011,302.70000000000005,60589.799999999996,0.19,1299.72
9099,L56278,1,297.3,308.1,1468,49.8,0,0,0,0,0,0,0,10.800000000000011,302.70000000000005,73106.4,0.22,197.44
9100,H38513,0,297.3,308.1,1477,52.3,2,0,0,0,0,0,0,10.800000000000011,302.70000000000005,77247.09999999999,0.12,300.33
9101,L56280,1,297.3,308.2,1446,53.5,7,0,0,0,0,0,0,10.899999999999977,302.75,77361.0,0.24,169.7
9102,H38515,0,297.3,308.2,1653,31.4,9,0,0,0,0,0,0,10.899999999999977,302.75,51904.2,0.05,176.01
9103,L56282,1,297.3,308.3,1494,38.2,14,0,0,0,0,0,0,11.0,302.8,57070.8,0.24,330.25
9104,L56283,1,297.3,308.2,1490,41.0,16,0,0,0,0,0,0,10.899999999999977,302.75,61090.0,0.28,340.04
9105,M23964,2,297.4,308.3,1550,47.8,18,0,0,0,0,0,0,10.900000000000034,302.85,74090.0,0.26,293.15
9106,M23965,2,297.3,308.2,1677,34.9,21,0,0,0,0,0,0,10.899999999999977,302.75,58527.299999999996,0.22,273.46
9107,L56286,1,297.4,308.3,1854,21.8,24,0,0,0,0,0,0,10.900000000000034,302.85,40417.200000000004,0.2,324.84
9108,M23967,2,297.5,308.5,1662,30.3,26,0,0,0,0,0,0,11.0,303.0,50358.6,0.16,246.09
9109,M23968,2,297.5,308.6,1440,38.8,29,0,0,0,0,0,0,11.100000000000023,303.05,55871.99999999999,0.12,374.96
9110,L56289,1,297.5,308.6,1513,39.7,32,0,0,0,0,0,0,11.100000000000023,303.05,60066.100000000006,0.26,339.6
9111,M23970,2,297.6,308.6,1389,49.0,34,0,0,0,0,0,0,11.0,303.1,68061.0,0.19,595.24
9112,L56291,1,297.6,308.6,1351,51.0,37,0,0,0,0,0,0,11.0,303.1,68901.0,0.13,227.9
9113,M23972,2,297.6,308.6,1482,38.3,39,0,0,0,0,0,0,11.0,303.1,56760.6,0.24,573.01
9114,L56293,1,297.6,308.6,1744,28.5,42,0,0,0,0,0,0,11.0,303.1,49704.0,0.02,374.48
9115,L56294,1,297.6,308.7,1476,39.0,44,0,0,0,0,0,0,11.099999999999966,303.15,57564.0,0.24,484.88
9116,M23975,2,297.6,308.6,1444,48.2,46,0,0,0,0,0,0,11.0,303.1,69600.8,0.24,481.51
9117,H38530,0,297.6,308.7,1659,32.1,49,0,0,0,0,0,0,11.099999999999966,303.15,53253.9,0.07,205.65
9118,M23977,2,297.6,308.7,1475,46.6,54,0,0,0,0,0,0,11.099999999999966,303.15,68735.0,0.01,202.44
9119,L56298,1,297.6,308.6,1526,42.1,57,0,0,0,0,0,0,11.0,303.1,64244.6,0.21,527.97
9120,M23979,2,297.4,308.4,1675,29.5,59,0,0,0,0,0,0,11.0,302.9,49412.5,0.06,348.23
9121,L56300,1,297.4,308.4,1525,38.7,62,0,0,0,0,0,0,11.0,302.9,59017.50000000001,0.3,787.46
9122,L56301,1,297.3,308.3,1396,45.9,64,0,0,0,0,0,0,11.0,302.8,64076.4,0.0,251.81
9123,L56302,1,297.4,308.4,1580,41.2,66,0,0,0,0,0,0,11.0,302.9,65096.00000000001,0.07,340.89
9124,L56303,1,297.4,308.5,1462,42.8,68,0,0,0,0,0,0,11.100000000000023,302.95,62573.6,0.01,100.29
9125,L56304,1,297.4,308.4,1426,50.4,70,0,0,0,0,0,0,11.0,302.9,71870.4,0.23,676.53
9126,L56305,1,297.4,308.5,1569,34.2,72,0,0,0,0,0,0,11.100000000000023,302.95,53659.8,0.17,612.98
9127,L56306,1,297.4,308.5,1477,40.7,74,0,0,0,0,0,0,11.100000000000023,302.95,60113.9,0.25,766.56
9128,L56307,1,297.4,308.5,1761,27.2,76,0,0,0,0,0,0,11.100000000000023,302.95,47899.2,0.29,825.02
9129,M23988,2,297.5,308.6,1486,45.9,78,0,0,0,0,0,0,11.100000000000023,303.05,68207.4,0.18,688.34
9130,L56309,1,297.6,308.6,1664,30.1,81,0,0,0,0,0,0,11.0,303.1,50086.4,0.07,599.67
9131,L56310,1,297.6,308.6,1576,32.7,83,0,0,0,0,0,0,11.0,303.1,51535.200000000004,0.03,536.51
9132,H38545,0,297.6,308.6,1463,46.7,85,0,0,0,0,0,0,11.0,303.1,68322.1,0.26,799.61
9133,M23992,2,297.6,308.6,1585,42.0,90,0,0,0,0,0,0,11.0,303.1,66570.0,0.07,243.71
9134,L56313,1,297.7,308.7,1479,45.7,93,0,0,0,0,0,0,11.0,303.2,67590.3,0.27,570.03
9135,L56314,1,297.7,308.7,1449,40.2,95,0,0,0,0,0,0,11.0,303.2,58249.8,0.26,545.52
9136,H38549,0,297.7,308.8,1404,50.3,97,0,0,0,0,0,0,11.100000000000023,303.25,70621.2,0.19,865.53
9137,L56316,1,297.7,308.7,1694,29.1,102,0,0,0,0,0,0,11.0,303.2,49295.4,0.18,572.56
9138,L56317,1,297.7,308.7,1731,28.4,104,0,0,0,0,0,0,11.0,303.2,49160.399999999994,0.29,716.57
9139,L56318,1,297.6,308.6,1522,37.0,106,0,0,0,0,0,0,11.0,303.1,56314.0,0.23,761.0
9140,L56319,1,297.5,308.5,1536,36.9,108,0,0,0,0,0,0,11.0,303.0,56678.399999999994,0.2,553.45
9141,L56320,1,297.5,308.5,1373,39.9,110,0,0,0,0,0,0,11.0,303.0,54782.7,0.13,737.08
9142,L56321,1,297.5,308.5,1597,36.4,112,0,0,0,0,0,0,11.0,303.0,58130.799999999996,0.15,390.44
9143,L56322,1,297.6,308.5,1678,34.2,114,0,0,0,0,0,0,10.899999999999977,303.05,57387.600000000006,0.12,513.38
9144,L56323,1,297.6,308.5,1452,42.6,116,0,0,0,0,0,0,10.899999999999977,303.05,61855.200000000004,0.28,889.82
9145,M24004,2,297.5,308.5,1447,41.6,118,0,0,0,0,0,0,11.0,303.0,60195.200000000004,0.19,593.75
9146,L56325,1,297.6,308.5,1574,37.1,121,0,0,0,0,0,0,10.899999999999977,303.05,58395.4,0.23,1029.87
9147,L56326,1,297.6,308.6,1528,40.0,123,0,0,0,0,0,0,11.0,303.1,61120.0,0.01,631.94
9148,L56327,1,297.7,308.7,1688,27.2,125,0,0,0,0,0,0,11.0,303.2,45913.6,0.26,1054.81
9149,L56328,1,297.6,308.6,1393,40.4,127,0,0,0,0,0,0,11.0,303.1,56277.2,0.13,818.69
9150,M24009,2,297.5,308.6,1429,50.5,129,0,0,0,0,0,0,11.100000000000023,303.05,72164.5,0.22,863.21
9151,M24010,2,297.5,308.6,1347,57.0,132,0,0,0,0,0,0,11.100000000000023,303.05,76779.0,0.01,520.52
9152,L56331,1,297.6,308.6,1553,40.5,135,0,0,0,0,0,0,11.0,303.1,62896.5,0.27,1084.37
9153,L56332,1,297.5,308.6,1260,53.6,137,0,0,0,0,0,0,11.100000000000023,303.05,67536.0,0.2,951.19
9154,L56333,1,297.5,308.6,1546,33.8,139,0,0,0,0,0,0,11.100000000000023,303.05,52254.799999999996,0.14,1147.7
9155,L56334,1,297.5,308.6,1596,36.0,141,0,0,0,0,0,0,11.100000000000023,303.05,57456.0,0.09,919.26
9156,L56335,1,297.5,308.5,1340,57.4,143,0,0,0,0,0,0,11.0,303.0,76916.0,0.09,745.39
9157,M24016,2,297.5,308.4,1369,54.8,145,0,0,0,0,0,0,10.899999999999977,302.95,75021.2,0.09,858.41
9158,L56337,1,297.5,308.5,1462,52.3,148,0,0,0,0,0,0,11.0,303.0,76462.59999999999,0.04,843.32
9159,H38572,0,297.4,308.4,1487,46.2,150,0,0,0,0,0,0,11.0,302.9,68699.40000000001,0.14,1064.44
9160,M24019,2,297.5,308.6,1510,35.5,155,0,0,0,0,0,0,11.100000000000023,303.05,53605.0,0.14,1113.28
9161,H38574,0,297.5,308.5,1671,28.0,158,0,0,0,0,0,0,11.0,303.0,46788.0,0.12,885.7
9162,M24021,2,297.5,308.5,1612,30.0,163,0,0,0,0,0,0,11.0,303.0,48360.0,0.21,842.67
9163,M24022,2,297.6,308.6,1509,39.7,166,0,0,0,0,0,0,11.0,303.1,59907.3,0.13,681.92
9164,L56343,1,297.6,308.6,1415,47.3,169,0,0,0,0,0,0,11.0,303.1,66929.5,0.03,704.07
9165,L56344,1,297.6,308.6,2384,14.4,171,0,0,0,0,0,0,11.0,303.1,34329.6,0.26,1026.23
9166,L56345,1,297.6,308.6,1326,62.4,173,0,0,0,0,0,0,11.0,303.1,82742.4,0.13,1220.65
9167,M24026,2,297.6,308.6,1390,53.4,175,0,0,0,0,0,0,11.0,303.1,74226.0,0.2,1302.93
9168,M24027,2,297.6,308.7,1392,41.2,178,0,0,0,0,0,0,11.099999999999966,303.15,57350.4,0.28,1314.02
9169,H38582,0,297.6,308.8,1385,44.4,181,0,0,0,0,0,0,11.199999999999989,303.20000000000005,61494.0,0.23,1319.56
9170,L56349,1,297.7,308.8,1896,24.5,186,0,0,0,0,0,0,11.100000000000023,303.25,46452.0,0.16,983.89
9171,L56350,1,297.7,308.7,1474,46.8,188,0,0,0,0,0,0,11.0,303.2,68983.2,0.16,872.7
9172,M24031,2,297.7,308.8,1388,45.6,190,0,0,0,0,0,0,11.100000000000023,303.25,63292.8,0.25,1049.02
9173,L56352,1,297.7,308.9,1715,27.2,193,0,0,0,0,0,0,11.199999999999989,303.29999999999995,46648.0,0.25,909.78
9174,H38587,0,297.8,308.9,1650,32.2,195,0,0,0,0,0,0,11.099999999999966,303.35,53130.00000000001,0.05,857.91
9175,L56354,1,297.8,308.9,1871,25.6,200,1,1,0,0,0,0,11.099999999999966,303.35,47897.600000000006,3.89,4814.11
9176,L56355,1,297.8,309.0,1403,64.2,0,1,0,0,1,0,0,11.199999999999989,303.4,90072.6,6.19,6215.01
9177,L56356,1,297.8,308.9,1518,40.4,2,0,0,0,0,0,0,11.099999999999966,303.35,61327.2,0.24,270.32
9178,L56357,1,297.9,309.1,1504,43.0,4,0,0,0,0,0,0,11.200000000000045,303.5,64672.0,0.04,0.0
9179,L56358,1,297.8,309.0,1340,56.9,6,0,0,0,0,0,0,11.199999999999989,303.4,76246.0,0.13,245.34
9180,H38593,0,297.9,309.1,1435,44.7,8,0,0,0,0,0,0,11.200000000000045,303.5,64144.50000000001,0.16,99.43
9181,L56360,1,297.9,309.1,1507,36.9,13,0,0,0,0,0,0,11.200000000000045,303.5,55608.299999999996,0.08,146.51
9182,L56361,1,297.9,309.1,1521,36.1,15,0,0,0,0,0,0,11.200000000000045,303.5,54908.1,0.2,108.5
9183,M24042,2,297.8,309.0,1576,45.0,17,0,0,0,0,0,0,11.199999999999989,303.4,70920.0,0.14,388.3
9184,L56363,1,297.9,309.1,1543,36.6,20,0,0,0,0,0,0,11.200000000000045,303.5,56473.8,0.09,193.13
9185,L56364,1,298.0,309.2,1665,36.6,22,0,0,0,0,0,0,11.199999999999989,303.6,60939.0,0.1,311.82
9186,L56365,1,297.9,309.1,1442,50.3,24,0,0,0,0,0,0,11.200000000000045,303.5,72532.59999999999,0.26,197.57
9187,L56366,1,297.9,309.0,1629,29.0,26,0,0,0,0,0,0,11.100000000000023,303.45,47241.0,0.26,416.16
9188,L56367,1,297.9,309.0,1379,47.3,28,0,0,0,0,0,0,11.100000000000023,303.45,65226.7,0.24,465.85
9189,L56368,1,297.9,309.0,1502,40.2,30,0,0,0,0,0,0,11.100000000000023,303.45,60380.4,0.27,113.42
9190,L56369,1,297.9,309.1,1595,32.0,32,0,0,0,0,0,0,11.200000000000045,303.5,51040.0,0.29,625.21
9191,M24050,2,298.0,309.0,1439,38.5,34,0,0,0,0,0,0,11.0,303.5,55401.5,0.15,132.59
9192,M24051,2,297.9,309.0,1970,21.6,37,0,0,0,0,0,0,11.100000000000023,303.45,42552.0,0.03,246.64
9193,L56372,1,297.9,309.0,1562,35.8,40,0,0,0,0,0,0,11.100000000000023,303.45,55919.6,0.24,708.16
9194,M24053,2,297.9,309.0,1530,40.9,42,0,0,0,0,0,0,11.100000000000023,303.45,62577.0,0.19,543.24
9195,L56374,1,297.9,308.9,1393,40.6,45,0,0,0,0,0,0,11.0,303.4,56555.8,0.11,111.51
9196,L56375,1,297.9,309.0,1532,37.6,47,0,0,0,0,0,0,11.100000000000023,303.45,57603.200000000004,0.29,498.29
9197,L56376,1,298.0,308.9,1607,37.7,49,0,0,0,0,0,0,10.899999999999977,303.45,60583.9,0.1,530.01
9198,M24057,2,297.9,308.8,1469,49.0,51,0,0,0,0,0,0,10.900000000000034,303.35,71981.0,0.27,402.48
9199,M24058,2,297.9,308.8,1538,37.6,54,0,0,0,0,0,0,10.900000000000034,303.35,57828.8,0.18,396.02
9200,L56379,1,297.9,308.8,1613,31.4,57,0,0,0,0,0,0,10.900000000000034,303.35,50648.2,0.01,236.82
9201,M24060,2,297.9,308.8,1602,32.1,59,0,0,0,0,0,0,10.900000000000034,303.35,51424.200000000004,0.26,640.51
9202,L56381,1,297.8,308.7,1404,44.2,62,0,0,0,0,0,0,10.899999999999977,303.25,62056.8,0.23,309.45
9203,L56382,1,297.8,308.8,1548,36.9,64,0,0,0,0,0,0,11.0,303.3,57121.2,0.19,603.92
9204,L56383,1,297.8,308.8,1559,35.2,66,0,0,0,0,0,0,11.0,303.3,54876.8,0.18,416.58
9205,L56384,1,297.8,308.8,1621,36.1,68,0,0,0,0,0,0,11.0,303.3,58518.100000000006,0.07,408.3
9206,L56385,1,297.8,308.8,1579,32.9,70,0,0,0,0,0,0,11.0,303.3,51949.1,0.06,376.27
9207,M24066,2,297.9,308.9,1547,44.0,72,0,0,0,0,0,0,11.0,303.4,68068.0,0.01,459.97
9208,L56387,1,297.9,308.8,1386,48.6,75,0,0,0,0,0,0,10.900000000000034,303.35,67359.6,0.05,421.84
9209,L56388,1,298.0,308.9,1406,40.9,77,0,0,0,0,0,0,10.899999999999977,303.45,57505.4,0.1,701.07
9210,M24069,2,298.0,309.0,1393,55.9,79,0,0,0,0,0,0,11.0,303.5,77868.7,0.16,703.41
9211,M24070,2,297.9,309.0,2456,13.9,82,0,0,0,0,0,0,11.100000000000023,303.45,34138.4,0.04,330.7
9212,M24071,2,298.0,309.0,1409,49.1,85,0,0,0,0,0,0,11.0,303.5,69181.90000000001,0.17,799.79
9213,L56392,1,298.0,308.9,1390,53.9,88,0,0,0,0,0,0,10.899999999999977,303.45,74921.0,0.08,567.91
9214,L56393,1,298.0,309.0,1679,32.4,90,0,0,0,0,0,0,11.0,303.5,54399.6,0.08,555.48
9215,L56394,1,298.0,308.9,1508,37.1,92,0,0,0,0,0,0,10.899999999999977,303.45,55946.8,0.28,867.23
9216,L56395,1,297.9,308.8,1681,31.7,94,0,0,0,0,0,0,10.900000000000034,303.35,53287.7,0.3,613.83
9217,H38630,0,297.7,308.8,1469,43.7,96,0,0,0,0,0,0,11.100000000000023,303.25,64195.3,0.24,513.08
9218,L56397,1,297.8,308.8,1421,49.6,101,0,0,0,0,0,0,11.0,303.3,70481.6,0.02,528.74
9219,L56398,1,297.7,308.8,1354,50.2,103,0,0,0,0,0,0,11.100000000000023,303.25,67970.8,0.22,644.05
9220,M24079,2,297.7,308.8,1350,57.0,105,0,0,0,0,0,0,11.100000000000023,303.25,76950.0,0.05,886.06
9221,L56400,1,297.8,308.9,1282,58.1,108,0,0,0,0,0,0,11.099999999999966,303.35,74484.2,0.17,595.35
9222,M24081,2,297.8,309.0,1675,30.0,110,0,0,0,0,0,0,11.199999999999989,303.4,50250.0,0.27,826.04
9223,M24082,2,297.9,309.0,1525,38.5,113,0,0,0,0,0,0,11.100000000000023,303.45,58712.5,0.11,703.79
9224,L56403,1,297.9,309.0,1382,43.9,116,0,0,0,0,0,0,11.100000000000023,303.45,60669.799999999996,0.28,1044.69
9225,L56404,1,297.9,309.0,1450,46.8,118,0,0,0,0,0,0,11.100000000000023,303.45,67860.0,0.21,650.82
9226,L56405,1,298.0,309.1,1820,23.6,120,0,0,0,0,0,0,11.100000000000023,303.55,42952.0,0.09,448.19
9227,L56406,1,298.0,309.1,1822,23.5,122,0,0,0,0,0,0,11.100000000000023,303.55,42817.0,0.03,849.17
9228,L56407,1,298.0,309.1,1473,44.3,124,0,0,0,0,0,0,11.100000000000023,303.55,65253.899999999994,0.24,872.08
9229,M24088,2,298.1,309.1,1572,37.5,126,0,0,0,0,0,0,11.0,303.6,58950.0,0.14,891.46
9230,M24089,2,298.1,309.0,2042,17.8,129,0,0,0,0,0,0,10.899999999999977,303.55,36347.6,0.02,793.5
9231,L56410,1,298.2,309.2,1922,22.6,132,0,0,0,0,0,0,11.0,303.7,43437.200000000004,0.03,844.5
9232,L56411,1,298.2,309.1,1539,36.5,134,0,0,0,0,0,0,10.900000000000034,303.65,56173.5,0.29,903.32
9233,L56412,1,298.2,309.1,1350,52.0,136,0,0,0,0,0,0,10.900000000000034,303.65,70200.0,0.07,652.66
9234,L56413,1,298.3,309.1,1403,45.1,138,0,0,0,0,0,0,10.800000000000011,303.70000000000005,63275.3,0.29,680.56
9235,L56414,1,298.3,309.1,1904,20.3,140,0,0,0,0,0,0,10.800000000000011,303.70000000000005,38651.200000000004,0.2,750.76
9236,M24095,2,298.2,308.9,1592,35.2,142,0,0,0,0,0,0,10.699999999999989,303.54999999999995,56038.4,0.09,809.32
9237,L56416,1,298.1,308.7,1556,31.6,145,0,0,0,0,0,0,10.599999999999966,303.4,49169.600000000006,0.12,739.79
9238,M24097,2,298.1,308.8,1811,25.4,147,0,0,0,0,0,0,10.699999999999989,303.45000000000005,45999.399999999994,0.23,793.86
9239,M24098,2,298.2,308.8,1456,41.2,150,0,0,0,0,0,0,10.600000000000023,303.5,59987.200000000004,0.13,887.56
9240,H38653,0,298.2,308.8,1436,51.9,153,0,0,0,0,0,0,10.600000000000023,303.5,74528.4,0.02,986.44
9241,M24100,2,298.1,308.7,1362,49.6,158,0,0,0,0,0,0,10.599999999999966,303.4,67555.2,0.07,851.6
9242,L56421,1,298.1,308.7,1683,29.1,161,0,0,0,0,0,0,10.599999999999966,303.4,48975.3,0.26,895.08
9243,M24102,2,298.2,308.7,1269,60.9,163,0,0,0,0,0,0,10.5,303.45,77282.09999999999,0.21,1215.86
9244,L56423,1,298.3,308.8,1454,49.0,166,0,0,0,0,0,0,10.5,303.55,71246.0,0.15,863.88
9245,L56424,1,298.3,308.8,1767,27.3,168,0,0,0,0,0,0,10.5,303.55,48239.1,0.07,1131.91
9246,L56425,1,298.3,308.9,1708,27.3,170,0,0,0,0,0,0,10.599999999999966,303.6,46628.4,0.14,950.53
9247,L56426,1,298.3,308.9,1862,27.0,172,0,0,0,0,0,0,10.599999999999966,303.6,50274.0,0.24,1115.47
9248,L56427,1,298.3,308.9,1695,30.7,174,0,0,0,0,0,0,10.599999999999966,303.6,52036.5,0.02,1124.13
9249,M24108,2,298.3,309.1,1488,40.6,176,0,0,0,0,0,0,10.800000000000011,303.70000000000005,60412.8,0.3,977.28
9250,L56429,1,298.3,309.0,1657,32.2,179,0,0,0,0,0,0,10.699999999999989,303.65,53355.4,0.26,997.48
9251,H38664,0,298.3,309.0,1823,25.9,181,0,0,0,0,0,0,10.699999999999989,303.65,47215.7,0.1,956.02
9252,M24111,2,298.2,309.1,1651,28.8,186,0,0,0,0,0,0,10.900000000000034,303.65,47548.8,0.26,1169.0
9253,M24112,2,298.1,309.0,1533,36.1,189,0,0,0,0,0,0,10.899999999999977,303.55,55341.3,0.2,1541.31
9254,M24113,2,298.2,309.0,1508,40.5,192,0,0,0,0,0,0,10.800000000000011,303.6,61074.0,0.2,1026.79
9255,L56434,1,298.3,309.1,1616,31.1,195,0,0,0,0,0,0,10.800000000000011,303.70000000000005,50257.600000000006,0.04,819.36
9256,L56435,1,298.2,309.0,1651,31.5,197,0,0,0,0,0,0,10.800000000000011,303.6,52006.5,0.27,1114.62
9257,L56436,1,298.2,309.1,1569,35.2,199,0,0,0,0,0,0,10.900000000000034,303.65,55228.8,0.14,1169.82
9258,M24117,2,298.3,309.1,1296,58.7,201,0,0,0,0,0,0,10.800000000000011,303.70000000000005,76075.2,0.24,1318.81
9259,H38672,0,298.3,309.0,1379,43.2,0,0,0,0,0,0,0,10.699999999999989,303.65,59572.8,0.09,0.0
9260,M24119,2,298.2,309.0,1694,28.0,5,0,0,0,0,0,0,10.800000000000011,303.6,47432.0,0.09,118.16
9261,L56440,1,298.2,309.0,1377,57.8,8,0,0,0,0,0,0,10.800000000000011,303.6,79590.59999999999,0.29,621.78
9262,H38675,0,298.3,309.0,1470,38.4,10,0,0,0,0,0,0,10.699999999999989,303.65,56448.0,0.15,205.28
9263,M24122,2,298.3,309.1,1404,47.0,15,0,0,0,0,0,0,10.800000000000011,303.70000000000005,65988.0,0.02,143.15
9264,L56443,1,298.3,309.1,1593,40.1,18,0,0,0,0,0,0,10.800000000000011,303.70000000000005,63879.3,0.25,623.35
9265,M24124,2,298.3,309.0,1526,36.9,20,0,0,0,0,0,0,10.699999999999989,303.65,56309.4,0.07,65.3
9266,M24125,2,298.3,308.9,1390,49.7,23,0,0,0,0,0,0,10.599999999999966,303.6,69083.0,0.26,260.49
9267,L56446,1,298.2,308.9,1737,25.5,26,0,0,0,0,0,0,10.699999999999989,303.54999999999995,44293.5,0.27,329.55
9268,L56447,1,298.2,308.8,1362,57.3,28,0,0,0,0,0,0,10.600000000000023,303.5,78042.59999999999,0.02,80.81
9269,L56448,1,298.2,308.8,1666,31.5,30,0,0,0,0,0,0,10.600000000000023,303.5,52479.0,0.17,46.85
9270,L56449,1,298.2,308.8,1354,60.9,32,0,0,0,0,0,0,10.600000000000023,303.5,82458.59999999999,0.29,470.7
9271,L56450,1,298.2,308.8,1302,60.4,34,0,0,0,0,0,0,10.600000000000023,303.5,78640.8,0.28,482.54
9272,L56451,1,298.2,308.7,1991,20.5,36,0,0,0,0,0,0,10.5,303.45,40815.5,0.16,312.12
9273,L56452,1,298.2,308.6,1353,54.1,38,0,0,0,0,0,0,10.400000000000034,303.4,73197.3,0.2,427.12
9274,H38687,0,298.2,308.7,1520,35.7,40,0,0,0,0,0,0,10.5,303.45,54264.00000000001,0.18,418.72
9275,L56454,1,298.2,308.7,1428,54.9,45,0,0,0,0,0,0,10.5,303.45,78397.2,0.06,87.58
9276,L56455,1,298.2,308.7,1605,29.4,47,0,0,0,0,0,0,10.5,303.45,47187.0,0.2,478.3
9277,L56456,1,298.1,308.7,1691,30.3,49,0,0,0,0,0,0,10.599999999999966,303.4,51237.3,0.1,428.78
9278,L56457,1,298.2,308.7,1447,48.4,51,0,0,0,0,0,0,10.5,303.45,70034.8,0.1,115.43
9279,H38692,0,298.2,308.8,1606,39.9,53,0,0,0,0,0,0,10.600000000000023,303.5,64079.399999999994,0.13,614.47
9280,M24139,2,298.2,308.8,1645,28.2,58,0,0,0,0,0,0,10.600000000000023,303.5,46389.0,0.26,364.63
9281,H38694,0,298.2,308.8,1470,43.3,61,0,0,0,0,0,0,10.600000000000023,303.5,63650.99999999999,0.07,204.26
9282,L56461,1,298.2,308.9,1336,45.0,66,0,0,0,0,0,0,10.699999999999989,303.54999999999995,60120.0,0.08,440.29
9283,M24142,2,298.2,308.9,1414,44.3,68,0,0,0,0,0,0,10.699999999999989,303.54999999999995,62640.2,0.0,420.2
9284,M24143,2,298.3,309.0,1802,27.5,71,0,0,0,0,0,0,10.699999999999989,303.65,49555.0,0.05,521.65
9285,L56464,1,298.2,308.9,1683,31.7,74,0,0,0,0,0,0,10.699999999999989,303.54999999999995,53351.1,0.29,744.15
9286,M24145,2,298.2,309.0,1410,47.6,76,0,0,0,0,0,0,10.800000000000011,303.6,67116.0,0.13,432.04
9287,L56466,1,298.2,308.9,1605,32.0,79,0,0,0,0,0,0,10.699999999999989,303.54999999999995,51360.0,0.06,471.28
9288,L56467,1,298.2,308.9,1709,28.1,81,0,0,0,0,0,0,10.699999999999989,303.54999999999995,48022.9,0.29,647.5
9289,L56468,1,298.2,308.9,1444,53.1,83,0,0,0,0,0,0,10.699999999999989,303.54999999999995,76676.40000000001,0.01,451.14
9290,L56469,1,298.2,308.9,1367,45.0,85,0,0,0,0,0,0,10.699999999999989,303.54999999999995,61515.0,0.15,585.27
9291,L56470,1,298.2,309.0,1418,44.2,87,0,0,0,0,0,0,10.800000000000011,303.6,62675.600000000006,0.24,599.26
9292,L56471,1,298.2,309.0,1353,57.8,89,0,0,0,0,0,0,10.800000000000011,303.6,78203.4,0.23,622.92
9293,L56472,1,298.2,309.0,1643,34.1,91,0,0,0,0,0,0,10.800000000000011,303.6,56026.3,0.06,237.17
9294,L56473,1,298.3,309.1,1437,38.0,93,0,0,0,0,0,0,10.800000000000011,303.70000000000005,54606.0,0.21,799.52
9295,L56474,1,298.1,309.0,1437,36.2,95,0,0,0,0,0,0,10.899999999999977,303.55,52019.4,0.19,709.63
9296,M24155,2,298.2,309.0,1413,47.9,97,0,0,0,0,0,0,10.800000000000011,303.6,67682.7,0.2,339.0
9297,H38710,0,298.2,309.0,1524,39.1,100,0,0,0,0,0,0,10.800000000000011,303.6,59588.4,0.08,698.97
9298,M24157,2,298.1,308.9,1479,43.4,105,0,0,0,0,0,0,10.799999999999955,303.5,64188.6,0.24,757.05
9299,L56478,1,298.1,308.9,1313,50.6,108,0,0,0,0,0,0,10.799999999999955,303.5,66437.8,0.17,569.48
9300,M24159,2,298.1,308.9,1335,50.4,110,0,0,0,0,0,0,10.799999999999955,303.5,67284.0,0.22,616.19
9301,L56480,1,298.1,308.9,1367,41.9,113,0,0,0,0,0,0,10.799999999999955,303.5,57277.299999999996,0.28,741.77
9302,M24161,2,298.1,308.9,1459,50.3,115,0,0,0,0,0,0,10.799999999999955,303.5,73387.7,0.26,695.27
9303,M24162,2,298.1,308.9,1804,25.1,118,0,0,0,0,0,0,10.799999999999955,303.5,45280.4,0.23,700.42
9304,L56483,1,298.2,309.0,1491,38.3,121,0,0,0,0,0,0,10.800000000000011,303.6,57105.299999999996,0.09,950.1
9305,L56484,1,298.3,309.1,1537,43.0,123,0,0,0,0,0,0,10.800000000000011,303.70000000000005,66091.0,0.02,690.67
9306,H38719,0,298.3,309.1,1646,30.2,125,0,0,0,0,0,0,10.800000000000011,303.70000000000005,49709.2,0.17,1100.4
9307,M24166,2,298.3,309.2,1783,28.3,130,0,0,0,0,0,0,10.899999999999977,303.75,50458.9,0.01,693.86
9308,L56487,1,298.3,309.1,1395,49.8,133,0,0,0,0,0,0,10.800000000000011,303.70000000000005,69471.0,0.21,961.89
9309,L56488,1,298.4,309.1,1423,48.0,135,0,0,0,0,0,0,10.700000000000045,303.75,68304.0,0.22,762.89
9310,L56489,1,298.3,309.2,1562,37.6,137,0,0,0,0,0,0,10.899999999999977,303.75,58731.200000000004,0.17,829.8
9311,L56490,1,298.4,309.3,1549,40.8,139,0,0,0,0,0,0,10.900000000000034,303.85,63199.2,0.05,732.75
9312,L56491,1,298.4,309.4,1540,43.2,141,0,0,0,0,0,0,11.0,303.9,66528.0,0.26,1058.01
9313,H38726,0,298.5,309.4,1573,33.6,143,0,0,0,0,0,0,10.899999999999977,303.95,52852.8,0.18,887.58
9314,L56493,1,298.5,309.4,1418,45.1,148,0,0,0,0,0,0,10.899999999999977,303.95,63951.8,0.15,942.7
9315,M24174,2,298.5,309.4,1565,33.7,150,0,0,0,0,0,0,10.899999999999977,303.95,52740.50000000001,0.17,967.33
9316,L56495,1,298.5,309.5,1569,41.0,153,0,0,0,0,0,0,11.0,304.0,64329.0,0.02,739.57
9317,H38730,0,298.5,309.4,1417,41.2,155,0,0,0,0,0,0,10.899999999999977,303.95,58380.4,0.22,934.15
9318,L56497,1,298.5,309.5,1480,38.1,160,0,0,0,0,0,0,11.0,304.0,56388.0,0.02,719.65
9319,L56498,1,298.5,309.4,1364,44.5,162,0,0,0,0,0,0,10.899999999999977,303.95,60698.0,0.17,1142.35
9320,L56499,1,298.5,309.4,1911,21.5,164,0,0,0,0,0,0,10.899999999999977,303.95,41086.5,0.05,824.64
9321,L56500,1,298.4,309.3,1409,43.1,166,0,0,0,0,0,0,10.900000000000034,303.85,60727.9,0.06,939.33
9322,L56501,1,298.4,309.2,1335,53.5,168,0,0,0,0,0,0,10.800000000000011,303.79999999999995,71422.5,0.07,886.52
9323,M24182,2,298.5,309.3,1512,38.1,170,0,0,0,0,0,0,10.800000000000011,303.9,57607.200000000004,0.0,1009.39
9324,L56503,1,298.6,309.4,1447,40.2,173,0,0,0,0,0,0,10.799999999999955,304.0,58169.4,0.27,836.79
9325,L56504,1,298.6,309.3,1537,37.6,175,0,0,0,0,0,0,10.699999999999989,303.95000000000005,57791.200000000004,0.24,1160.45
9326,M24185,2,298.6,309.3,1510,40.8,177,0,0,0,0,0,0,10.699999999999989,303.95000000000005,61607.99999999999,0.01,706.76
9327,L56506,1,298.6,309.3,1677,31.2,180,0,0,0,0,0,0,10.699999999999989,303.95000000000005,52322.4,0.02,978.61
9328,L56507,1,298.5,309.2,1504,33.7,182,0,0,0,0,0,0,10.699999999999989,303.85,50684.8,0.23,1118.02
9329,H38742,0,298.5,309.1,2051,19.0,184,0,0,0,0,0,0,10.600000000000023,303.8,38969.0,0.0,698.25
9330,L56509,1,298.5,309.1,1474,41.3,189,0,0,0,0,0,0,10.600000000000023,303.8,60876.2,0.14,1135.65
9331,M24190,2,298.4,309.0,1507,36.1,191,0,0,0,0,0,0,10.600000000000023,303.7,54402.700000000004,0.03,1018.63
9332,L56511,1,298.4,308.9,1496,37.9,194,0,0,0,0,0,0,10.5,303.65,56698.4,0.18,1115.32
9333,M24192,2,298.5,309.0,1921,22.0,196,0,0,0,0,0,0,10.5,303.75,42262.0,0.3,1264.32
9334,L56513,1,298.5,309.0,1450,40.5,199,0,0,0,0,0,0,10.5,303.75,58725.0,0.05,1069.23
9335,L56514,1,298.4,308.9,1402,44.8,201,0,0,0,0,0,0,10.5,303.65,62809.6,0.29,1471.73
9336,L56515,1,298.4,308.9,1501,50.0,203,0,0,0,0,0,0,10.5,303.65,75050.0,0.26,1227.85
9337,L56516,1,298.5,308.9,1725,31.9,205,0,0,0,0,0,0,10.399999999999977,303.7,55027.5,0.3,1476.95
9338,H38751,0,298.5,308.9,1500,40.3,207,0,0,0,0,0,0,10.399999999999977,303.7,60449.99999999999,0.23,1259.38
9339,H38752,0,298.5,309.0,1531,30.8,212,0,0,0,0,0,0,10.5,303.75,47154.8,0.26,1514.36
9340,L56519,1,298.5,309.0,1458,44.8,217,0,0,0,0,0,0,10.5,303.75,65318.399999999994,0.18,1229.73
9341,H38754,0,298.4,308.9,1577,37.1,0,0,0,0,0,0,0,10.5,303.65,58506.700000000004,0.26,160.05
9342,M24201,2,298.3,308.9,1363,46.1,5,0,0,0,0,0,0,10.599999999999966,303.6,62834.3,0.03,0.0
9343,H38756,0,298.3,308.9,1706,31.8,8,0,0,0,0,0,0,10.599999999999966,303.6,54250.8,0.22,254.93
9344,M24203,2,298.3,308.8,1391,50.4,13,0,0,0,0,0,0,10.5,303.55,70106.4,0.19,136.02
9345,L56524,1,298.2,308.8,1616,33.7,16,0,0,0,0,0,0,10.600000000000023,303.5,54459.200000000004,0.02,310.67
9346,L56525,1,298.2,308.8,1442,47.0,18,0,0,0,0,0,0,10.600000000000023,303.5,67774.0,0.09,49.32
9347,M24206,2,298.2,308.8,1626,40.4,20,0,0,0,0,0,0,10.600000000000023,303.5,65690.4,0.06,56.5
9348,M24207,2,298.2,308.7,1426,42.6,23,0,0,0,0,0,0,10.5,303.45,60747.6,0.12,322.16
9349,L56528,1,298.2,308.7,1436,49.1,26,0,0,0,0,0,0,10.5,303.45,70507.6,0.06,367.87
9350,M24209,2,298.2,308.7,1599,36.2,28,0,0,0,0,0,0,10.5,303.45,57883.8,0.08,329.66
9351,L56530,1,298.2,308.7,2186,17.8,31,0,0,0,0,0,0,10.5,303.45,38910.8,0.09,403.8
9352,L56531,1,298.3,308.8,1645,30.4,33,0,0,0,0,0,0,10.5,303.55,50008.0,0.18,332.97
9353,L56532,1,298.2,308.7,1780,27.9,35,0,0,0,0,0,0,10.5,303.45,49662.0,0.04,205.08
9354,L56533,1,298.2,308.8,1345,44.3,37,0,0,0,0,0,0,10.600000000000023,303.5,59583.49999999999,0.07,556.76
9355,M24214,2,298.2,308.8,1607,31.9,39,0,0,0,0,0,0,10.600000000000023,303.5,51263.299999999996,0.1,548.54
9356,L56535,1,298.3,308.9,1708,28.0,42,0,0,0,0,0,0,10.599999999999966,303.6,47824.0,0.13,447.13
9357,L56536,1,298.3,308.9,1270,52.7,44,0,0,0,0,0,0,10.599999999999966,303.6,66929.0,0.01,395.99
9358,M24217,2,298.3,308.9,1646,25.4,46,0,0,0,0,0,0,10.599999999999966,303.6,41808.399999999994,0.3,658.78
9359,L56538,1,298.2,308.7,1407,45.1,49,0,0,0,0,0,0,10.5,303.45,63455.700000000004,0.09,154.1
9360,M24219,2,298.1,308.7,1581,47.4,51,0,0,0,0,0,0,10.599999999999966,303.4,74939.4,0.09,339.05
9361,L56540,1,298.0,308.6,1532,42.6,54,0,0,0,0,0,0,10.600000000000023,303.3,65263.200000000004,0.17,664.52
9362,L56541,1,298.0,308.6,1610,33.1,56,0,0,0,0,0,0,10.600000000000023,303.3,53291.0,0.26,648.05
9363,M24222,2,298.0,308.5,1682,33.0,58,0,0,0,0,0,0,10.5,303.25,55506.0,0.14,420.46
9364,L56543,1,297.9,308.5,1519,34.3,61,0,0,0,0,0,0,10.600000000000023,303.2,52101.7,0.07,601.31
9365,L56544,1,297.9,308.5,1683,28.5,63,0,0,0,0,0,0,10.600000000000023,303.2,47965.5,0.17,540.4
9366,M24225,2,298.0,308.6,1254,55.8,65,0,0,0,0,0,0,10.600000000000023,303.3,69973.2,0.14,578.34
9367,L56546,1,298.0,308.5,1461,48.0,68,0,0,0,0,0,0,10.5,303.25,70128.0,0.13,526.18
9368,L56547,1,297.9,308.5,1472,45.1,70,0,0,0,0,0,0,10.600000000000023,303.2,66387.2,0.3,731.17
9369,L56548,1,297.7,308.4,1510,38.6,72,0,0,0,0,0,0,10.699999999999989,303.04999999999995,58286.0,0.3,751.9
9370,M24229,2,297.7,308.3,1547,36.8,74,0,0,0,0,0,0,10.600000000000023,303.0,56929.6,0.17,734.95
9371,H38784,0,297.7,308.4,1418,51.9,77,0,0,0,0,0,0,10.699999999999989,303.04999999999995,73594.2,0.02,619.49
9372,L56551,1,297.7,308.4,1289,51.3,82,0,0,0,0,0,0,10.699999999999989,303.04999999999995,66125.7,0.17,512.34
9373,L56552,1,297.7,308.4,1487,41.4,84,0,0,0,0,0,0,10.699999999999989,303.04999999999995,61561.799999999996,0.29,763.33
9374,L56553,1,297.7,308.5,1453,45.5,86,0,0,0,0,0,0,10.800000000000011,303.1,66111.5,0.28,900.65
9375,M24234,2,297.8,308.5,1466,44.7,88,0,0,0,0,0,0,10.699999999999989,303.15,65530.200000000004,0.06,480.27
9376,H38789,0,297.7,308.4,1288,49.5,91,0,0,0,0,0,0,10.699999999999989,303.04999999999995,63756.0,0.06,318.67
9377,H38790,0,297.7,308.4,1738,27.7,96,0,0,0,0,0,0,10.699999999999989,303.04999999999995,48142.6,0.05,393.7
9378,H38791,0,297.7,308.3,1488,41.0,101,0,0,0,0,0,0,10.600000000000023,303.0,61008.0,0.25,629.06
9379,L56558,1,297.6,308.3,1816,28.8,106,0,0,0,0,0,0,10.699999999999989,302.95000000000005,52300.8,0.15,611.27
9380,L56559,1,297.5,308.2,1419,48.5,108,0,0,0,0,0,0,10.699999999999989,302.85,68821.5,0.1,528.07
9381,L56560,1,297.4,308.1,1435,45.7,110,0,0,0,0,0,0,10.700000000000045,302.75,65579.5,0.1,804.37
9382,M24241,2,297.5,308.1,1480,42.4,112,0,0,0,0,0,0,10.600000000000023,302.8,62752.0,0.08,598.48
9383,L56562,1,297.5,308.2,1610,33.6,115,0,0,0,0,0,0,10.699999999999989,302.85,54096.0,0.26,1024.17
9384,H38797,0,297.5,308.1,1548,38.2,117,0,0,0,0,0,0,10.600000000000023,302.8,59133.600000000006,0.12,535.46
9385,M24244,2,297.6,308.1,1379,57.4,122,0,0,0,0,0,0,10.5,302.85,79154.59999999999,0.07,627.0
9386,M24245,2,297.5,308.1,1907,23.5,125,0,0,0,0,0,0,10.600000000000023,302.8,44814.5,0.21,850.64
9387,M24246,2,297.5,308.0,2033,16.7,128,0,0,0,0,0,0,10.5,302.75,33951.1,0.19,951.6
9388,H38801,0,297.4,307.9,1390,52.0,131,0,0,0,0,0,0,10.5,302.65,72280.0,0.21,1036.54
9389,M24248,2,297.5,307.9,1544,37.9,136,0,0,0,0,0,0,10.399999999999977,302.7,58517.6,0.25,849.25
9390,L56569,1,297.6,308.0,1258,57.4,139,0,0,0,0,0,0,10.399999999999977,302.8,72209.2,0.03,874.01
9391,M24250,2,297.5,308.0,1560,39.0,141,0,0,0,0,0,0,10.5,302.75,60840.0,0.0,452.72
9392,H38805,0,297.6,308.2,2071,18.5,144,0,0,0,0,0,0,10.599999999999966,302.9,38313.5,0.02,870.7
9393,L56572,1,297.6,308.1,1437,46.3,149,0,0,0,0,0,0,10.5,302.85,66533.09999999999,0.21,753.84
9394,H38807,0,297.7,308.2,1489,43.0,151,0,0,0,0,0,0,10.5,302.95,64027.0,0.28,1102.0
9395,L56574,1,297.7,308.2,1334,53.0,156,0,0,0,0,0,0,10.5,302.95,70702.0,0.1,1049.38
9396,L56575,1,297.7,308.2,1500,39.9,158,0,0,0,0,0,0,10.5,302.95,59850.0,0.23,1153.08
9397,L56576,1,297.8,308.3,1498,47.3,160,0,0,0,0,0,0,10.5,303.05,70855.4,0.22,774.12
9398,M24257,2,297.7,308.2,1370,53.4,162,0,0,0,0,0,0,10.5,302.95,73158.0,0.29,1032.92
9399,H38812,0,297.7,308.2,1526,40.1,165,0,0,0,0,0,0,10.5,302.95,61192.6,0.14,1072.54
9400,L56579,1,297.8,308.3,1477,44.8,170,0,0,0,0,0,0,10.5,303.05,66169.59999999999,0.05,1003.24
9401,L56580,1,297.7,308.2,1446,43.9,172,0,0,0,0,0,0,10.5,302.95,63479.4,0.23,1131.39
9402,M24261,2,297.7,308.2,1720,25.6,174,0,0,0,0,0,0,10.5,302.95,44032.0,0.25,789.76
9403,L56582,1,297.7,308.1,1734,30.7,177,0,0,0,0,0,0,10.400000000000034,302.9,53233.799999999996,0.21,1274.71
9404,L56583,1,297.7,308.1,1697,29.1,179,0,0,0,0,0,0,10.400000000000034,302.9,49382.700000000004,0.26,1361.44
9405,L56584,1,297.7,308.2,2007,19.3,181,0,0,0,0,0,0,10.5,302.95,38735.1,0.11,1039.56
9406,M24265,2,297.7,308.1,1469,48.8,183,0,0,0,0,0,0,10.400000000000034,302.9,71687.2,0.21,1159.29
9407,M24266,2,297.7,308.1,2189,15.6,186,0,0,0,0,0,0,10.400000000000034,302.9,34148.4,0.08,1085.46
9408,L56587,1,297.8,308.3,1435,50.1,189,0,0,0,0,0,0,10.5,303.05,71893.5,0.13,1294.07
9409,H38822,0,297.9,308.4,1637,34.5,191,0,0,0,0,0,0,10.5,303.15,56476.5,0.07,1062.58
9410,L56589,1,298.0,308.5,1664,28.3,196,0,0,0,0,0,0,10.5,303.25,47091.200000000004,0.05,1001.32
9411,M24270,2,298.0,308.5,1666,31.0,198,0,0,0,0,0,0,10.5,303.25,51646.0,0.01,1057.23
9412,L56591,1,298.0,308.5,1404,46.6,201,0,0,0,0,0,0,10.5,303.25,65426.4,0.2,1203.33
9413,L56592,1,298.0,308.5,1702,26.7,203,0,0,0,0,0,0,10.5,303.25,45443.4,0.26,1275.04
9414,L56593,1,298.1,308.6,1439,44.9,205,0,0,0,0,0,0,10.5,303.35,64611.1,0.09,850.12
9415,L56594,1,298.1,308.6,1354,53.9,207,1,0,0,0,1,0,10.5,303.35,72980.59999999999,9.63,10743.42
9416,M24275,2,298.2,308.7,1361,44.2,0,0,0,0,0,0,0,10.5,303.45,60156.200000000004,0.0,175.72
9417,M24276,2,298.1,308.5,1463,45.9,3,0,0,0,0,0,0,10.399999999999977,303.3,67151.7,0.12,288.06
9418,H38831,0,298.1,308.4,1515,43.8,6,0,0,0,0,0,0,10.299999999999955,303.25,66357.0,0.08,252.65
9419,L56598,1,298.0,308.4,1432,46.2,11,0,0,0,0,0,0,10.399999999999977,303.2,66158.40000000001,0.17,217.05
9420,L56599,1,298.0,308.4,1911,22.0,13,0,0,0,0,0,0,10.399999999999977,303.2,42042.0,0.27,356.85
9421,L56600,1,298.0,308.4,1472,42.0,15,0,0,0,0,0,0,10.399999999999977,303.2,61824.0,0.15,403.71
9422,M24281,2,298.1,308.5,1382,54.5,17,0,0,0,0,0,0,10.399999999999977,303.3,75319.0,0.2,415.1
9423,L56602,1,298.1,308.5,1665,29.6,20,0,0,0,0,0,0,10.399999999999977,303.3,49284.0,0.21,532.95
9424,L56603,1,298.1,308.5,1676,30.5,22,0,0,0,0,0,0,10.399999999999977,303.3,51118.0,0.05,59.09
9425,M24284,2,298.0,308.5,1585,33.0,24,0,0,0,0,0,0,10.5,303.25,52305.0,0.1,118.16
9426,M24285,2,298.1,308.6,1415,46.3,27,0,0,0,0,0,0,10.5,303.35,65514.49999999999,0.03,115.11
9427,L56606,1,298.1,308.7,1341,55.7,30,0,0,0,0,0,0,10.599999999999966,303.4,74693.7,0.13,138.55
9428,L56607,1,298.2,308.8,1540,34.8,32,0,0,0,0,0,0,10.600000000000023,303.5,53591.99999999999,0.27,231.78
9429,H38842,0,298.2,308.8,1837,28.4,34,0,0,0,0,0,0,10.600000000000023,303.5,52170.799999999996,0.14,380.3
9430,L56609,1,298.2,308.8,1498,36.0,39,0,0,0,0,0,0,10.600000000000023,303.5,53928.0,0.14,395.08
9431,L56610,1,298.1,308.7,1671,28.8,41,0,0,0,0,0,0,10.599999999999966,303.4,48124.8,0.06,301.93
9432,L56611,1,298.0,308.6,1430,57.0,43,0,0,0,0,0,0,10.600000000000023,303.3,81510.0,0.09,358.06
9433,L56612,1,298.0,308.7,1619,40.1,45,0,0,0,0,0,0,10.699999999999989,303.35,64921.9,0.28,285.44
9434,M24293,2,298.0,308.7,1430,51.9,47,0,0,0,0,0,0,10.699999999999989,303.35,74217.0,0.09,252.99
9435,L56614,1,298.0,308.6,1626,33.3,50,0,0,0,0,0,0,10.600000000000023,303.3,54145.799999999996,0.22,425.98
9436,L56615,1,298.0,308.7,1443,49.3,52,0,0,0,0,0,0,10.699999999999989,303.35,71139.9,0.01,277.28
9437,L56616,1,298.0,308.6,1481,42.5,54,0,0,0,0,0,0,10.600000000000023,303.3,62942.5,0.04,91.04
9438,M24297,2,298.1,308.7,1527,43.0,56,0,0,0,0,0,0,10.599999999999966,303.4,65661.0,0.09,230.83
9439,M24298,2,298.1,308.7,1315,56.8,59,0,0,0,0,0,0,10.599999999999966,303.4,74692.0,0.27,499.53
9440,M24299,2,298.1,308.8,1433,48.2,62,0,0,0,0,0,0,10.699999999999989,303.45000000000005,69070.6,0.07,538.74
9441,M24300,2,298.1,308.8,1378,53.5,65,0,0,0,0,0,0,10.699999999999989,303.45000000000005,73723.0,0.22,584.28
9442,L56621,1,298.1,308.8,1432,43.4,68,0,0,0,0,0,0,10.699999999999989,303.45000000000005,62148.799999999996,0.05,543.23
9443,M24302,2,298.1,308.8,1394,47.9,70,0,0,0,0,0,0,10.699999999999989,303.45000000000005,66772.59999999999,0.18,511.64
9444,H38857,0,298.0,308.8,1411,53.8,73,0,0,0,0,0,0,10.800000000000011,303.4,75911.8,0.18,545.15
9445,L56624,1,298.1,308.9,2136,15.9,78,0,0,0,0,0,0,10.799999999999955,303.5,33962.4,0.19,654.86
9446,M24305,2,298.2,309.0,1446,45.8,80,0,0,0,0,0,0,10.800000000000011,303.6,66226.8,0.09,463.42
9447,H38860,0,298.1,308.9,1388,53.5,83,0,0,0,0,0,0,10.799999999999955,303.5,74258.0,0.05,371.29
9448,M24307,2,298.1,308.9,1323,51.7,88,0,0,0,0,0,0,10.799999999999955,303.5,68399.1,0.27,486.53
9449,L56628,1,298.2,309.0,1780,29.3,91,0,0,0,0,0,0,10.800000000000011,303.6,52154.0,0.17,535.31
9450,M24309,2,298.1,308.8,1434,41.8,93,0,0,0,0,0,0,10.699999999999989,303.45000000000005,59941.2,0.06,650.43
9451,M24310,2,298.0,308.7,1494,42.6,96,0,0,0,0,0,0,10.699999999999989,303.35,63644.4,0.12,789.1
9452,H38865,0,298.0,308.7,1536,39.6,99,0,0,0,0,0,0,10.699999999999989,303.35,60825.600000000006,0.02,399.03
9453,M24312,2,298.0,308.7,1392,53.4,104,0,0,0,0,0,0,10.699999999999989,303.35,74332.8,0.14,399.94
9454,H38867,0,298.2,309.0,1360,56.8,107,0,0,0,0,0,0,10.800000000000011,303.6,77248.0,0.13,803.99
9455,L56634,1,298.4,309.2,1583,35.4,112,0,0,0,0,0,0,10.800000000000011,303.79999999999995,56038.2,0.04,610.39
9456,L56635,1,298.5,309.2,1983,20.2,114,0,0,0,0,0,0,10.699999999999989,303.85,40056.6,0.13,497.94
9457,L56636,1,298.5,309.3,1630,33.3,116,0,0,0,0,0,0,10.800000000000011,303.9,54278.99999999999,0.19,303.38
9458,M24317,2,298.5,309.3,1692,26.7,118,0,0,0,0,0,0,10.800000000000011,303.9,45176.4,0.28,725.49
9459,L56638,1,298.4,309.1,1417,40.6,121,0,0,0,0,0,0,10.700000000000045,303.75,57530.200000000004,0.21,745.56
9460,L56639,1,298.4,309.1,1579,36.1,123,0,0,0,0,0,0,10.700000000000045,303.75,57001.9,0.15,592.25
9461,M24320,2,298.4,309.2,1399,45.2,125,0,0,0,0,0,0,10.800000000000011,303.79999999999995,63234.8,0.23,958.79
9462,M24321,2,298.4,309.2,1414,46.4,128,0,0,0,0,0,0,10.800000000000011,303.79999999999995,65609.59999999999,0.08,598.11
9463,L56642,1,298.5,309.3,1570,40.1,131,0,0,0,0,0,0,10.800000000000011,303.9,62957.0,0.2,856.86
9464,M24323,2,298.5,309.3,1552,36.8,133,0,0,0,0,0,0,10.800000000000011,303.9,57113.6,0.0,1021.02
9465,L56644,1,298.6,309.4,1440,48.2,136,0,0,0,0,0,0,10.799999999999955,304.0,69408.0,0.02,717.62
9466,M24325,2,298.6,309.4,1460,43.8,138,0,0,0,0,0,0,10.799999999999955,304.0,63947.99999999999,0.19,862.67
9467,L56646,1,298.6,309.4,1471,48.0,141,0,0,0,0,0,0,10.799999999999955,304.0,70608.0,0.06,751.06
9468,L56647,1,298.6,309.3,1702,27.6,143,0,0,0,0,0,0,10.699999999999989,303.95000000000005,46975.200000000004,0.21,1025.35
9469,L56648,1,298.6,309.4,1375,55.4,145,0,0,0,0,0,0,10.799999999999955,304.0,76175.0,0.19,996.76
9470,L56649,1,298.6,309.4,1698,33.2,147,0,0,0,0,0,0,10.799999999999955,304.0,56373.600000000006,0.02,604.47
9471,H38884,0,298.6,309.4,1439,47.1,149,0,0,0,0,0,0,10.799999999999955,304.0,67776.90000000001,0.12,803.33
9472,M24331,2,298.6,309.4,1774,27.5,154,0,0,0,0,0,0,10.799999999999955,304.0,48785.0,0.18,849.9
9473,M24332,2,298.7,309.4,1375,48.3,157,0,0,0,0,0,0,10.699999999999989,304.04999999999995,66412.5,0.21,952.6
9474,L56653,1,298.7,309.5,1446,40.0,160,0,0,0,0,0,0,10.800000000000011,304.1,57840.0,0.24,1313.99
9475,M24334,2,298.7,309.6,1455,46.8,162,0,0,0,0,0,0,10.900000000000034,304.15,68094.0,0.1,1002.62
9476,L56655,1,298.8,309.6,1523,41.9,165,0,0,0,0,0,0,10.800000000000011,304.20000000000005,63813.7,0.25,1063.04
9477,M24336,2,298.8,309.6,1692,31.9,167,0,0,0,0,0,0,10.800000000000011,304.20000000000005,53974.799999999996,0.11,1131.68
9478,M24337,2,298.8,309.6,1693,33.3,170,0,0,0,0,0,0,10.800000000000011,304.20000000000005,56376.899999999994,0.0,878.27
9479,L56658,1,298.8,309.6,1890,24.0,173,0,0,0,0,0,0,10.800000000000011,304.20000000000005,45360.0,0.18,799.29
9480,H38893,0,298.9,309.6,1600,33.5,175,0,0,0,0,0,0,10.700000000000045,304.25,53600.0,0.07,1194.59
9481,M24340,2,298.9,309.6,1434,43.8,180,0,0,0,0,0,0,10.700000000000045,304.25,62809.2,0.04,916.54
9482,L56661,1,298.9,309.6,1365,50.9,183,0,0,0,0,0,0,10.700000000000045,304.25,69478.5,0.08,656.6
9483,H38896,0,298.8,309.6,1309,57.4,185,0,0,0,0,0,0,10.800000000000011,304.20000000000005,75136.59999999999,0.25,935.06
9484,H38897,0,298.9,309.6,1546,35.3,190,0,0,0,0,0,0,10.700000000000045,304.25,54573.799999999996,0.27,1389.15
9485,L56664,1,298.9,309.6,1663,33.7,195,0,0,0,0,0,0,10.700000000000045,304.25,56043.100000000006,0.29,1027.49
9486,L56665,1,298.9,309.6,1589,34.2,197,0,0,0,0,0,0,10.700000000000045,304.25,54343.8,0.09,1277.38
9487,M24346,2,298.9,309.6,1472,46.0,199,0,0,0,0,0,0,10.700000000000045,304.25,67712.0,0.14,1147.16
9488,L56667,1,298.9,309.6,1583,39.8,202,0,0,0,0,0,0,10.700000000000045,304.25,63003.399999999994,0.24,1357.08
9489,M24348,2,298.9,309.6,1567,34.5,204,0,0,0,0,0,0,10.700000000000045,304.25,54061.5,0.1,1081.48
9490,L56669,1,298.9,309.7,1407,41.9,207,0,0,0,0,0,0,10.800000000000011,304.29999999999995,58953.299999999996,0.12,1233.5
9491,M24350,2,299.0,309.7,1418,44.7,209,0,0,0,0,0,0,10.699999999999989,304.35,63384.600000000006,0.07,1162.49
9492,M24351,2,299.0,309.7,1489,40.7,212,0,0,0,0,0,0,10.699999999999989,304.35,60602.3,0.17,1224.22
9493,L56672,1,299.1,309.9,1586,36.6,215,0,0,0,0,0,0,10.799999999999955,304.5,58047.600000000006,0.2,1115.18
9494,L56673,1,299.1,309.8,1398,55.4,217,1,0,0,0,1,0,10.699999999999989,304.45000000000005,77449.2,8.09,9228.78
9495,L56674,1,299.2,309.9,1516,41.4,219,0,0,0,0,0,0,10.699999999999989,304.54999999999995,62762.4,0.01,832.45
9496,H38909,0,299.3,310.0,1373,44.8,221,0,0,0,0,0,0,10.699999999999989,304.65,61510.399999999994,0.22,1464.73
9497,M24356,2,299.2,310.0,1349,50.4,226,0,0,0,0,0,0,10.800000000000011,304.6,67989.59999999999,0.18,1339.55
9498,H38911,0,299.1,309.9,1443,40.3,0,0,0,0,0,0,0,10.799999999999955,304.5,58152.899999999994,0.07,139.63
9499,H38912,0,299.2,310.1,1542,36.1,5,0,0,0,0,0,0,10.900000000000034,304.65,55666.200000000004,0.09,0.0
9500,L56679,1,299.2,310.1,1534,37.7,10,0,0,0,0,0,0,10.900000000000034,304.65,57831.8,0.29,171.14
9501,L56680,1,299.2,310.2,1697,30.6,12,0,0,0,0,0,0,11.0,304.7,51928.200000000004,0.19,174.14
9502,L56681,1,299.3,310.3,1396,47.4,14,0,0,0,0,0,0,11.0,304.8,66170.4,0.18,351.05
9503,L56682,1,299.3,310.2,1495,49.2,16,0,0,0,0,0,0,10.899999999999977,304.75,73554.0,0.19,128.58
9504,M24363,2,299.2,310.3,1551,44.8,18,0,0,0,0,0,0,11.100000000000023,304.75,69484.79999999999,0.29,762.2
9505,L56684,1,299.2,310.3,1440,47.0,21,0,0,0,0,0,0,11.100000000000023,304.75,67680.0,0.1,165.5
9506,L56685,1,299.2,310.3,1429,40.1,23,0,0,0,0,0,0,11.100000000000023,304.75,57302.9,0.08,42.6
9507,H38920,0,299.3,310.4,1548,41.6,25,0,0,0,0,0,0,11.099999999999966,304.85,64396.8,0.11,206.97
9508,L56687,1,299.3,310.5,1505,38.8,30,0,0,0,0,0,0,11.199999999999989,304.9,58393.99999999999,0.24,247.36
9509,L56688,1,299.2,310.4,1611,36.4,32,0,0,0,0,0,0,11.199999999999989,304.79999999999995,58640.399999999994,0.04,22.35
9510,M24369,2,299.2,310.4,1502,39.8,34,0,0,0,0,0,0,11.199999999999989,304.79999999999995,59779.6,0.06,381.65
9511,M24370,2,299.2,310.4,1504,43.3,37,0,0,0,0,0,0,11.199999999999989,304.79999999999995,65123.2,0.07,331.99
9512,L56691,1,299.1,310.3,1449,40.7,40,0,0,0,0,0,0,11.199999999999989,304.70000000000005,58974.3,0.19,467.42
9513,L56692,1,299.0,310.2,1575,37.8,42,0,0,0,0,0,0,11.199999999999989,304.6,59534.99999999999,0.19,591.51
9514,M24373,2,299.0,310.2,1598,33.4,44,0,0,0,0,0,0,11.199999999999989,304.6,53373.2,0.11,403.0
9515,L56694,1,299.0,310.1,1416,45.9,47,0,0,0,0,0,0,11.100000000000023,304.55,64994.4,0.08,154.89
9516,L56695,1,299.0,310.2,1682,28.8,49,0,0,0,0,0,0,11.199999999999989,304.6,48441.6,0.23,581.3
9517,L56696,1,298.9,310.1,1341,54.5,51,0,0,0,0,0,0,11.200000000000045,304.5,73084.5,0.01,96.01
9518,L56697,1,298.9,310.1,1523,39.1,53,0,0,0,0,0,0,11.200000000000045,304.5,59549.3,0.22,413.29
9519,L56698,1,299.0,310.1,1580,41.9,55,0,0,0,0,0,0,11.100000000000023,304.55,66202.0,0.06,328.14
9520,L56699,1,299.0,310.1,1531,36.0,57,0,0,0,0,0,0,11.100000000000023,304.55,55116.0,0.27,532.92
9521,L56700,1,299.0,310.1,1375,48.9,59,0,0,0,0,0,0,11.100000000000023,304.55,67237.5,0.12,146.32
9522,M24381,2,298.9,310.1,1484,40.4,61,0,0,0,0,0,0,11.200000000000045,304.5,59953.6,0.19,349.86
9523,M24382,2,299.0,310.2,1657,32.3,64,0,0,0,0,0,0,11.199999999999989,304.6,53521.1,0.04,356.62
9524,L56703,1,299.0,310.2,1494,40.6,67,0,0,0,0,0,0,11.199999999999989,304.6,60656.4,0.08,323.4
9525,H38938,0,299.0,310.3,1658,27.6,69,0,0,0,0,0,0,11.300000000000011,304.65,45760.8,0.21,723.94
9526,L56705,1,299.1,310.3,1411,42.1,74,0,0,0,0,0,0,11.199999999999989,304.70000000000005,59403.1,0.17,734.62
9527,M24386,2,299.2,310.4,1395,55.4,76,0,0,0,0,0,0,11.199999999999989,304.79999999999995,77283.0,0.23,441.94
9528,L56707,1,299.1,310.4,1550,43.9,79,0,0,0,0,0,0,11.299999999999955,304.75,68045.0,0.17,573.96
9529,M24388,2,299.1,310.3,1233,59.0,81,0,0,0,0,0,0,11.199999999999989,304.70000000000005,72747.0,0.17,812.41
9530,L56709,1,299.1,310.3,1459,46.7,84,0,0,0,0,0,0,11.199999999999989,304.70000000000005,68135.3,0.26,659.87
9531,H38944,0,299.1,310.4,1405,53.6,86,0,0,0,0,0,0,11.299999999999955,304.75,75308.0,0.13,498.95
9532,L56711,1,299.2,310.5,1458,44.1,91,0,0,0,0,0,0,11.300000000000011,304.85,64297.8,0.27,854.03
9533,L56712,1,299.2,310.5,1384,48.7,93,0,0,0,0,0,0,11.300000000000011,304.85,67400.8,0.11,533.87
9534,L56713,1,299.2,310.5,1705,29.5,95,0,0,0,0,0,0,11.300000000000011,304.85,50297.5,0.1,765.63
9535,L56714,1,299.3,310.6,1443,45.7,97,0,0,0,0,0,0,11.300000000000011,304.95000000000005,65945.1,0.23,625.79
9536,M24395,2,299.3,310.6,1609,31.4,99,0,0,0,0,0,0,11.300000000000011,304.95000000000005,50522.6,0.0,423.81
9537,L56716,1,299.3,310.5,1818,26.0,102,0,0,0,0,0,0,11.199999999999989,304.9,47268.0,0.05,678.52
9538,M24397,2,299.3,310.6,1457,42.1,104,0,0,0,0,0,0,11.300000000000011,304.95000000000005,61339.700000000004,0.02,555.08
9539,L56718,1,299.3,310.6,1480,45.1,107,0,0,0,0,0,0,11.300000000000011,304.95000000000005,66748.0,0.15,701.26
9540,L56719,1,299.4,310.8,1424,47.7,109,0,0,0,0,0,0,11.400000000000034,305.1,67924.8,0.19,448.6
9541,M24400,2,299.4,310.8,1628,40.2,111,0,0,0,0,0,0,11.400000000000034,305.1,65445.600000000006,0.0,501.99
9542,M24401,2,299.5,310.8,1754,31.3,114,0,0,0,0,0,0,11.300000000000011,305.15,54900.200000000004,0.05,749.61
9543,L56722,1,299.6,310.9,1716,28.5,117,0,0,0,0,0,0,11.299999999999955,305.25,48906.0,0.09,557.44
9544,M24403,2,299.5,310.9,1378,48.7,119,0,0,0,0,0,0,11.399999999999977,305.2,67108.6,0.09,790.1
9545,L56724,1,299.6,311.0,1708,31.0,122,0,0,0,0,0,0,11.399999999999977,305.3,52948.0,0.03,680.2
9546,L56725,1,299.6,311.0,1430,38.3,124,0,0,0,0,0,0,11.399999999999977,305.3,54768.99999999999,0.05,640.04
9547,M24406,2,299.7,311.2,1560,43.9,126,0,0,0,0,0,0,11.5,305.45,68484.0,0.25,1083.66
9548,L56727,1,299.6,311.1,1679,30.7,129,0,0,0,0,0,0,11.5,305.35,51545.299999999996,0.21,804.02
9549,L56728,1,299.6,311.1,1521,37.2,131,0,0,0,0,0,0,11.5,305.35,56581.200000000004,0.09,704.48
9550,M24409,2,299.6,311.1,1649,33.8,133,0,0,0,0,0,0,11.5,305.35,55736.2,0.08,713.33
9551,M24410,2,299.5,311.0,1451,43.3,136,0,0,0,0,0,0,11.5,305.25,62828.299999999996,0.02,712.08
9552,L56731,1,299.4,310.8,1391,48.9,139,0,0,0,0,0,0,11.400000000000034,305.1,68019.9,0.1,910.04
9553,M24412,2,299.3,310.8,1523,40.9,141,0,0,0,0,0,0,11.5,305.05,62290.7,0.12,604.12
9554,L56733,1,299.3,310.7,1495,39.2,144,0,0,0,0,0,0,11.399999999999977,305.0,58604.00000000001,0.27,1120.21
9555,M24414,2,299.3,310.7,1440,45.5,146,0,0,0,0,0,0,11.399999999999977,305.0,65520.0,0.22,960.21
9556,H38969,0,299.4,310.8,1585,31.4,149,0,0,0,0,0,0,11.400000000000034,305.1,49769.0,0.14,968.11
9557,L56736,1,299.5,310.8,1374,48.3,154,0,0,0,0,0,0,11.300000000000011,305.15,66364.2,0.04,1168.78
9558,M24417,2,299.5,310.8,1507,40.2,156,0,0,0,0,0,0,11.300000000000011,305.15,60581.4,0.2,903.25
9559,M24418,2,299.5,310.9,1577,34.6,159,0,0,0,0,0,0,11.399999999999977,305.2,54564.200000000004,0.28,891.3
9560,L56739,1,299.5,310.9,1496,38.5,162,0,0,0,0,0,0,11.399999999999977,305.2,57596.0,0.02,859.07
9561,L56740,1,299.6,310.9,1487,42.5,164,0,0,0,0,0,0,11.299999999999955,305.25,63197.5,0.25,1122.83
9562,L56741,1,299.6,310.9,1853,26.3,166,0,0,0,0,0,0,11.299999999999955,305.25,48733.9,0.05,1010.74
9563,M24422,2,299.7,311.0,1435,50.1,168,0,0,0,0,0,0,11.300000000000011,305.35,71893.5,0.21,969.24
9564,M24423,2,299.8,311.1,1763,25.5,171,0,0,0,0,0,0,11.300000000000011,305.45000000000005,44956.5,0.06,790.48
9565,L56744,1,299.8,311.1,1820,24.9,174,0,0,0,0,0,0,11.300000000000011,305.45000000000005,45318.0,0.18,820.05
9566,M24425,2,299.8,311.1,1498,38.1,176,0,0,0,0,0,0,11.300000000000011,305.45000000000005,57073.8,0.07,744.88
9567,L56746,1,299.8,311.1,1603,35.1,179,0,0,0,0,0,0,11.300000000000011,305.45000000000005,56265.3,0.16,992.61
9568,L56747,1,299.8,311.1,1412,42.5,181,0,0,0,0,0,0,11.300000000000011,305.45000000000005,60010.0,0.18,1067.51
9569,L56748,1,299.8,311.1,1588,38.0,183,0,0,0,0,0,0,11.300000000000011,305.45000000000005,60344.0,0.19,1414.77
9570,M24429,2,299.8,311.0,1948,20.0,185,0,0,0,0,0,0,11.199999999999989,305.4,38960.0,0.2,871.11
9571,L56750,1,299.7,310.9,1384,48.2,188,0,0,0,0,0,0,11.199999999999989,305.29999999999995,66708.8,0.02,1010.31
9572,L56751,1,299.7,310.8,1589,36.0,190,0,0,0,0,0,0,11.100000000000023,305.25,57204.0,0.21,1051.11
9573,M24432,2,299.7,310.8,1405,47.6,192,0,0,0,0,0,0,11.100000000000023,305.25,66878.0,0.05,1043.43
9574,L56753,1,299.7,310.9,1491,40.1,195,0,0,0,0,0,0,11.199999999999989,305.29999999999995,59789.1,0.2,1092.01
9575,H38988,0,299.7,310.8,1418,46.6,197,0,0,0,0,0,0,11.100000000000023,305.25,66078.8,0.04,1180.31
9576,M24435,2,299.6,310.8,1603,35.4,202,0,0,0,0,0,0,11.199999999999989,305.20000000000005,56746.2,0.14,1304.38
9577,L56756,1,299.6,310.7,1922,23.3,205,1,1,0,0,0,0,11.099999999999966,305.15,44782.6,2.51,3518.03
9578,M24437,2,299.5,310.7,1364,49.5,0,0,0,0,0,0,0,11.199999999999989,305.1,67518.0,0.29,505.87
9579,L56758,1,299.4,310.7,1551,41.2,3,0,0,0,0,0,0,11.300000000000011,305.04999999999995,63901.200000000004,0.19,319.02
9580,L56759,1,299.5,310.7,1589,33.5,5,0,0,0,0,0,0,11.199999999999989,305.1,53231.5,0.03,263.88
9581,M24440,2,299.5,310.7,1423,56.5,7,0,0,0,0,0,0,11.199999999999989,305.1,80399.5,0.21,238.53
9582,L56761,1,299.4,310.6,1418,53.1,10,0,0,0,0,0,0,11.200000000000045,305.0,75295.8,0.06,252.77
9583,M24442,2,299.3,310.5,1404,47.5,12,0,0,0,0,0,0,11.199999999999989,304.9,66690.0,0.09,34.76
9584,L56763,1,299.3,310.5,1281,59.8,15,0,0,0,0,0,0,11.199999999999989,304.9,76603.8,0.11,54.55
9585,L56764,1,299.3,310.5,1529,41.3,17,0,0,0,0,0,0,11.199999999999989,304.9,63147.7,0.23,641.97
9586,M24445,2,299.3,310.5,1563,42.1,19,0,0,0,0,0,0,11.199999999999989,304.9,65802.3,0.28,212.12
9587,L56766,1,299.4,310.6,1348,54.5,22,0,0,0,0,0,0,11.200000000000045,305.0,73466.0,0.28,324.58
9588,M24447,2,299.3,310.5,1462,40.5,24,0,0,0,0,0,0,11.199999999999989,304.9,59211.0,0.05,0.0
9589,H39002,0,299.3,310.4,1510,45.5,27,0,0,0,0,0,0,11.099999999999966,304.85,68705.0,0.02,28.12
9590,L56769,1,299.2,310.4,1472,43.3,32,0,0,0,0,0,0,11.199999999999989,304.79999999999995,63737.6,0.25,260.86
9591,M24450,2,299.2,310.4,1325,52.0,34,0,0,0,0,0,0,11.199999999999989,304.79999999999995,68900.0,0.09,159.46
9592,L56771,1,299.2,310.4,1570,37.3,37,0,0,0,0,0,0,11.199999999999989,304.79999999999995,58560.99999999999,0.17,399.98
9593,L56772,1,299.2,310.4,1379,46.8,39,0,0,0,0,0,0,11.199999999999989,304.79999999999995,64537.2,0.29,566.16
9594,L56773,1,299.1,310.2,1352,52.8,41,0,0,0,0,0,0,11.099999999999966,304.65,71385.59999999999,0.06,113.98
9595,L56774,1,299.1,310.3,1727,28.7,43,0,0,0,0,0,0,11.199999999999989,304.70000000000005,49564.9,0.11,206.55
9596,H39009,0,299.0,310.1,1432,50.0,45,0,0,0,0,0,0,11.100000000000023,304.55,71600.0,0.26,647.53
9597,L56776,1,298.9,310.1,1466,43.4,50,0,0,0,0,0,0,11.200000000000045,304.5,63624.4,0.19,695.79
9598,L56777,1,298.9,310.1,1510,38.0,52,0,0,0,0,0,0,11.200000000000045,304.5,57380.0,0.28,728.39
9599,L56778,1,299.0,310.2,1490,41.1,54,0,0,0,0,0,0,11.199999999999989,304.6,61239.0,0.19,213.05
9600,L56779,1,299.0,310.1,1463,37.4,56,0,0,0,0,0,0,11.100000000000023,304.55,54716.2,0.09,548.41
9601,M24460,2,298.9,310.0,1561,45.3,58,0,0,0,0,0,0,11.100000000000023,304.45,70713.29999999999,0.24,808.05
9602,L56781,1,298.9,310.1,2109,18.0,61,0,0,0,0,0,0,11.200000000000045,304.5,37962.0,0.23,280.61
9603,L56782,1,298.9,310.2,1705,32.5,63,0,0,0,0,0,0,11.300000000000011,304.54999999999995,55412.5,0.28,757.41
9604,M24463,2,298.9,310.1,1549,40.2,65,0,0,0,0,0,0,11.200000000000045,304.5,62269.8,0.14,498.78
9605,H39018,0,299.0,310.2,1637,38.0,68,0,0,0,0,0,0,11.199999999999989,304.6,62206.0,0.15,440.93
9606,M24465,2,298.9,310.1,1484,37.9,73,0,0,0,0,0,0,11.200000000000045,304.5,56243.6,0.1,480.93
9607,L56786,1,298.9,310.1,1401,44.4,76,0,0,0,0,0,0,11.200000000000045,304.5,62204.4,0.08,526.49
9608,L56787,1,298.9,310.1,1571,36.8,78,0,0,0,0,0,0,11.200000000000045,304.5,57812.799999999996,0.3,863.64
9609,M24468,2,298.9,310.1,1513,41.5,80,0,0,0,0,0,0,11.200000000000045,304.5,62789.5,0.29,855.9
9610,L56789,1,299.0,310.1,1470,40.3,83,0,0,0,0,0,0,11.100000000000023,304.55,59240.99999999999,0.16,348.96
9611,L56790,1,299.0,310.1,1505,41.3,85,0,0,0,0,0,0,11.100000000000023,304.55,62156.49999999999,0.29,617.7
9612,L56791,1,299.0,310.2,1432,42.2,87,0,0,0,0,0,0,11.199999999999989,304.6,60430.4,0.11,559.03
9613,M24472,2,299.0,310.2,1625,31.8,89,0,0,0,0,0,0,11.199999999999989,304.6,51675.0,0.25,930.83
9614,L56793,1,299.0,310.2,1377,62.5,92,1,0,0,1,0,0,11.199999999999989,304.6,86062.5,7.26,7310.88
9615,M24474,2,299.1,310.3,1441,43.9,94,0,0,0,0,0,0,11.199999999999989,304.70000000000005,63259.9,0.22,598.37
9616,M24475,2,299.0,310.2,1564,39.9,97,0,0,0,0,0,0,11.199999999999989,304.6,62403.6,0.22,475.82
9617,L56796,1,298.9,310.1,1580,37.3,100,0,0,0,0,0,0,11.200000000000045,304.5,58933.99999999999,0.19,484.59
9618,L56797,1,299.0,310.2,1516,35.3,102,0,0,0,0,0,0,11.199999999999989,304.6,53514.799999999996,0.26,917.86
9619,L56798,1,299.0,310.1,1447,42.8,104,0,0,0,0,0,0,11.100000000000023,304.55,61931.6,0.12,560.22
9620,M24479,2,298.9,310.0,1323,52.9,106,0,0,0,0,0,0,11.100000000000023,304.45,69986.7,0.25,429.95
9621,L56800,1,298.9,310.0,1470,45.9,109,0,0,0,0,0,0,11.100000000000023,304.45,67473.0,0.06,581.23
9622,M24481,2,299.0,310.0,2049,19.5,111,0,0,0,0,0,0,11.0,304.5,39955.5,0.06,920.38
9623,L56802,1,298.9,310.0,1794,27.2,114,0,0,0,0,0,0,11.100000000000023,304.45,48796.799999999996,0.22,519.0
9624,L56803,1,298.9,310.1,1356,47.8,116,0,0,0,0,0,0,11.200000000000045,304.5,64816.799999999996,0.23,889.94
9625,H39038,0,299.0,310.1,1555,38.6,118,0,0,0,0,0,0,11.100000000000023,304.55,60023.0,0.27,1095.16
9626,M24485,2,299.0,310.1,1487,47.5,123,0,0,0,0,0,0,11.100000000000023,304.55,70632.5,0.08,687.59
9627,M24486,2,299.0,310.0,1341,58.9,126,0,0,0,0,0,0,11.0,304.5,78984.9,0.02,939.2
9628,M24487,2,298.9,310.0,1487,36.6,129,0,0,0,0,0,0,11.100000000000023,304.45,54424.200000000004,0.15,696.03
9629,H39042,0,299.0,310.0,1569,34.3,132,0,0,0,0,0,0,11.0,304.5,53816.7,0.26,1136.89
9630,H39043,0,299.0,310.1,2053,19.7,137,0,0,0,0,0,0,11.100000000000023,304.55,40444.1,0.29,1156.49
9631,L56810,1,299.0,310.1,1583,35.8,142,0,0,0,0,0,0,11.100000000000023,304.55,56671.399999999994,0.26,965.12
9632,L56811,1,299.0,310.0,1672,33.2,144,0,0,0,0,0,0,11.0,304.5,55510.4,0.15,646.92
9633,M24492,2,299.0,310.0,1337,57.4,146,0,0,0,0,0,0,11.0,304.5,76743.8,0.26,839.74
9634,H39047,0,299.1,310.1,1421,41.2,149,0,0,0,0,0,0,11.0,304.6,58545.200000000004,0.06,453.37
9635,L56814,1,299.1,310.2,1425,52.7,154,0,0,0,0,0,0,11.099999999999966,304.65,75097.5,0.28,1139.12
9636,L56815,1,299.2,310.2,1609,33.2,156,0,0,0,0,0,0,11.0,304.7,53418.8,0.17,1021.15
9637,L56816,1,299.2,310.3,1507,41.3,158,0,0,0,0,0,0,11.100000000000023,304.75,62239.1,0.12,921.88
9638,L56817,1,299.2,310.3,1463,38.9,160,0,0,0,0,0,0,11.100000000000023,304.75,56910.7,0.17,951.59
9639,H39052,0,299.3,310.4,1393,44.9,162,0,0,0,0,0,0,11.099999999999966,304.85,62545.7,0.24,1253.64
9640,L56819,1,299.3,310.4,1725,26.8,167,0,0,0,0,0,0,11.099999999999966,304.85,46230.0,0.07,949.67
9641,L56820,1,299.4,310.5,1514,36.1,169,0,0,0,0,0,0,11.100000000000023,304.95,54655.4,0.03,791.8
9642,L56821,1,299.3,310.4,1365,53.9,171,0,0,0,0,0,0,11.099999999999966,304.85,73573.5,0.22,1097.08
9643,L56822,1,299.4,310.5,1372,46.3,173,0,0,0,0,0,0,11.100000000000023,304.95,63523.6,0.29,1462.13
9644,L56823,1,299.4,310.4,1509,40.6,175,0,0,0,0,0,0,11.0,304.9,61265.4,0.19,1158.33
9645,L56824,1,299.3,310.4,1629,32.6,177,0,0,0,0,0,0,11.099999999999966,304.85,53105.4,0.04,866.51
9646,L56825,1,299.4,310.5,1749,28.1,179,0,0,0,0,0,0,11.100000000000023,304.95,49146.9,0.19,1078.33
9647,L56826,1,299.4,310.4,1582,31.7,181,0,0,0,0,0,0,11.0,304.9,50149.4,0.03,1004.51
9648,L56827,1,299.2,310.2,1458,47.0,183,0,0,0,0,0,0,11.0,304.7,68526.0,0.09,941.84
9649,L56828,1,299.1,310.1,1416,41.2,185,0,0,0,0,0,0,11.0,304.6,58339.200000000004,0.01,858.57
9650,H39063,0,299.1,310.0,1657,33.1,187,0,0,0,0,0,0,10.899999999999977,304.55,54846.700000000004,0.15,1083.3
9651,M24510,2,299.1,310.0,1437,41.1,192,0,0,0,0,0,0,10.899999999999977,304.55,59060.700000000004,0.1,1287.86
9652,M24511,2,299.1,310.0,1580,36.0,195,0,0,0,0,0,0,10.899999999999977,304.55,56880.0,0.03,1123.65
9653,M24512,2,299.0,310.0,1488,46.3,198,0,0,0,0,0,0,11.0,304.5,68894.4,0.09,1018.57
9654,L56833,1,299.0,309.9,1373,55.7,201,1,0,0,0,1,0,10.899999999999977,304.45,76476.1,8.57,9705.35
9655,L56834,1,299.1,310.0,1367,56.3,203,1,0,0,0,1,0,10.899999999999977,304.55,76962.09999999999,9.8,10816.29
9656,H39069,0,299.1,310.0,1431,49.5,205,0,0,0,0,0,0,10.899999999999977,304.55,70834.5,0.04,1116.69
9657,L56836,1,299.0,310.1,1623,33.0,210,0,0,0,0,0,0,11.100000000000023,304.55,53559.0,0.16,1248.04
9658,L56837,1,299.0,310.0,1484,39.6,212,0,0,0,0,0,0,11.0,304.5,58766.4,0.23,973.46
9659,L56838,1,299.0,309.9,1548,34.5,214,0,0,0,0,0,0,10.899999999999977,304.45,53406.0,0.25,862.88
9660,L56839,1,298.9,309.8,1287,61.9,216,1,0,0,0,1,0,10.900000000000034,304.35,79665.3,8.99,10103.99
9661,M24520,2,298.9,309.8,1392,43.1,218,0,0,0,0,0,0,10.900000000000034,304.35,59995.200000000004,0.21,1172.07
9662,H39075,0,299.0,310.0,1458,44.9,221,0,0,0,0,0,0,11.0,304.5,65464.2,0.25,1109.11
9663,M24522,2,299.1,310.1,1570,30.9,226,0,0,0,0,0,0,11.0,304.6,48513.0,0.2,1206.7
9664,L56843,1,299.1,310.1,1435,48.8,229,1,0,0,0,1,0,11.0,304.6,70028.0,7.58,8863.7
9665,L56844,1,299.1,310.2,1317,54.8,231,1,0,0,0,1,0,11.099999999999966,304.65,72171.59999999999,7.56,8768.67
9666,L56845,1,299.2,310.3,1610,33.3,233,0,0,0,0,0,0,11.100000000000023,304.75,53612.99999999999,0.09,1370.76
9667,M24526,2,299.1,310.3,1838,24.0,235,0,0,0,0,0,0,11.199999999999989,304.70000000000005,44112.0,0.1,1342.96
9668,L56847,1,299.2,310.3,1352,48.9,238,1,0,0,0,1,0,11.100000000000023,304.75,66112.8,8.76,9812.18
9669,L56848,1,299.1,310.3,1619,35.2,240,0,0,0,0,0,0,11.199999999999989,304.70000000000005,56988.8,0.29,1606.48
9670,L56849,1,299.1,310.3,1619,31.1,242,0,0,0,0,0,0,11.199999999999989,304.70000000000005,50350.9,0.06,1357.86
9671,L56850,1,299.0,310.2,1690,30.7,244,0,0,0,0,0,0,11.199999999999989,304.6,51883.0,0.16,1362.38
9672,L56851,1,299.0,310.2,1412,44.1,246,0,0,0,0,0,0,11.199999999999989,304.6,62269.200000000004,0.3,1538.83
9673,H39086,0,299.0,310.2,1744,31.5,0,0,0,0,0,0,0,11.199999999999989,304.6,54936.0,0.19,308.87
9674,M24533,2,299.0,310.1,1593,35.4,5,0,0,0,0,0,0,11.100000000000023,304.55,56392.2,0.06,0.0
9675,L56854,1,299.1,310.2,1695,29.6,8,0,0,0,0,0,0,11.099999999999966,304.65,50172.0,0.29,493.18
9676,M24535,2,299.0,310.2,1298,57.2,10,0,0,0,0,0,0,11.199999999999989,304.6,74245.6,0.1,234.76
9677,L56856,1,299.0,310.1,1886,21.2,13,0,0,0,0,0,0,11.100000000000023,304.55,39983.2,0.01,75.34
9678,L56857,1,299.0,310.1,2033,19.3,15,0,0,0,0,0,0,11.100000000000023,304.55,39236.9,0.13,434.69
9679,M24538,2,299.1,310.2,1711,28.1,17,0,0,0,0,0,0,11.099999999999966,304.65,48079.100000000006,0.07,0.0
9680,L56859,1,299.1,310.2,1598,33.4,20,0,0,0,0,0,0,11.099999999999966,304.65,53373.2,0.25,280.97
9681,L56860,1,299.1,310.1,1894,24.2,22,0,0,0,0,0,0,11.0,304.6,45834.799999999996,0.07,77.66
9682,M24541,2,299.1,310.1,1412,44.4,24,0,0,0,0,0,0,11.0,304.6,62692.799999999996,0.25,423.71
9683,L56862,1,299.1,310.0,1394,46.6,27,0,0,0,0,0,0,10.899999999999977,304.55,64960.4,0.01,322.36
9684,M24543,2,299.0,310.0,1338,56.4,29,0,0,0,0,0,0,11.0,304.5,75463.2,0.28,277.55
9685,H39098,0,298.9,309.9,1376,51.0,32,0,0,0,0,0,0,11.0,304.4,70176.0,0.01,665.82
9686,L56865,1,299.0,310.0,1360,48.1,37,0,0,0,0,0,0,11.0,304.5,65416.0,0.28,365.59
9687,L56866,1,299.1,310.1,1486,40.7,39,0,0,0,0,0,0,11.0,304.6,60480.200000000004,0.02,269.1
9688,M24547,2,299.1,310.1,1649,31.6,41,0,0,0,0,0,0,11.0,304.6,52108.4,0.26,465.4
9689,L56868,1,299.1,310.1,1367,45.6,44,0,0,0,0,0,0,11.0,304.6,62335.200000000004,0.25,476.92
9690,L56869,1,299.0,310.1,1362,59.5,46,0,0,0,0,0,0,11.100000000000023,304.55,81039.0,0.18,291.14
9691,M24550,2,298.9,310.0,1520,35.6,48,0,0,0,0,0,0,11.100000000000023,304.45,54112.0,0.01,410.13
9692,L56871,1,299.0,310.0,1582,31.9,51,0,0,0,0,0,0,11.0,304.5,50465.799999999996,0.19,316.91
9693,M24552,2,299.0,310.0,1667,30.0,53,0,0,0,0,0,0,11.0,304.5,50010.0,0.19,189.66
9694,L56873,1,298.9,310.0,1693,28.8,56,0,0,0,0,0,0,11.100000000000023,304.45,48758.4,0.17,281.7
9695,L56874,1,298.9,310.0,1559,33.4,58,0,0,0,0,0,0,11.100000000000023,304.45,52070.6,0.19,696.8
9696,L56875,1,298.9,309.9,1592,32.0,60,0,0,0,0,0,0,11.0,304.4,50944.0,0.29,777.57
9697,L56876,1,298.9,309.9,1404,39.8,62,0,0,0,0,0,0,11.0,304.4,55879.2,0.3,308.91
9698,M24557,2,298.8,309.8,1413,45.5,64,0,0,0,0,0,0,11.0,304.3,64291.5,0.16,602.06
9699,L56878,1,298.8,309.8,1663,28.2,67,0,0,0,0,0,0,11.0,304.3,46896.6,0.03,67.71
9700,L56879,1,298.8,309.8,1508,36.3,69,0,0,0,0,0,0,11.0,304.3,54740.399999999994,0.04,380.92
9701,M24560,2,298.9,309.8,1353,53.7,71,0,0,0,0,0,0,10.900000000000034,304.35,72656.1,0.22,393.84
9702,L56881,1,298.8,309.8,1485,42.4,74,0,0,0,0,0,0,11.0,304.3,62964.0,0.29,793.62
9703,L56882,1,298.9,310.0,1633,31.2,76,0,0,0,0,0,0,11.100000000000023,304.45,50949.6,0.13,593.2
9704,L56883,1,298.9,310.0,1422,43.6,78,0,0,0,0,0,0,11.100000000000023,304.45,61999.200000000004,0.03,566.94
9705,L56884,1,298.9,310.1,1577,41.4,80,0,0,0,0,0,0,11.200000000000045,304.5,65287.799999999996,0.11,465.71
9706,L56885,1,298.9,310.0,1482,41.1,82,0,0,0,0,0,0,11.100000000000023,304.45,60910.200000000004,0.12,501.3
9707,M24566,2,299.0,310.1,1705,30.1,84,0,0,0,0,0,0,11.100000000000023,304.55,51320.5,0.3,495.11
9708,L56887,1,299.0,310.1,1699,32.9,87,0,0,0,0,0,0,11.100000000000023,304.55,55897.1,0.21,490.43
9709,L56888,1,299.0,310.1,1664,29.7,89,0,0,0,0,0,0,11.100000000000023,304.55,49420.799999999996,0.04,627.28
9710,M24569,2,299.0,310.0,1486,34.6,91,0,0,0,0,0,0,11.0,304.5,51415.6,0.1,610.09
9711,L56890,1,299.1,310.1,1336,61.3,94,0,0,0,0,0,0,11.0,304.6,81896.8,0.01,495.65
9712,H39125,0,299.1,310.1,1429,42.9,96,0,0,0,0,0,0,11.0,304.6,61304.1,0.2,869.32
9713,M24572,2,299.1,310.2,1456,48.4,101,0,0,0,0,0,0,11.099999999999966,304.65,70470.4,0.2,509.98
9714,L56893,1,299.1,310.2,1496,45.0,104,0,0,0,0,0,0,11.099999999999966,304.65,67320.0,0.02,648.02
9715,L56894,1,299.1,310.1,1894,20.1,106,0,0,0,0,0,0,11.0,304.6,38069.4,0.1,453.13
9716,L56895,1,299.1,310.1,1373,55.6,108,0,0,0,0,0,0,11.0,304.6,76338.8,0.27,1031.68
9717,H39130,0,299.0,310.0,1387,45.2,110,0,0,0,0,0,0,11.0,304.5,62692.4,0.25,881.67
9718,L56897,1,298.9,309.9,1500,44.2,115,0,0,0,0,0,0,11.0,304.4,66300.0,0.17,889.68
9719,L56898,1,298.9,309.9,1517,36.6,117,0,0,0,0,0,0,11.0,304.4,55522.200000000004,0.15,629.75
9720,L56899,1,298.9,309.9,1309,56.2,119,0,0,0,0,0,0,11.0,304.4,73565.8,0.3,1222.31
9721,M24580,2,298.9,309.9,1357,54.5,121,0,0,0,0,0,0,11.0,304.4,73956.5,0.22,1124.78
9722,L56901,1,298.8,309.8,1490,40.6,124,0,0,0,0,0,0,11.0,304.3,60494.0,0.29,974.56
9723,H39136,0,298.8,309.8,1911,21.6,126,0,0,0,0,0,0,11.0,304.3,41277.600000000006,0.02,826.29
9724,L56903,1,298.8,309.8,1599,33.6,131,0,0,0,0,0,0,11.0,304.3,53726.4,0.06,669.72
9725,M24584,2,298.8,309.7,2098,19.0,133,0,0,0,0,0,0,10.899999999999977,304.25,39862.0,0.01,484.73
9726,M24585,2,298.7,309.7,1629,27.9,136,0,0,0,0,0,0,11.0,304.2,45449.1,0.26,1059.37
9727,L56906,1,298.8,309.8,1557,37.2,139,0,0,0,0,0,0,11.0,304.3,57920.4,0.21,767.1
9728,L56907,1,298.8,309.8,1461,39.4,141,0,0,0,0,0,0,11.0,304.3,57563.4,0.05,951.53
9729,L56908,1,298.8,309.8,1563,33.7,143,0,0,0,0,0,0,11.0,304.3,52673.100000000006,0.29,1162.18
9730,L56909,1,298.7,309.8,1695,29.0,145,0,0,0,0,0,0,11.100000000000023,304.25,49155.0,0.29,1050.28
9731,L56910,1,298.8,310.0,1528,36.7,147,0,0,0,0,0,0,11.199999999999989,304.4,56077.600000000006,0.07,831.89
9732,L56911,1,298.8,310.0,1389,49.6,149,0,0,0,0,0,0,11.199999999999989,304.4,68894.40000000001,0.19,1083.39
9733,L56912,1,298.9,310.0,2231,17.4,151,0,0,0,0,0,0,11.100000000000023,304.45,38819.399999999994,0.2,996.18
9734,M24593,2,298.9,310.1,1442,42.9,153,0,0,0,0,0,0,11.200000000000045,304.5,61861.799999999996,0.0,704.33
9735,H39148,0,298.9,310.1,1458,44.3,156,0,0,0,0,0,0,11.200000000000045,304.5,64589.399999999994,0.21,762.82
9736,L56915,1,299.0,310.1,1444,47.7,161,0,0,0,0,0,0,11.100000000000023,304.55,68878.8,0.07,1018.83
9737,M24596,2,298.9,310.0,1348,58.2,163,0,0,0,0,0,0,11.100000000000023,304.45,78453.6,0.27,1139.97
9738,L56917,1,298.9,310.0,1791,27.6,166,0,0,0,0,0,0,11.100000000000023,304.45,49431.600000000006,0.25,1493.35
9739,L56918,1,299.0,310.0,1509,38.0,168,0,0,0,0,0,0,11.0,304.5,57342.0,0.27,1095.61
9740,L56919,1,298.9,310.0,1515,42.9,170,0,0,0,0,0,0,11.100000000000023,304.45,64993.5,0.23,1125.31
9741,M24600,2,298.9,310.1,1655,31.5,172,0,0,0,0,0,0,11.200000000000045,304.5,52132.5,0.05,958.83
9742,L56921,1,298.9,310.1,1495,42.9,175,0,0,0,0,0,0,11.200000000000045,304.5,64135.5,0.11,1082.61
9743,L56922,1,298.9,310.2,1623,37.2,177,0,0,0,0,0,0,11.300000000000011,304.54999999999995,60375.600000000006,0.21,949.97
9744,L56923,1,298.9,310.2,1562,42.5,179,0,0,0,0,0,0,11.300000000000011,304.54999999999995,66385.0,0.1,983.42
9745,L56924,1,298.8,310.1,1574,36.2,181,0,0,0,0,0,0,11.300000000000011,304.45000000000005,56978.8,0.21,1239.15
9746,L56925,1,298.8,310.0,1611,32.4,183,0,0,0,0,0,0,11.199999999999989,304.4,52196.399999999994,0.1,965.09
9747,L56926,1,298.8,310.0,1403,45.6,185,0,0,0,0,0,0,11.199999999999989,304.4,63976.8,0.05,1093.53
9748,L56927,1,298.8,310.1,1481,47.4,187,0,0,0,0,0,0,11.300000000000011,304.45000000000005,70199.4,0.16,1109.51
9749,M24608,2,298.9,310.1,1441,41.2,189,0,0,0,0,0,0,11.200000000000045,304.5,59369.200000000004,0.21,1215.28
9750,H39163,0,298.8,310.1,1483,45.4,192,0,0,0,0,0,0,11.300000000000011,304.45000000000005,67328.2,0.16,1292.67
9751,L56930,1,298.7,310.0,1555,32.6,197,0,0,0,0,0,0,11.300000000000011,304.35,50693.0,0.19,1140.9
9752,L56931,1,298.6,309.9,1615,28.8,199,0,0,0,0,0,0,11.299999999999955,304.25,46512.0,0.13,907.22
9753,L56932,1,298.6,309.8,1561,32.6,201,0,0,0,0,0,0,11.199999999999989,304.20000000000005,50888.600000000006,0.23,1195.05
9754,L56933,1,298.5,309.8,1593,35.1,203,0,0,0,0,0,0,11.300000000000011,304.15,55914.3,0.19,1081.17
9755,M24614,2,298.5,309.7,1552,34.0,205,0,0,0,0,0,0,11.199999999999989,304.1,52768.0,0.17,876.14
9756,H39169,0,298.5,309.7,1561,35.3,208,0,0,0,0,0,0,11.199999999999989,304.1,55103.299999999996,0.13,1154.0
9757,L56936,1,298.6,309.8,1597,35.9,213,0,0,0,0,0,0,11.199999999999989,304.20000000000005,57332.299999999996,0.16,1254.85
9758,M24617,2,298.6,309.9,1517,34.0,215,0,0,0,0,0,0,11.299999999999955,304.25,51578.0,0.02,1248.11
9759,L56938,1,298.6,309.8,2271,16.2,218,1,1,0,0,0,0,11.199999999999989,304.20000000000005,36790.2,3.62,4539.1
9760,L56939,1,298.5,309.7,1613,36.7,0,0,0,0,0,0,0,11.199999999999989,304.1,59197.100000000006,0.06,73.28
9761,M24620,2,298.5,309.6,1509,47.3,2,0,0,0,0,0,0,11.100000000000023,304.05,71375.7,0.26,439.21
9762,L56941,1,298.6,309.7,1703,26.1,5,0,0,0,0,0,0,11.099999999999966,304.15,44448.3,0.24,178.8
9763,L56942,1,298.6,309.7,1925,22.1,7,0,0,0,0,0,0,11.099999999999966,304.15,42542.5,0.16,275.43
9764,M24623,2,298.6,309.6,1635,29.7,9,0,0,0,0,0,0,11.0,304.1,48559.5,0.25,534.66
9765,L56944,1,298.5,309.5,1294,66.7,12,1,0,0,1,0,0,11.0,304.0,86309.8,6.74,6520.64
9766,L56945,1,298.6,309.6,1472,39.1,14,0,0,0,0,0,0,11.0,304.1,57555.200000000004,0.04,150.9
9767,H39180,0,298.6,309.6,1449,42.5,16,0,0,0,0,0,0,11.0,304.1,61582.5,0.22,474.43
9768,L56947,1,298.6,309.6,1563,35.0,21,0,0,0,0,0,0,11.0,304.1,54705.0,0.3,352.39
9769,L56948,1,298.6,309.6,1611,35.7,23,0,0,0,0,0,0,11.0,304.1,57512.700000000004,0.01,333.01
9770,L56949,1,298.6,309.6,1386,48.6,25,0,0,0,0,0,0,11.0,304.1,67359.6,0.07,290.13
9771,H39184,0,298.6,309.5,1584,31.8,27,0,0,0,0,0,0,10.899999999999977,304.05,50371.200000000004,0.18,580.4
9772,M24631,2,298.7,309.6,1424,50.4,32,0,0,0,0,0,0,10.900000000000034,304.15,71769.59999999999,0.12,367.37
9773,L56952,1,298.5,309.5,1561,34.8,35,0,0,0,0,0,0,11.0,304.0,54322.799999999996,0.19,642.88
9774,L56953,1,298.5,309.4,1560,37.9,37,0,0,0,0,0,0,10.899999999999977,303.95,59124.0,0.18,410.0
9775,H39188,0,298.6,309.5,1375,41.0,39,0,0,0,0,0,0,10.899999999999977,304.05,56375.0,0.24,229.83
9776,M24635,2,298.6,309.5,1684,27.8,44,0,0,0,0,0,0,10.899999999999977,304.05,46815.200000000004,0.02,145.35
9777,M24636,2,298.6,309.6,1397,54.1,47,0,0,0,0,0,0,11.0,304.1,75577.7,0.13,517.75
9778,L56957,1,298.6,309.6,1387,57.6,50,0,0,0,0,0,0,11.0,304.1,79891.2,0.26,659.8
9779,H39192,0,298.7,309.7,1311,54.5,52,0,0,0,0,0,0,11.0,304.2,71449.5,0.11,323.41
9780,L56959,1,298.8,309.8,1509,36.2,57,0,0,0,0,0,0,11.0,304.3,54625.8,0.15,705.65
9781,M24640,2,298.8,309.8,1477,46.7,59,0,0,0,0,0,0,11.0,304.3,68975.90000000001,0.01,251.9
9782,L56961,1,298.8,309.9,1441,41.6,62,0,0,0,0,0,0,11.099999999999966,304.35,59945.6,0.07,449.3
9783,L56962,1,298.7,309.9,1404,47.1,64,0,0,0,0,0,0,11.199999999999989,304.29999999999995,66128.40000000001,0.14,525.14
9784,H39197,0,298.8,309.9,1466,44.6,66,0,0,0,0,0,0,11.099999999999966,304.35,65383.6,0.12,250.43
9785,M24644,2,298.7,309.8,1435,48.8,71,0,0,0,0,0,0,11.100000000000023,304.25,70028.0,0.21,548.43
9786,H39199,0,298.7,309.7,1697,29.8,74,0,0,0,0,0,0,11.0,304.2,50570.6,0.18,907.05
9787,M24646,2,298.7,309.6,1738,27.3,79,0,0,0,0,0,0,10.900000000000034,304.15,47447.4,0.26,516.66
9788,H39201,0,298.6,309.5,1420,50.4,82,0,0,0,0,0,0,10.899999999999977,304.05,71568.0,0.26,763.77
9789,M24648,2,298.5,309.5,1535,39.8,87,0,0,0,0,0,0,11.0,304.0,61092.99999999999,0.07,331.84
9790,L56969,1,298.6,309.6,1715,28.4,90,0,0,0,0,0,0,11.0,304.1,48706.0,0.01,320.1
9791,L56970,1,298.6,309.5,1483,43.2,92,0,0,0,0,0,0,10.899999999999977,304.05,64065.600000000006,0.26,507.86
9792,M24651,2,298.5,309.4,1521,37.5,94,0,0,0,0,0,0,10.899999999999977,303.95,57037.5,0.1,711.16
9793,H39206,0,298.5,309.4,1573,36.0,97,0,0,0,0,0,0,10.899999999999977,303.95,56628.0,0.1,454.29
9794,H39207,0,298.5,309.4,1414,46.7,102,0,0,0,0,0,0,10.899999999999977,303.95,66033.8,0.05,750.12
9795,L56974,1,298.5,309.3,1590,33.9,107,0,0,0,0,0,0,10.800000000000011,303.9,53901.0,0.21,665.3
9796,L56975,1,298.5,309.3,1623,33.1,109,0,0,0,0,0,0,10.800000000000011,303.9,53721.3,0.08,644.2
9797,H39210,0,298.4,309.3,1694,30.9,111,0,0,0,0,0,0,10.900000000000034,303.85,52344.6,0.05,666.71
9798,M24657,2,298.4,309.2,1597,33.5,116,0,0,0,0,0,0,10.800000000000011,303.79999999999995,53499.5,0.15,487.47
9799,L56978,1,298.5,309.3,1471,44.7,119,0,0,0,0,0,0,10.800000000000011,303.9,65753.7,0.23,855.55
9800,M24659,2,298.5,309.3,1551,34.7,121,0,0,0,0,0,0,10.800000000000011,303.9,53819.700000000004,0.08,737.48
9801,H39214,0,298.5,309.3,1421,50.3,124,0,0,0,0,0,0,10.800000000000011,303.9,71476.3,0.22,1011.0
9802,M24661,2,298.4,309.3,1496,45.6,129,0,0,0,0,0,0,10.900000000000034,303.85,68217.6,0.14,641.07
9803,H39216,0,298.4,309.3,1984,19.2,132,0,0,0,0,0,0,10.900000000000034,303.85,38092.799999999996,0.12,657.45
9804,L56983,1,298.4,309.2,1692,29.8,137,0,0,0,0,0,0,10.800000000000011,303.79999999999995,50421.6,0.11,893.93
9805,L56984,1,298.4,309.1,1467,42.5,139,0,0,0,0,0,0,10.700000000000045,303.75,62347.5,0.04,946.86
9806,L56985,1,298.4,309.2,1651,28.5,141,0,0,0,0,0,0,10.800000000000011,303.79999999999995,47053.5,0.1,716.12
9807,L56986,1,298.3,309.1,1417,60.5,143,0,0,0,0,0,0,10.800000000000011,303.70000000000005,85728.5,0.26,789.72
9808,L56987,1,298.2,309.0,1413,55.0,145,0,0,0,0,0,0,10.800000000000011,303.6,77715.0,0.03,707.49
9809,M24668,2,298.2,309.0,1441,44.2,147,0,0,0,0,0,0,10.800000000000011,303.6,63692.200000000004,0.29,873.0
9810,M24669,2,298.2,309.0,1353,50.3,150,0,0,0,0,0,0,10.800000000000011,303.6,68055.9,0.03,839.67
9811,L56990,1,298.1,309.0,1502,40.9,153,0,0,0,0,0,0,10.899999999999977,303.55,61431.799999999996,0.11,713.02
9812,L56991,1,298.2,309.0,1610,31.7,155,0,0,0,0,0,0,10.800000000000011,303.6,51037.0,0.18,1100.94
9813,M24672,2,298.2,309.1,1411,45.8,157,0,0,0,0,0,0,10.900000000000034,303.65,64623.799999999996,0.25,1066.89
9814,L56993,1,298.3,309.1,1387,52.3,160,0,0,0,0,0,0,10.800000000000011,303.70000000000005,72540.09999999999,0.04,990.61
9815,H39228,0,298.3,309.1,1430,40.9,162,0,0,0,0,0,0,10.800000000000011,303.70000000000005,58487.0,0.04,486.5
9816,M24675,2,298.4,309.1,1576,38.8,167,0,0,0,0,0,0,10.700000000000045,303.75,61148.799999999996,0.19,761.28
9817,M24676,2,298.5,309.2,1721,29.4,170,0,0,0,0,0,0,10.699999999999989,303.85,50597.399999999994,0.09,1133.9
9818,M24677,2,298.5,309.3,1465,42.4,173,0,0,0,0,0,0,10.800000000000011,303.9,62116.0,0.19,947.07
9819,M24678,2,298.6,309.4,1407,45.1,176,0,0,0,0,0,0,10.799999999999955,304.0,63455.700000000004,0.25,910.04
9820,M24679,2,298.6,309.4,1464,36.9,179,0,0,0,0,0,0,10.799999999999955,304.0,54021.6,0.02,884.6
9821,M24680,2,298.6,309.5,1568,36.7,182,0,0,0,0,0,0,10.899999999999977,304.05,57545.600000000006,0.25,1196.35
9822,L57001,1,298.6,309.4,1667,35.6,185,0,0,0,0,0,0,10.799999999999955,304.0,59345.200000000004,0.01,911.3
9823,L57002,1,298.5,309.4,1360,60.9,187,1,0,0,0,1,0,10.899999999999977,303.95,82824.0,7.32,8325.2
9824,M24683,2,298.5,309.3,1488,43.7,189,0,0,0,0,0,0,10.800000000000011,303.9,65025.600000000006,0.29,1284.88
9825,L57004,1,298.4,309.3,1504,39.3,192,0,0,0,0,0,0,10.900000000000034,303.85,59107.2,0.2,1202.02
9826,L57005,1,298.4,309.2,1610,32.4,194,0,0,0,0,0,0,10.800000000000011,303.79999999999995,52164.0,0.3,1472.26
9827,L57006,1,298.4,309.2,1345,52.7,196,0,0,0,0,0,0,10.800000000000011,303.79999999999995,70881.5,0.25,1227.87
9828,M24687,2,298.3,309.3,1376,57.0,198,0,0,0,0,0,0,11.0,303.8,78432.0,0.01,993.46
9829,L57008,1,298.4,309.4,1385,50.0,201,0,0,0,0,0,0,11.0,303.9,69250.0,0.0,1125.42
9830,M24689,2,298.4,309.4,1429,41.8,203,0,0,0,0,0,0,11.0,303.9,59732.2,0.01,1107.9
9831,L57010,1,298.3,309.3,1337,56.1,206,1,0,0,0,1,0,11.0,303.8,75005.7,7.72,8614.57
9832,L57011,1,298.4,309.3,1542,35.4,208,0,0,0,0,0,0,10.900000000000034,303.85,54586.799999999996,0.19,1216.18
9833,L57012,1,298.4,309.2,2118,17.7,210,0,0,0,0,0,0,10.800000000000011,303.79999999999995,37488.6,0.14,1255.73
9834,L57013,1,298.3,309.1,1386,45.3,212,0,0,0,0,0,0,10.800000000000011,303.70000000000005,62785.799999999996,0.2,1171.98
9835,M24694,2,298.3,309.1,1632,32.7,0,0,0,0,0,0,0,10.800000000000011,303.70000000000005,53366.4,0.13,49.12
9836,L57015,1,298.4,309.3,1545,36.9,3,0,0,0,0,0,0,10.900000000000034,303.85,57010.5,0.01,0.0
9837,M24696,2,298.4,309.3,1390,53.6,5,0,0,0,0,0,0,10.900000000000034,303.85,74504.0,0.07,0.0
9838,M24697,2,298.4,309.3,1355,50.6,8,0,0,0,0,0,0,10.900000000000034,303.85,68563.0,0.3,283.89
9839,L57018,1,298.4,309.2,1425,45.5,11,0,0,0,0,0,0,10.800000000000011,303.79999999999995,64837.5,0.1,174.09
9840,M24699,2,298.4,309.2,1491,51.2,13,0,0,0,0,0,0,10.800000000000011,303.79999999999995,76339.2,0.1,0.69
9841,H39254,0,298.3,309.2,1486,42.4,16,0,0,0,0,0,0,10.899999999999977,303.75,63006.4,0.05,336.68
9842,M24701,2,298.3,309.2,1359,51.4,21,0,0,0,0,0,0,10.899999999999977,303.75,69852.59999999999,0.3,247.99
9843,L57022,1,298.4,309.3,1395,47.6,24,0,0,0,0,0,0,10.900000000000034,303.85,66402.0,0.07,326.88
9844,L57023,1,298.3,309.2,1383,52.1,26,0,0,0,0,0,0,10.899999999999977,303.75,72054.3,0.19,382.8
9845,H39258,0,298.3,309.1,1484,37.0,28,0,0,0,0,0,0,10.800000000000011,303.70000000000005,54908.0,0.01,476.45
9846,L57025,1,298.3,309.1,1421,47.4,33,0,0,0,0,0,0,10.800000000000011,303.70000000000005,67355.4,0.02,265.98
9847,L57026,1,298.3,309.0,1339,58.8,35,0,0,0,0,0,0,10.699999999999989,303.65,78733.2,0.22,178.06
9848,L57027,1,298.4,309.1,1362,46.1,37,0,0,0,0,0,0,10.700000000000045,303.75,62788.200000000004,0.19,533.15
9849,H39262,0,298.5,309.2,1568,40.6,39,0,0,0,0,0,0,10.699999999999989,303.85,63660.8,0.2,649.64
9850,L57029,1,298.6,309.4,2312,15.5,44,0,0,0,0,0,0,10.799999999999955,304.0,35836.0,0.07,24.17
9851,M24710,2,298.5,309.3,1498,34.6,46,0,0,0,0,0,0,10.800000000000011,303.9,51830.8,0.3,625.87
9852,M24711,2,298.5,309.3,1761,27.2,49,0,0,0,0,0,0,10.800000000000011,303.9,47899.2,0.17,544.05
9853,L57032,1,298.6,309.4,1316,51.4,52,0,0,0,0,0,0,10.799999999999955,304.0,67642.4,0.29,518.08
9854,L57033,1,298.6,309.4,1525,37.8,54,0,0,0,0,0,0,10.799999999999955,304.0,57644.99999999999,0.05,0.0
9855,H39268,0,298.6,309.4,1362,45.3,56,0,0,0,0,0,0,10.799999999999955,304.0,61698.6,0.12,355.61
9856,L57035,1,298.7,309.6,1516,38.5,61,0,0,0,0,0,0,10.900000000000034,304.15,58366.0,0.1,317.84
9857,L57036,1,298.6,309.5,1450,44.2,63,0,0,0,0,0,0,10.899999999999977,304.05,64090.00000000001,0.23,774.47
9858,M24717,2,298.6,309.5,1366,55.0,65,0,0,0,0,0,0,10.899999999999977,304.05,75130.0,0.22,531.71
9859,L57038,1,298.5,309.5,1547,33.1,68,0,0,0,0,0,0,11.0,304.0,51205.700000000004,0.15,428.15
9860,M24719,2,298.6,309.5,1580,33.9,70,0,0,0,0,0,0,10.899999999999977,304.05,53562.0,0.0,262.02
9861,H39274,0,298.7,309.6,1755,26.9,73,0,0,0,0,0,0,10.900000000000034,304.15,47209.5,0.05,463.86
9862,M24721,2,298.7,309.6,1800,24.8,78,0,0,0,0,0,0,10.900000000000034,304.15,44640.0,0.02,418.53
9863,M24722,2,298.8,309.7,1439,45.8,81,0,0,0,0,0,0,10.899999999999977,304.25,65906.2,0.25,536.51
9864,L57043,1,298.9,309.8,1411,56.3,84,0,0,0,0,0,0,10.900000000000034,304.35,79439.3,0.09,549.6
9865,M24724,2,298.9,309.9,1645,31.4,86,0,0,0,0,0,0,11.0,304.4,51653.0,0.04,386.41
9866,M24725,2,298.9,309.8,2450,13.9,89,0,0,0,0,0,0,10.900000000000034,304.35,34055.0,0.11,166.16
9867,L57046,1,299.0,309.9,1630,34.0,92,0,0,0,0,0,0,10.899999999999977,304.45,55420.0,0.02,580.2
9868,L57047,1,299.0,309.9,1411,44.7,94,0,0,0,0,0,0,10.899999999999977,304.45,63071.700000000004,0.29,845.98
9869,L57048,1,298.9,309.9,1526,35.4,96,0,0,0,0,0,0,11.0,304.4,54020.4,0.09,599.96
9870,L57049,1,298.9,309.9,1590,31.3,98,0,0,0,0,0,0,11.0,304.4,49767.0,0.28,703.63
9871,H39284,0,299.0,309.9,1884,25.6,100,0,0,0,0,0,0,10.899999999999977,304.45,48230.4,0.2,689.19
9872,M24731,2,298.9,309.8,1947,21.7,105,0,0,0,0,0,0,10.900000000000034,304.35,42249.9,0.17,817.89
9873,L57052,1,298.9,309.9,1373,52.1,108,0,0,0,0,0,0,11.0,304.4,71533.3,0.14,585.23
9874,L57053,1,298.9,309.8,1616,36.5,110,0,0,0,0,0,0,10.900000000000034,304.35,58984.0,0.21,888.95
9875,M24734,2,298.9,309.9,1449,44.1,112,0,0,0,0,0,0,11.0,304.4,63900.9,0.21,548.77
9876,M24735,2,298.9,309.8,1363,50.6,115,0,0,0,0,0,0,10.900000000000034,304.35,68967.8,0.0,600.22
9877,H39290,0,298.8,309.7,1461,55.1,118,0,0,0,0,0,0,10.899999999999977,304.25,80501.1,0.27,863.86
9878,L57057,1,298.8,309.7,1374,58.6,123,0,0,0,0,0,0,10.899999999999977,304.25,80516.40000000001,0.11,875.4
9879,L57058,1,298.7,309.7,1293,59.1,125,0,0,0,0,0,0,11.0,304.2,76416.3,0.11,597.16
9880,M24739,2,298.8,309.8,1490,38.6,127,0,0,0,0,0,0,11.0,304.3,57514.0,0.12,633.53
9881,L57060,1,298.8,309.8,1753,27.5,130,0,0,0,0,0,0,11.0,304.3,48207.5,0.21,650.83
9882,L57061,1,298.8,309.8,1493,38.5,132,0,0,0,0,0,0,11.0,304.3,57480.5,0.11,684.99
9883,L57062,1,298.8,309.8,1895,22.0,134,0,0,0,0,0,0,11.0,304.3,41690.0,0.11,818.31
9884,H39297,0,298.7,309.6,1654,34.3,136,0,0,0,0,0,0,10.900000000000034,304.15,56732.2,0.02,430.32
9885,L57064,1,298.7,309.5,1673,30.8,141,0,0,0,0,0,0,10.800000000000011,304.1,51528.4,0.12,758.56
9886,L57065,1,298.8,309.6,1613,27.7,143,0,0,0,0,0,0,10.800000000000011,304.20000000000005,44680.1,0.04,846.62
9887,L57066,1,298.8,309.6,1903,22.3,145,0,0,0,0,0,0,10.800000000000011,304.20000000000005,42436.9,0.26,969.57
9888,L57067,1,298.8,309.5,1368,44.7,147,0,0,0,0,0,0,10.699999999999989,304.15,61149.600000000006,0.1,846.28
9889,M24748,2,298.8,309.6,1575,34.4,149,0,0,0,0,0,0,10.800000000000011,304.20000000000005,54180.0,0.29,809.09
9890,H39303,0,298.8,309.6,1516,40.2,152,0,0,0,0,0,0,10.800000000000011,304.20000000000005,60943.200000000004,0.21,954.99
9891,L57070,1,298.8,309.5,1645,32.8,157,0,0,0,0,0,0,10.699999999999989,304.15,53955.99999999999,0.23,1019.3
9892,L57071,1,298.8,309.5,1374,48.1,159,0,0,0,0,0,0,10.699999999999989,304.15,66089.40000000001,0.28,1050.44
9893,H39306,0,298.9,309.7,1407,48.6,161,0,0,0,0,0,0,10.800000000000011,304.29999999999995,68380.2,0.07,897.92
9894,M24753,2,298.9,309.6,1284,55.3,166,0,0,0,0,0,0,10.700000000000045,304.25,71005.2,0.17,953.63
9895,L57074,1,298.9,309.5,1645,31.1,169,0,0,0,0,0,0,10.600000000000023,304.2,51159.5,0.01,786.59
9896,L57075,1,298.8,309.4,1387,54.1,171,0,0,0,0,0,0,10.599999999999966,304.1,75036.7,0.03,729.03
9897,M24756,2,298.8,309.3,1618,35.1,173,0,0,0,0,0,0,10.5,304.05,56791.8,0.11,1121.17
9898,L57077,1,298.8,309.3,1357,47.1,176,0,0,0,0,0,0,10.5,304.05,63914.700000000004,0.2,896.0
9899,L57078,1,298.7,309.2,1396,44.8,178,0,0,0,0,0,0,10.5,303.95,62540.799999999996,0.25,1163.69
9900,L57079,1,298.7,309.2,1586,31.4,180,0,0,0,0,0,0,10.5,303.95,49800.399999999994,0.08,1251.98
9901,H39314,0,298.7,309.2,1449,42.3,182,0,0,0,0,0,0,10.5,303.95,61292.7,0.22,1295.22
9902,M24761,2,298.7,309.2,1423,48.9,187,0,0,0,0,0,0,10.5,303.95,69584.7,0.07,1081.4
9903,H39316,0,298.7,309.3,1402,45.3,190,0,0,0,0,0,0,10.600000000000023,304.0,63510.6,0.0,987.46
9904,M24763,2,298.7,309.2,1437,45.7,195,0,0,0,0,0,0,10.5,303.95,65670.90000000001,0.02,975.83
9905,L57084,1,298.6,309.1,1537,35.7,198,0,0,0,0,0,0,10.5,303.85,54870.9,0.18,1034.8
9906,M24765,2,298.7,309.1,1423,49.5,200,0,0,0,0,0,0,10.400000000000034,303.9,70438.5,0.15,1111.93
9907,M24766,2,298.6,309.1,1587,37.3,203,0,0,0,0,0,0,10.5,303.85,59195.1,0.08,1181.23
9908,M24767,2,298.6,309.1,1487,43.2,206,0,0,0,0,0,0,10.5,303.85,64238.4,0.0,1088.46
9909,L57088,1,298.6,309.0,1456,47.7,0,0,0,0,0,0,0,10.399999999999977,303.8,69451.2,0.17,288.31
9910,L57089,1,298.7,309.1,1607,32.7,2,0,0,0,0,0,0,10.400000000000034,303.9,52548.9,0.25,442.95
9911,L57090,1,298.6,309.0,1469,46.0,4,0,0,0,0,0,0,10.399999999999977,303.8,67574.0,0.02,16.23
9912,M24771,2,298.6,309.0,1481,40.8,6,0,0,0,0,0,0,10.399999999999977,303.8,60424.799999999996,0.22,278.78
9913,L57092,1,298.6,308.9,1327,58.8,9,0,0,0,0,0,0,10.299999999999955,303.75,78027.59999999999,0.19,0.0
9914,L57093,1,298.5,308.8,1589,30.6,11,0,0,0,0,0,0,10.300000000000011,303.65,48623.4,0.14,533.43
9915,L57094,1,298.5,308.8,1670,29.6,13,0,0,0,0,0,0,10.300000000000011,303.65,49432.0,0.01,12.92
9916,M24775,2,298.5,308.7,1662,28.3,15,0,0,0,0,0,0,10.199999999999989,303.6,47034.6,0.28,452.75
9917,M24776,2,298.5,308.8,1553,34.9,18,0,0,0,0,0,0,10.300000000000011,303.65,54199.7,0.14,167.82
9918,M24777,2,298.5,308.8,1557,36.0,21,0,0,0,0,0,0,10.300000000000011,303.65,56052.0,0.12,159.34
9919,L57098,1,298.4,308.8,1352,56.7,24,0,0,0,0,0,0,10.400000000000034,303.6,76658.40000000001,0.26,344.45
9920,L57099,1,298.5,308.8,1305,58.7,26,0,0,0,0,0,0,10.300000000000011,303.65,76603.5,0.25,193.23
9921,H39334,0,298.5,308.7,1450,43.9,28,0,0,0,0,0,0,10.199999999999989,303.6,63655.0,0.22,0.0
9922,M24781,2,298.5,308.7,1347,48.5,33,0,0,0,0,0,0,10.199999999999989,303.6,65329.5,0.25,588.95
9923,H39336,0,298.6,308.8,1566,39.1,36,0,0,0,0,0,0,10.199999999999989,303.70000000000005,61230.600000000006,0.04,301.86
9924,M24783,2,298.5,308.7,1615,33.3,41,0,0,0,0,0,0,10.199999999999989,303.6,53779.49999999999,0.23,297.62
9925,M24784,2,298.5,308.6,1384,54.4,44,0,0,0,0,0,0,10.100000000000023,303.55,75289.59999999999,0.1,387.79
9926,M24785,2,298.5,308.7,1367,47.3,47,0,0,0,0,0,0,10.199999999999989,303.6,64659.1,0.26,618.59
9927,M24786,2,298.5,308.6,1897,20.2,50,0,0,0,0,0,0,10.100000000000023,303.55,38319.4,0.11,256.05
9928,L57107,1,298.5,308.6,1522,36.9,53,0,0,0,0,0,0,10.100000000000023,303.55,56161.799999999996,0.02,346.78
9929,M24788,2,298.4,308.5,1576,27.4,55,0,0,0,0,0,0,10.100000000000023,303.45,43182.399999999994,0.12,546.02
9930,H39343,0,298.4,308.4,1479,39.2,58,0,0,0,0,0,0,10.0,303.4,57976.8,0.23,304.25
9931,L57110,1,298.3,308.3,1452,45.5,63,0,0,0,0,0,0,10.0,303.3,66066.0,0.15,545.01
9932,L57111,1,298.3,308.3,1432,46.9,65,0,0,0,0,0,0,10.0,303.3,67160.8,0.23,609.66
9933,L57112,1,298.3,308.2,1663,28.4,67,0,0,0,0,0,0,9.899999999999977,303.25,47229.2,0.01,627.07
9934,L57113,1,298.3,308.3,1597,32.4,69,0,0,0,0,0,0,10.0,303.3,51742.799999999996,0.05,478.56
9935,L57114,1,298.3,308.2,1472,44.3,71,0,0,0,0,0,0,9.899999999999977,303.25,65209.6,0.17,463.37
9936,L57115,1,298.4,308.3,1452,48.5,73,0,0,0,0,0,0,9.900000000000034,303.35,70422.0,0.12,440.72
9937,H39350,0,298.3,308.2,1534,33.2,75,0,0,0,0,0,0,9.899999999999977,303.25,50928.8,0.2,878.51
9938,L57117,1,298.3,308.1,1505,46.1,80,0,0,0,0,0,0,9.800000000000011,303.20000000000005,69380.5,0.29,636.77
9939,L57118,1,298.3,308.1,1528,33.9,82,0,0,0,0,0,0,9.800000000000011,303.20000000000005,51799.2,0.2,697.92
9940,H39353,0,298.3,308.1,2636,12.8,84,0,0,0,0,0,0,9.800000000000011,303.20000000000005,33740.8,0.13,514.24
9941,M24800,2,298.3,308.1,1722,28.6,89,0,0,0,0,0,0,9.800000000000011,303.20000000000005,49249.200000000004,0.16,767.19
9942,L57121,1,298.4,308.1,1395,44.0,92,0,0,0,0,0,0,9.700000000000045,303.25,61380.0,0.27,899.6
9943,L57122,1,298.4,308.1,1375,50.8,94,0,0,0,0,0,0,9.700000000000045,303.25,69850.0,0.2,666.6
9944,M24803,2,298.3,308.0,1766,26.0,96,0,0,0,0,0,0,9.699999999999989,303.15,45916.0,0.24,658.99
9945,L57124,1,298.3,307.9,1399,47.8,99,0,0,0,0,0,0,9.599999999999966,303.1,66872.2,0.09,520.41
9946,L57125,1,298.3,308.0,1578,37.8,101,0,0,0,0,0,0,9.699999999999989,303.15,59648.399999999994,0.22,465.91
9947,L57126,1,298.3,307.9,1502,42.0,103,0,0,0,0,0,0,9.599999999999966,303.1,63084.0,0.04,570.08
9948,M24807,2,298.2,307.9,1529,36.6,105,0,0,0,0,0,0,9.699999999999989,303.04999999999995,55961.4,0.22,757.06
9949,L57128,1,298.2,307.8,1804,25.1,108,0,0,0,0,0,0,9.600000000000023,303.0,45280.4,0.26,677.58
9950,M24809,2,298.2,307.8,1411,53.4,110,0,0,0,0,0,0,9.600000000000023,303.0,75347.4,0.27,544.78
9951,L57130,1,298.1,307.8,1413,54.1,113,0,0,0,0,0,0,9.699999999999989,302.95000000000005,76443.3,0.03,625.94
9952,L57131,1,298.2,307.8,1355,59.4,115,0,0,0,0,0,0,9.600000000000023,303.0,80487.0,0.25,874.89
9953,L57132,1,298.2,307.8,1429,46.9,117,0,0,0,0,0,0,9.600000000000023,303.0,67020.09999999999,0.03,674.2
9954,L57133,1,298.1,307.8,1565,35.3,119,0,0,0,0,0,0,9.699999999999989,302.95000000000005,55244.49999999999,0.14,586.51
9955,M24814,2,298.1,307.9,1446,42.8,121,0,0,0,0,0,0,9.799999999999955,303.0,61888.799999999996,0.2,864.52
9956,M24815,2,298.2,307.9,1462,38.8,124,0,0,0,0,0,0,9.699999999999989,303.04999999999995,56725.6,0.15,743.21
9957,M24816,2,298.2,307.8,1578,34.5,127,0,0,0,0,0,0,9.600000000000023,303.0,54441.0,0.1,864.67
9958,L57137,1,298.1,307.8,1606,33.0,130,0,0,0,0,0,0,9.699999999999989,302.95000000000005,52998.0,0.21,713.78
9959,M24818,2,298.1,307.8,1525,35.9,132,0,0,0,0,0,0,9.699999999999989,302.95000000000005,54747.5,0.2,1032.53
9960,L57139,1,298.1,307.8,1379,49.1,135,0,0,0,0,0,0,9.699999999999989,302.95000000000005,67708.90000000001,0.17,1071.5
9961,L57140,1,298.2,307.8,1575,35.0,137,0,0,0,0,0,0,9.600000000000023,303.0,55125.0,0.16,862.41
9962,L57141,1,298.2,307.9,1399,54.9,139,0,0,0,0,0,0,9.699999999999989,303.04999999999995,76805.09999999999,0.21,965.55
9963,L57142,1,298.2,307.9,1429,49.4,141,0,0,0,0,0,0,9.699999999999989,303.04999999999995,70592.59999999999,0.12,942.58
9964,L57143,1,298.3,307.9,1435,39.9,143,0,0,0,0,0,0,9.599999999999966,303.1,57256.5,0.02,581.14
9965,L57144,1,298.3,307.9,1766,26.5,145,0,0,0,0,0,0,9.599999999999966,303.1,46799.0,0.16,812.06
9966,L57145,1,298.3,307.9,1703,28.9,147,0,0,0,0,0,0,9.599999999999966,303.1,49216.7,0.22,982.63
9967,L57146,1,298.3,307.9,1507,41.2,149,0,0,0,0,0,0,9.599999999999966,303.1,62088.4,0.09,1139.03
9968,M24827,2,298.3,307.9,1609,32.4,151,0,0,0,0,0,0,9.599999999999966,303.1,52131.6,0.04,615.58
9969,L57148,1,298.4,308.0,1605,32.4,154,0,0,0,0,0,0,9.600000000000023,303.2,52002.0,0.27,1285.66
9970,L57149,1,298.4,308.1,1491,50.0,156,0,0,0,0,0,0,9.700000000000045,303.25,74550.0,0.26,1011.02
9971,H39384,0,298.4,308.1,1891,24.7,158,0,0,0,0,0,0,9.700000000000045,303.25,46707.7,0.19,974.83
9972,H39385,0,298.5,308.2,1563,44.6,163,0,0,0,0,0,0,9.699999999999989,303.35,69709.8,0.24,1237.71
9973,L57152,1,298.6,308.2,1390,51.4,168,0,0,0,0,0,0,9.599999999999966,303.4,71446.0,0.29,1433.22
9974,L57153,1,298.5,308.2,1444,40.5,170,0,0,0,0,0,0,9.699999999999989,303.35,58482.0,0.17,1083.43
9975,L57154,1,298.6,308.2,1361,68.2,172,1,0,0,1,1,0,9.599999999999966,303.4,92820.2,5.88,6914.71
9976,M24835,2,298.6,308.3,1589,34.1,174,0,0,0,0,0,0,9.699999999999989,303.45000000000005,54184.9,0.19,921.95
9977,L57156,1,298.6,308.2,1705,26.3,177,0,0,0,0,0,0,9.599999999999966,303.4,44841.5,0.27,1075.58
9978,L57157,1,298.6,308.3,1422,40.4,179,0,0,0,0,0,0,9.699999999999989,303.45000000000005,57448.799999999996,0.21,902.13
9979,H39392,0,298.6,308.3,1377,52.1,181,0,0,0,0,0,0,9.699999999999989,303.45000000000005,71741.7,0.01,837.66
9980,L57159,1,298.5,308.3,1334,49.8,186,0,0,0,0,0,0,9.800000000000011,303.4,66433.2,0.28,1294.79
9981,L57160,1,298.6,308.4,1559,36.6,188,0,0,0,0,0,0,9.799999999999955,303.5,57059.4,0.23,1201.82
9982,L57161,1,298.7,308.5,1353,47.0,190,0,0,0,0,0,0,9.800000000000011,303.6,63591.0,0.12,1329.07
9983,M24842,2,298.7,308.4,1507,45.7,192,0,0,0,0,0,0,9.699999999999989,303.54999999999995,68869.90000000001,0.3,1568.21
9984,L57163,1,298.7,308.4,1694,28.7,195,0,0,0,0,0,0,9.699999999999989,303.54999999999995,48617.799999999996,0.22,1174.52
9985,H39398,0,298.7,308.4,1432,42.8,197,0,0,0,0,0,0,9.699999999999989,303.54999999999995,61289.6,0.25,1133.05
9986,H39399,0,298.7,308.5,1572,35.6,202,0,0,0,0,0,0,9.800000000000011,303.6,55963.200000000004,0.28,1464.01
9987,M24846,2,298.8,308.6,1507,42.3,207,0,0,0,0,0,0,9.800000000000011,303.70000000000005,63746.1,0.01,1234.63
9988,M24847,2,298.8,308.6,1500,37.1,210,0,0,0,0,0,0,9.800000000000011,303.70000000000005,55650.0,0.23,1346.19
9989,L57168,1,298.9,308.6,1771,24.1,213,0,0,0,0,0,0,9.700000000000045,303.75,42681.100000000006,0.12,1290.83
9990,M24849,2,298.8,308.5,1577,33.2,0,0,0,0,0,0,0,9.699999999999989,303.65,52356.4,0.26,342.37
9991,L57170,1,298.8,308.5,1527,36.2,3,0,0,0,0,0,0,9.699999999999989,303.65,55277.4,0.26,126.69
9992,M24851,2,298.9,308.4,1827,26.1,5,0,0,0,0,0,0,9.5,303.65,47684.700000000004,0.25,92.21
9993,L57172,1,298.8,308.4,1484,39.2,8,0,0,0,0,0,0,9.599999999999966,303.6,58172.8,0.23,262.36
9994,L57173,1,298.8,308.4,1401,47.3,10,0,0,0,0,0,0,9.599999999999966,303.6,66267.3,0.24,259.86
9995,L57174,1,298.8,308.3,1634,27.9,12,0,0,0,0,0,0,9.5,303.55,45588.6,0.09,191.54
9996,M24855,2,298.8,308.4,1604,29.5,14,0,0,0,0,0,0,9.599999999999966,303.6,47318.0,0.12,170.32
9997,H39410,0,298.9,308.4,1632,31.8,17,0,0,0,0,0,0,9.5,303.65,51897.6,0.03,0.0
9998,M24857,2,299.0,308.6,1645,33.4,22,0,0,0,0,0,0,9.600000000000023,303.8,54943.0,0.25,43.17
9999,H39412,0,299.0,308.7,1408,48.5,25,0,0,0,0,0,0,9.699999999999989,303.85,68288.0,0.19,425.61
10000,M24859,2,299.0,308.7,1500,40.2,30,0,0,0,0,0,0,9.699999999999989,303.85,60300.00000000001,0.18,230.58
